id,x,y,deg
001_0,s0.350000,s0.200000,s0.000000
002_0,s0.213287,s0.677271,s293.658219
002_1,s0.680035,s0.213369,s336.780007
003_0,s0.212641,s0.968021,s295.986841
003_1,s0.828217,s0.708070,s321.414045
003_2,s0.758979,s0.400565,s120.046740
004_0,s0.313959,s1.285634,s222.723961
004_1,s0.990944,s1.243592,s198.374944
004_2,s0.329353,s0.752808,s160.221803
004_3,s0.674397,s0.398680,s252.937449
005_0,s0.558770,s1.520539,s212.519094
005_1,s1.207498,s0.992982,s323.650492
005_2,s0.444006,s1.012565,s146.288800
005_3,s0.368671,s0.321422,s246.685691
005_4,s1.020725,s0.410117,s300.295649
006_0,s0.789415,s0.876227,s99.330674
006_1,s1.437721,s1.075007,s329.221674
006_2,s0.422121,s1.604726,s155.624787
006_3,s0.312368,s0.324158,s247.844803
006_4,s1.132269,s0.288060,s310.830701
006_5,s1.223942,s1.670550,s149.470035
007_0,s0.842923,s0.628061,s71.655091
007_1,s1.794490,s1.126541,s18.807883
007_2,s0.743163,s1.126299,s46.382702
007_3,s0.278677,s0.325801,s248.569282
007_4,s1.660804,s0.557577,s101.212717
007_5,s1.201008,s1.517327,s163.970845
007_6,s0.748543,s1.798952,s69.337989
008_0,s0.834072,s0.793301,s90.689123
008_1,s1.663725,s0.837347,s5.150321
008_2,s0.489908,s1.203161,s29.347281
008_3,s0.211170,s0.390378,s240.792562
008_4,s1.538798,s0.484150,s110.433715
008_5,s1.028079,s1.394756,s194.494328
008_6,s0.837821,s1.732726,s71.463031
008_7,s1.318900,s1.615136,s298.560506
009_0,s0.539733,s1.102256,s27.997730
009_1,s1.578156,s0.757989,s11.502264
009_2,s0.839235,s2.179405,s63.819354
009_3,s0.212128,s0.532621,s283.825197
009_4,s1.571937,s0.322635,s112.807096
009_5,s1.001267,s1.134746,s196.285880
009_6,s1.384003,s2.307555,s139.959011
009_7,s1.367288,s1.617004,s306.087713
009_8,s1.856915,s1.310047,s295.394268
010_0,s0.444689,s1.600454,s33.032490
010_1,s1.580027,s1.069209,s21.396509
010_2,s0.802058,s2.153694,s81.598147
010_3,s0.213600,s0.734140,s249.436544
010_4,s1.206612,s0.388155,s119.025134
010_5,s0.631297,s1.218510,s241.769498
010_6,s1.336759,s2.216332,s153.547122
010_7,s1.755298,s1.935367,s309.844514
010_8,s2.081700,s1.212572,s350.364355
010_9,s2.021926,s0.761251,s149.038529
011_0,s0.590989,s1.741127,s47.623834
011_1,s1.685076,s1.428022,s359.231250
011_2,s0.886620,s2.283772,s92.233524
011_3,s0.348082,s1.103580,s22.841193
011_4,s0.563014,s0.782322,s167.932583
011_5,s0.787590,s1.189015,s206.731169
011_6,s1.594412,s2.456840,s151.141860
011_7,s2.288185,s2.254880,s50.129596
011_8,s2.200335,s1.529742,s329.447288
011_9,s1.978361,s0.874743,s178.135014
011_10,s1.127463,s0.375650,s256.373793
012_0,s1.357554,s1.149163,s32.439457
012_1,s1.576163,s1.546415,s293.520374
012_2,s0.827541,s2.897426,s158.093910
012_3,s0.208096,s1.233999,s303.591204
012_4,s0.687014,s0.960855,s127.830106
012_5,s2.037915,s0.887228,s172.010913
012_6,s2.157098,s2.650948,s153.939081
012_7,s2.547786,s2.468665,s316.674993
012_8,s2.460317,s0.929609,s235.269660
012_9,s2.372224,s0.356832,s243.510120
012_10,s1.239304,s0.502761,s320.627056
012_11,s1.514313,s2.551180,s43.316815
013_0,s1.255975,s1.088792,s18.663795
013_1,s1.555070,s1.677983,s246.961021
013_2,s0.957384,s2.680232,s149.566026
013_3,s0.246256,s0.870040,s314.715621
013_4,s0.783321,s0.644673,s142.902001
013_5,s1.937231,s1.094697,s118.550148
013_6,s1.902824,s2.633593,s156.405574
013_7,s2.330084,s2.384112,s313.491970
013_8,s1.965860,s0.376667,s327.062076
013_9,s2.611829,s0.772637,s202.108282
013_10,s1.078939,s0.348011,s276.110975
013_11,s1.222748,s1.985282,s94.902099
013_12,s2.616526,s1.571160,s353.917154
014_0,s1.107288,s1.162235,s51.772220
014_1,s1.691796,s1.713719,s270.723085
014_2,s0.951648,s2.967993,s132.314617
014_3,s0.488629,s0.845087,s26.120729
014_4,s0.922371,s0.639347,s131.151521
014_5,s2.163215,s1.150543,s117.134012
014_6,s1.959580,s2.823535,s59.488258
014_7,s2.060581,s2.221294,s264.799976
014_8,s2.169976,s0.424880,s326.260199
014_9,s2.896953,s0.760365,s198.110996
014_10,s1.429943,s0.364397,s249.910927
014_11,s1.369650,s2.069735,s53.475033
014_12,s2.825057,s1.459357,s340.467391
014_13,s0.600069,s2.050798,s131.402163
015_0,s1.258707,s1.234176,s51.772220
015_1,s1.646202,s1.609659,s270.723085
015_2,s1.032777,s2.723407,s132.314617
015_3,s0.498686,s0.783783,s26.120729
015_4,s0.966597,s0.634092,s131.151521
015_5,s2.109815,s1.126261,s117.134012
015_6,s1.928528,s2.650423,s59.488258
015_7,s2.026119,s2.109847,s264.799976
015_8,s2.141741,s0.414539,s326.260199
015_9,s2.791908,s0.760365,s198.110996
015_10,s1.436862,s0.356015,s249.910927
015_11,s1.437877,s1.866219,s53.475033
015_12,s2.691046,s1.405597,s340.467391
015_13,s0.600069,s1.982349,s131.402163
015_14,s2.279519,s2.528518,s300.000000
016_0,s1.258707,s1.234176,s51.772220
016_1,s1.646202,s1.609659,s270.723085
016_2,s0.960898,s2.695849,s125.307311
016_3,s0.498686,s0.783783,s26.120729
016_4,s0.966597,s0.634092,s131.151521
016_5,s2.109815,s1.126261,s117.134012
016_6,s1.724180,s2.597958,s63.227136
016_7,s2.026119,s2.109847,s264.799976
016_8,s2.141741,s0.414539,s326.260199
016_9,s2.791908,s0.760365,s198.110996
016_10,s1.436862,s0.356015,s249.910927
016_11,s1.437877,s1.866219,s53.475033
016_12,s2.678278,s1.407050,s340.467391
016_13,s0.600069,s1.982349,s131.402163
016_14,s2.279519,s2.528518,s300.000000
016_15,s2.825131,s2.279296,s332.976242
017_0,s1.039923,s1.289321,s76.918049
017_1,s1.571797,s1.744722,s270.723085
017_2,s0.777484,s3.063538,s105.342394
017_3,s0.563737,s0.847922,s44.802977
017_4,s1.194725,s0.736499,s147.846288
017_5,s1.784880,s1.079879,s93.125253
017_6,s1.661980,s2.988322,s37.110068
017_7,s1.891518,s2.304358,s244.484411
017_8,s2.067336,s0.549602,s350.069183
017_9,s2.717502,s0.895429,s203.214209
017_10,s1.452711,s0.339907,s256.206600
017_11,s1.302943,s2.104345,s53.475033
017_12,s2.616972,s1.534637,s341.596155
017_13,s0.513486,s2.293787,s161.045865
017_14,s2.205505,s2.807135,s308.592167
017_15,s3.104772,s2.530155,s358.743401
017_16,s2.954298,s1.269194,s242.341315
018_0,s1.000103,s1.233849,s76.918049
018_1,s1.585535,s1.698797,s270.723085
018_2,s0.989424,s2.718478,s105.342394
018_3,s0.563737,s0.820400,s44.802977
018_4,s1.165942,s0.696658,s147.846288
018_5,s1.749026,s1.046150,s93.125253
018_6,s1.672370,s2.681081,s37.110068
018_7,s1.851698,s2.248886,s244.484411
018_8,s2.017589,s0.568782,s350.069183
018_9,s2.660629,s0.857775,s203.214209
018_10,s1.430552,s0.339907,s256.206600
018_11,s1.368281,s1.995757,s53.475033
018_12,s2.562194,s1.484573,s341.596155
018_13,s0.601474,s2.192584,s161.045865
018_14,s2.152420,s2.707677,s308.592167
018_15,s2.992688,s2.431731,s358.743401
018_16,s2.886410,s1.227491,s242.341315
018_17,s3.042288,s2.057361,s240.000000
019_0,s0.979980,s1.516430,s105.084138
019_1,s1.758229,s1.829251,s240.353139
019_2,s1.161749,s2.921562,s135.273585
019_3,s0.348853,s0.339444,s20.255605
019_4,s0.781560,s0.751845,s199.981021
019_5,s1.568254,s1.174909,s103.744824
019_6,s1.603549,s2.770351,s331.939382
019_7,s1.812432,s2.373316,s244.646700
019_8,s2.122050,s0.714997,s0.659579
019_9,s2.644379,s0.983965,s192.985203
019_10,s1.571505,s0.485416,s249.877836
019_11,s1.359074,s1.881441,s60.900736
019_12,s2.573589,s1.779223,s317.938449
019_13,s0.486619,s2.145166,s142.535234
019_14,s2.271818,s2.602672,s282.759035
019_15,s3.313479,s2.646324,s18.646293
019_16,s2.870006,s1.342029,s246.075847
019_17,s3.144743,s1.909983,s207.747802
019_18,s2.235687,s3.085808,s310.882534
020_0,s0.979980,s1.502370,s105.084138
020_1,s1.758229,s1.815191,s240.353139
020_2,s1.166929,s2.898466,s135.273585
020_3,s0.402162,s0.379063,s20.255605
020_4,s0.795257,s0.751845,s199.981021
020_5,s1.568254,s1.160849,s103.744824
020_6,s1.605727,s2.745798,s331.939382
020_7,s1.812432,s2.359256,s244.646700
020_8,s2.122050,s0.700937,s0.659579
020_9,s2.623755,s0.990160,s192.985203
020_10,s1.578886,s0.512664,s249.877836
020_11,s1.359074,s1.867381,s60.900736
020_12,s2.511547,s1.767226,s317.938449
020_13,s0.486619,s2.131106,s142.535234
020_14,s2.271818,s2.588612,s282.759035
020_15,s3.264137,s2.604627,s18.646293
020_16,s2.845562,s1.338751,s246.075847
020_17,s3.081953,s1.891246,s207.747802
020_18,s2.235687,s3.071748,s310.882534
020_19,s0.472519,s2.612271,s20.000000
021_0,s1.000377,s1.507832,s159.479746
021_1,s2.149540,s1.740536,s233.002651
021_2,s1.387707,s2.867500,s143.510077
021_3,s0.473034,s0.208720,s8.284610
021_4,s1.152937,s0.852086,s188.356612
021_5,s2.010543,s1.221899,s106.771738
021_6,s1.796662,s2.713686,s333.041635
021_7,s2.029149,s2.374185,s244.803411
021_8,s2.402061,s0.452312,s325.115203
021_9,s2.924287,s0.507634,s277.466856
021_10,s1.594439,s0.608363,s241.562676
021_11,s1.836897,s1.734818,s62.860071
021_12,s2.715768,s1.783507,s317.938449
021_13,s0.709256,s2.159891,s117.554593
021_14,s3.035506,s2.720206,s326.112747
021_15,s3.553449,s2.169464,s345.162344
021_16,s2.895480,s1.368122,s227.076078
021_17,s3.464374,s1.575444,s202.243540
021_18,s2.510413,s3.098820,s37.287710
021_19,s0.928179,s3.202112,s54.245451
021_20,s1.557832,s3.192879,s38.057011
022_0,s1.205238,s1.648816,s159.479746
022_1,s2.264157,s1.626100,s209.215120
022_2,s1.502323,s2.753064,s143.510077
022_3,s0.759624,s0.530662,s359.211781
022_4,s1.279524,s0.811535,s186.552395
022_5,s2.125160,s1.107463,s136.685237
022_6,s1.911279,s2.599250,s333.041635
022_7,s2.143766,s2.259749,s245.830198
022_8,s2.493399,s0.423860,s315.695208
022_9,s3.111346,s0.545261,s259.555102
022_10,s1.855753,s0.380958,s241.562676
022_11,s1.840118,s1.667334,s40.273295
022_12,s2.830385,s1.669071,s317.938449
022_13,s0.782965,s2.233294,s78.154785
022_14,s3.057870,s2.588493,s343.108632
022_15,s3.670793,s2.010943,s333.395051
022_16,s3.010097,s1.253686,s227.076078
022_17,s3.578991,s1.461008,s202.243540
022_18,s2.625030,s2.984384,s31.853028
022_19,s0.947357,s3.169740,s91.939638
022_20,s1.508149,s3.378574,s48.579232
022_21,s2.982517,s3.321019,s11.799218
023_0,s1.207931,s1.643235,s159.479746
023_1,s2.188999,s1.633595,s209.215120
023_2,s1.450722,s2.720362,s143.510077
023_3,s0.659696,s0.554014,s345.854523
023_4,s1.359174,s0.998652,s186.552395
023_5,s2.070041,s1.105472,s136.685237
023_6,s1.859678,s2.566549,s333.041635
023_7,s2.092165,s2.227048,s245.830198
023_8,s2.437248,s0.406715,s315.695208
023_9,s3.040977,s0.538562,s259.555102
023_10,s1.807503,s0.380958,s241.562676
023_11,s1.802250,s1.664926,s40.273295
023_12,s2.760795,s1.645255,s317.938449
023_13,s0.782965,s2.193029,s78.154785
023_14,s2.978265,s2.541402,s343.108632
023_15,s3.592309,s1.979015,s333.395051
023_16,s2.939265,s1.236457,s227.076078
023_17,s3.512444,s1.433974,s202.243540
023_18,s2.539522,s2.899410,s31.853028
023_19,s1.026307,s3.001538,s91.939638
023_20,s1.560767,s3.079779,s48.579232
023_21,s2.915566,s3.268116,s11.799218
023_22,s0.675861,s1.674171,s125.684437
024_0,s1.192017,s1.643235,s159.479746
024_1,s2.173085,s1.633595,s209.215120
024_2,s1.443939,s2.710670,s143.510077
024_3,s0.661522,s0.575837,s345.854523
024_4,s1.348214,s1.008001,s186.552395
024_5,s2.054127,s1.105472,s136.685237
024_6,s1.843764,s2.566549,s342.079756
024_7,s2.076250,s2.227048,s245.830198
024_8,s2.418618,s0.417087,s315.695208
024_9,s3.013819,s0.552048,s270.045910
024_10,s1.791589,s0.380958,s241.562676
024_11,s1.786336,s1.664926,s40.273295
024_12,s2.744881,s1.645255,s317.938449
024_13,s0.782965,s2.192646,s78.154785
024_14,s2.962351,s2.541402,s343.108632
024_15,s3.563755,s1.980510,s333.395051
024_16,s2.914731,s1.244753,s227.076078
024_17,s3.485270,s1.439331,s202.243540
024_18,s2.482290,s2.846273,s31.853028
024_19,s1.021471,s2.991769,s91.939638
024_20,s1.550571,s3.067037,s48.579232
024_21,s2.878579,s3.243512,s11.799218
024_22,s0.659946,s1.674171,s125.684437
024_23,s1.613498,s3.537047,s351.820790
025_0,s1.192017,s1.640707,s159.479746
025_1,s2.173085,s1.631067,s209.215120
025_2,s1.443939,s2.708142,s143.510077
025_3,s0.661522,s0.573309,s345.854523
025_4,s1.348214,s1.005473,s186.552395
025_5,s2.054127,s1.102944,s136.685237
025_6,s1.843764,s2.564021,s342.079756
025_7,s2.076250,s2.224520,s245.830198
025_8,s2.418618,s0.414559,s315.695208
025_9,s3.007764,s0.558795,s270.045910
025_10,s1.791589,s0.378430,s241.768374
025_11,s1.786336,s1.662398,s40.273295
025_12,s2.744881,s1.642727,s317.938449
025_13,s0.782965,s2.190118,s78.154785
025_14,s3.010856,s2.539943,s331.262495
025_15,s3.827891,s2.077901,s332.632818
025_16,s2.914731,s1.242225,s227.076078
025_17,s3.485270,s1.436803,s201.852405
025_18,s2.482290,s2.843745,s25.034066
025_19,s0.936274,s2.927226,s99.165408
025_20,s1.550571,s3.064509,s49.979677
025_21,s3.004806,s3.375254,s353.356586
025_22,s0.670981,s1.675802,s127.473975
025_23,s1.613498,s3.534519,s11.887983
025_24,s0.734950,s3.566043,s60.000000
026_0,s1.291765,s1.571695,s147.900163
026_1,s2.248299,s1.548630,s222.057403
026_2,s1.519153,s2.625705,s146.302970
026_3,s0.589004,s0.317950,s35.873807
026_4,s1.153257,s0.833148,s179.435703
026_5,s2.000921,s0.821462,s69.148492
026_6,s1.918979,s2.481583,s342.079756
026_7,s2.151465,s2.142082,s245.830198
026_8,s2.665914,s0.504198,s232.994991
026_9,s3.559742,s0.433708,s242.665256
026_10,s1.903936,s0.321688,s246.795933
026_11,s1.861550,s1.579961,s40.273295
026_12,s2.820096,s1.560290,s313.292147
026_13,s0.780350,s2.176829,s129.888285
026_14,s2.632452,s2.570193,s316.138060
026_15,s3.652215,s1.978104,s320.777262
026_16,s2.965206,s1.058100,s232.201583
026_17,s3.493332,s1.228446,s296.661917
026_18,s2.418191,s3.234731,s346.896344
026_19,s0.963862,s2.759012,s87.886632
026_20,s1.625786,s2.982072,s46.530680
026_21,s3.336372,s2.538313,s326.787601
026_22,s0.736941,s1.406428,s112.901323
026_23,s1.763016,s3.467190,s307.418680
026_24,s0.503844,s3.534858,s15.785931
026_25,s3.337107,s3.365695,s350.636386
027_0,s1.273125,s1.525299,s147.900163
027_1,s2.209881,s1.572571,s222.057403
027_2,s1.492697,s2.572834,s146.302970
027_3,s0.654716,s0.382343,s35.873807
027_4,s1.140102,s0.799936,s179.275674
027_5,s1.984182,s0.879240,s69.148492
027_6,s1.892523,s2.428712,s342.079756
027_7,s2.125009,s2.089211,s245.830198
027_8,s2.620849,s0.511395,s232.994991
027_9,s3.492925,s0.432839,s242.665256
027_10,s1.884153,s0.328082,s246.795933
027_11,s1.835094,s1.527090,s40.273295
027_12,s2.793640,s1.507419,s313.292147
027_13,s0.852189,s2.131086,s129.888285
027_14,s2.486420,s2.445612,s316.138060
027_15,s3.511314,s1.947487,s320.777262
027_16,s2.907079,s1.051155,s232.201583
027_17,s3.367583,s1.251711,s296.661917
027_18,s2.380590,s3.144907,s346.896344
027_19,s0.994932,s2.682151,s87.886632
027_20,s1.615641,s2.905773,s46.530680
027_21,s3.172463,s2.454809,s326.787601
027_22,s0.736941,s1.370011,s112.901323
027_23,s1.754923,s3.352794,s307.418680
027_24,s0.623015,s3.368221,s15.785931
027_25,s3.169768,s3.185483,s350.636386
027_26,s1.285698,s3.637798,s0.000000
028_0,s1.273125,s1.525299,s147.900163
028_1,s2.209881,s1.572571,s222.057403
028_2,s1.492697,s2.572834,s146.302970
028_3,s0.676631,s0.407209,s55.077648
028_4,s1.140102,s0.799936,s179.275674
028_5,s1.984182,s0.879240,s69.148492
028_6,s1.892523,s2.428712,s342.079756
028_7,s2.125009,s2.089211,s245.830198
028_8,s2.618425,s0.523301,s232.994991
028_9,s3.478360,s0.454167,s242.665256
028_10,s1.884153,s0.328082,s246.795933
028_11,s1.835094,s1.527090,s40.273295
028_12,s2.793640,s1.507419,s313.292147
028_13,s0.852189,s2.131086,s129.888285
028_14,s2.486420,s2.445612,s316.138060
028_15,s3.511314,s1.947487,s320.777262
028_16,s2.898911,s1.066203,s232.201583
028_17,s3.338529,s1.277255,s296.661917
028_18,s2.380590,s3.144907,s346.896344
028_19,s0.994932,s2.682151,s87.886632
028_20,s1.615641,s2.905773,s46.530680
028_21,s3.142438,s2.446880,s326.787601
028_22,s0.736941,s1.370011,s112.901323
028_23,s1.762134,s3.337021,s307.418680
028_24,s0.725706,s3.296621,s15.785931
028_25,s3.146525,s3.160422,s359.156288
028_26,s1.298145,s3.619915,s0.000000
028_27,s3.758687,s2.882131,s254.169514
029_0,s1.319566,s1.716223,s147.900163
029_1,s2.214554,s1.691210,s213.969190
029_2,s1.539138,s2.763758,s146.302970
029_3,s0.909051,s0.688323,s40.554238
029_4,s1.420315,s0.342871,s248.183725
029_5,s1.998435,s1.098731,s75.634806
029_6,s1.938963,s2.619636,s342.079756
029_7,s2.171449,s2.280135,s245.830198
029_8,s2.624267,s0.768260,s216.515407
029_9,s3.682718,s0.689967,s241.235372
029_10,s2.095322,s0.560636,s225.509135
029_11,s1.881535,s1.718014,s41.072209
029_12,s2.840080,s1.698343,s315.824337
029_13,s0.792385,s2.309512,s143.416339
029_14,s2.511764,s2.683001,s323.224100
029_15,s3.557755,s2.138411,s295.727114
029_16,s2.921704,s1.290366,s223.359304
029_17,s3.737911,s1.236978,s244.347044
029_18,s2.658622,s3.375625,s4.970906
029_19,s0.879168,s2.803616,s76.859257
029_20,s1.662081,s3.096697,s46.530680
029_21,s3.137956,s2.513265,s347.893085
029_22,s0.783381,s1.560935,s101.698904
029_23,s1.712231,s3.592728,s330.336163
029_24,s0.670700,s3.597456,s325.575409
029_25,s3.177642,s3.722924,s34.051730
029_26,s1.470182,s4.151412,s290.755088
029_27,s3.463221,s3.358454,s261.527455
029_28,s4.111101,s1.734358,s204.621937
030_0,s1.302623,s1.716223,s147.900163
030_1,s2.197611,s1.691210,s213.969190
030_2,s1.522195,s2.763758,s146.302970
030_3,s0.907066,s0.705792,s40.554238
030_4,s1.407897,s0.353376,s248.183725
030_5,s1.984770,s1.114386,s75.634806
030_6,s1.922020,s2.619636,s342.079756
030_7,s2.154507,s2.280135,s245.830198
030_8,s2.607325,s0.768260,s216.515407
030_9,s3.665775,s0.689967,s241.235372
030_10,s2.078380,s0.560636,s225.509135
030_11,s1.864592,s1.718014,s41.072209
030_12,s2.823137,s1.698343,s315.824337
030_13,s0.794072,s2.308603,s143.416339
030_14,s2.494822,s2.683001,s323.224100
030_15,s3.540812,s2.138411,s295.727114
030_16,s2.904762,s1.290366,s223.359304
030_17,s3.720969,s1.236978,s244.347044
030_18,s2.641680,s3.375625,s4.970906
030_19,s0.886571,s2.793443,s76.859257
030_20,s1.645139,s3.096697,s46.530680
030_21,s3.121014,s2.513265,s347.893085
030_22,s0.783381,s1.568883,s101.698904
030_23,s1.695289,s3.592728,s330.336163
030_24,s0.752423,s3.511850,s325.575409
030_25,s3.154099,s3.712323,s34.051730
030_26,s1.453239,s4.151412,s290.755088
030_27,s3.438654,s3.351398,s261.527455
030_28,s4.094159,s1.734358,s204.621937
030_29,s3.581967,s2.758042,s260.000000
031_0,s1.415360,s1.716223,s147.900163
031_1,s2.310348,s1.691210,s213.969190
031_2,s1.634932,s2.763758,s146.302970
031_3,s1.019803,s0.705792,s40.554238
031_4,s1.520634,s0.353376,s248.183725
031_5,s2.097507,s1.114386,s75.634806
031_6,s2.034758,s2.619636,s342.079756
031_7,s2.267244,s2.280135,s245.830198
031_8,s2.720062,s0.768260,s216.515407
031_9,s3.771520,s0.697149,s241.235372
031_10,s2.191117,s0.560636,s225.509135
031_11,s1.977329,s1.718014,s41.072209
031_12,s2.935875,s1.698343,s315.824337
031_13,s0.906809,s2.308603,s143.416339
031_14,s2.607559,s2.683001,s323.224100
031_15,s3.653549,s2.138411,s295.727114
031_16,s3.017499,s1.290366,s223.359304
031_17,s3.833706,s1.236978,s244.347044
031_18,s2.754417,s3.375625,s4.970906
031_19,s0.999308,s2.793443,s76.859257
031_20,s1.757876,s3.096697,s46.530680
031_21,s3.233751,s2.513265,s347.893085
031_22,s0.896118,s1.568883,s101.698904
031_23,s1.808026,s3.592728,s330.336163
031_24,s0.865160,s3.511850,s325.575409
031_25,s3.266836,s3.712323,s34.051730
031_26,s1.565976,s4.151412,s290.755088
031_27,s3.551391,s3.351398,s261.527455
031_28,s4.206896,s1.734358,s204.621937
031_29,s3.694704,s2.758042,s260.000000
031_30,s0.514230,s3.302800,s40.000000
032_0,s1.415360,s1.716223,s147.900163
032_1,s2.310348,s1.691210,s213.969190
032_2,s1.634932,s2.763758,s146.302970
032_3,s1.019803,s0.705792,s40.554238
032_4,s1.520634,s0.353376,s248.183725
032_5,s2.097507,s1.114386,s75.634806
032_6,s2.034758,s2.619636,s342.079756
032_7,s2.267244,s2.280135,s245.830198
032_8,s2.720062,s0.768260,s216.515407
032_9,s3.771520,s0.697149,s241.235372
032_10,s2.191117,s0.560636,s225.509135
032_11,s1.977329,s1.718014,s41.072209
032_12,s2.935875,s1.698343,s315.824337
032_13,s0.906809,s2.308603,s143.416339
032_14,s2.607559,s2.683001,s323.224100
032_15,s3.653549,s2.138411,s295.727114
032_16,s3.017499,s1.290366,s223.359304
032_17,s3.833706,s1.236978,s244.347044
032_18,s2.754417,s3.375625,s4.970906
032_19,s0.999308,s2.793443,s76.859257
032_20,s1.757876,s3.096697,s46.530680
032_21,s3.233751,s2.513265,s347.893085
032_22,s0.896118,s1.568883,s101.698904
032_23,s1.808026,s3.592728,s330.336163
032_24,s0.865160,s3.511850,s325.575409
032_25,s3.266836,s3.712323,s34.051730
032_26,s1.565976,s4.151412,s290.755088
032_27,s3.551391,s3.351398,s261.527455
032_28,s4.206896,s1.734358,s204.621937
032_29,s3.694704,s2.758042,s260.000000
032_30,s0.514230,s3.302800,s40.000000
032_31,s4.415705,s2.146109,s240.000000
033_0,s1.396793,s1.904324,s147.900163
033_1,s2.291781,s1.879311,s213.969190
033_2,s1.616365,s2.951860,s146.302970
033_3,s0.805637,s0.718800,s151.154696
033_4,s1.311897,s0.838995,s214.191414
033_5,s1.987775,s1.198037,s70.304685
033_6,s2.016190,s2.807738,s342.079756
033_7,s2.248677,s2.468237,s245.830198
033_8,s2.701495,s0.956362,s216.515407
033_9,s3.681185,s0.729274,s204.273711
033_10,s2.172550,s0.748738,s225.509135
033_11,s1.958762,s1.906115,s41.072209
033_12,s2.917307,s1.886444,s315.824337
033_13,s0.668642,s2.649177,s146.178367
033_14,s2.612339,s3.014022,s332.480320
033_15,s3.615803,s2.327029,s302.317469
033_16,s2.998932,s1.478468,s223.359304
033_17,s3.661861,s1.667442,s212.206350
033_18,s2.540073,s3.619439,s9.315431
033_19,s1.109989,s3.149170,s105.929301
033_20,s1.739309,s3.284798,s46.530680
033_21,s3.178350,s2.752374,s358.419962
033_22,s0.925421,s1.892051,s116.172364
033_23,s1.800164,s4.029581,s312.786744
033_24,s0.450877,s4.010271,s329.744937
033_25,s3.115270,s3.923999,s27.563289
033_26,s0.892584,s3.626077,s342.161983
033_27,s3.520707,s3.526134,s258.542392
033_28,s4.332688,s1.655505,s192.955966
033_29,s3.663450,s2.939995,s260.462249
033_30,s0.515272,s3.352106,s40.097500
033_31,s4.250825,s2.335344,s220.155022
033_32,s3.953304,s4.018116,s38.739009
034_0,s1.376386,s1.957304,s132.231887
034_1,s2.340121,s1.938081,s208.480813
034_2,s1.595958,s3.004840,s146.302970
034_3,s0.885930,s0.835718,s165.768714
034_4,s1.423072,s0.989100,s179.586037
034_5,s1.972914,s1.261848,s70.304685
034_6,s2.007267,s2.851469,s335.292970
034_7,s2.242222,s2.516320,s245.830198
034_8,s2.752249,s0.916240,s216.515407
034_9,s4.100200,s0.653693,s144.797122
034_10,s2.152142,s0.801718,s169.464754
034_11,s1.938355,s1.959095,s39.534278
034_12,s2.896900,s1.939424,s315.824337
034_13,s0.788114,s2.680235,s151.899263
034_14,s2.591931,s3.067002,s332.480320
034_15,s3.647533,s2.312703,s312.710699
034_16,s2.978524,s1.531448,s222.321246
034_17,s3.812576,s1.399859,s230.545733
034_18,s2.392117,s3.892099,s4.918418
034_19,s1.089581,s3.202150,s105.929301
034_20,s1.718901,s3.337778,s46.530680
034_21,s3.157942,s2.805354,s4.788566
034_22,s0.578941,s1.799425,s139.914271
034_23,s1.511413,s4.127208,s298.152626
034_24,s0.413994,s4.397808,s284.413644
034_25,s3.202489,s3.957807,s22.986192
034_26,s0.872176,s3.679057,s342.161983
034_27,s3.648460,s3.817071,s264.590394
034_28,s4.503166,s1.611420,s179.060452
034_29,s3.715545,s3.187186,s245.347439
034_30,s0.462374,s3.393331,s35.307756
034_31,s4.365831,s2.487790,s223.309447
034_32,s3.678304,s4.410979,s56.098616
034_33,s4.347279,s3.256514,s300.900784
035_0,s1.401468,s1.843874,s132.231887
035_1,s2.327833,s1.803652,s208.480813
035_2,s1.583669,s2.870410,s146.302970
035_3,s0.940981,s0.775449,s165.768714
035_4,s1.490106,s0.973884,s179.586037
035_5,s1.997024,s1.220797,s70.304685
035_6,s1.994979,s2.717039,s335.292970
035_7,s2.241563,s2.386532,s245.830198
035_8,s2.728174,s0.860833,s216.515407
035_9,s3.877128,s0.775915,s137.652163
035_10,s2.170834,s0.829185,s169.464754
035_11,s1.926067,s1.824666,s39.534278
035_12,s2.884612,s1.804995,s315.824337
035_13,s0.855120,s2.542884,s151.899263
035_14,s2.577073,s2.920889,s332.480320
035_15,s3.635245,s2.178274,s312.710699
035_16,s2.966236,s1.397019,s222.321246
035_17,s3.539816,s1.506138,s230.545733
035_18,s2.397258,s3.546059,s4.918418
035_19,s1.077293,s3.067721,s105.929301
035_20,s1.706613,s3.203349,s46.530680
035_21,s3.145654,s2.670925,s4.788566
035_22,s0.603258,s1.680922,s139.914271
035_23,s1.579300,s3.869585,s298.152626
035_24,s0.459613,s4.213369,s284.413644
035_25,s3.139801,s3.727408,s22.986192
035_26,s0.859888,s3.544628,s342.161983
035_27,s3.510755,s3.549928,s264.590394
035_28,s4.372424,s1.535765,s179.060452
035_29,s3.693034,s3.047981,s245.347439
035_30,s0.462374,s3.254216,s35.307756
035_31,s4.291569,s2.356941,s223.309447
035_32,s3.603445,s4.181208,s56.098616
035_33,s4.288030,s3.105182,s300.900784
035_34,s2.286325,s4.513890,s300.000000
036_0,s1.413250,s1.832580,s132.231887
036_1,s2.327833,s1.786348,s208.480813
036_2,s1.583669,s2.853106,s146.302970
036_3,s0.957190,s0.775449,s165.768714
036_4,s1.490106,s0.956579,s179.586037
036_5,s1.997024,s1.203492,s70.304685
036_6,s1.994979,s2.699735,s335.292970
036_7,s2.241563,s2.369227,s245.830198
036_8,s2.728174,s0.843528,s216.515407
036_9,s3.805238,s0.842994,s137.652163
036_10,s2.170834,s0.811880,s169.464754
036_11,s1.933380,s1.815042,s39.534278
036_12,s2.884612,s1.787691,s315.824337
036_13,s0.855120,s2.525580,s151.899263
036_14,s2.577073,s2.903584,s332.480320
036_15,s3.635245,s2.160969,s312.710699
036_16,s2.966236,s1.379714,s222.321246
036_17,s3.539816,s1.488834,s230.545733
036_18,s2.404353,s3.439755,s4.918418
036_19,s1.077293,s3.050416,s105.929301
036_20,s1.706613,s3.186045,s46.530680
036_21,s3.145654,s2.653620,s4.788566
036_22,s0.618827,s1.669541,s139.914271
036_23,s1.607464,s3.807128,s298.152626
036_24,s0.459613,s4.196065,s284.413644
036_25,s3.134299,s3.699391,s22.986192
036_26,s0.859888,s3.527324,s342.161983
036_27,s3.510755,s3.532623,s264.590394
036_28,s4.257375,s1.572343,s179.060452
036_29,s3.693034,s3.030676,s245.347439
036_30,s0.462374,s3.236911,s35.307756
036_31,s4.291569,s2.339637,s223.309447
036_32,s3.595054,s4.150619,s56.098616
036_33,s4.288030,s3.087877,s300.900784
036_34,s2.301671,s4.337431,s300.000000
036_35,s4.186012,s3.767639,s0.000000
037_0,s1.199218,s1.767977,s131.556002
037_1,s2.113801,s1.721745,s208.480813
037_2,s1.369638,s2.788503,s146.302970
037_3,s0.257031,s0.751992,s242.970168
037_4,s1.287984,s0.908101,s178.146161
037_5,s1.796748,s1.166069,s71.489647
037_6,s1.780947,s2.635132,s335.292970
037_7,s2.027531,s2.304624,s245.830198
037_8,s2.770431,s0.604653,s234.432777
037_9,s3.733533,s1.107309,s141.873933
037_10,s1.876276,s0.607774,s139.439301
037_11,s1.719348,s1.750439,s39.534278
037_12,s2.670580,s1.723088,s315.824337
037_13,s0.684839,s2.461675,s190.152903
037_14,s2.363042,s2.838981,s332.480320
037_15,s3.423556,s2.183051,s261.474330
037_16,s2.752204,s1.315111,s222.321246
037_17,s3.213686,s1.560227,s280.843268
037_18,s2.224322,s3.467926,s3.431891
037_19,s0.863261,s2.985813,s105.929301
037_20,s1.513392,s3.107993,s46.530680
037_21,s2.822464,s2.479492,s352.173805
037_22,s0.428718,s1.644269,s189.264581
037_23,s1.456821,s3.649620,s307.969703
037_24,s0.451228,s4.294366,s337.604933
037_25,s2.905380,s3.595661,s13.546593
037_26,s0.648590,s3.715636,s331.524458
037_27,s3.296723,s3.468020,s264.497814
037_28,s4.380525,s0.896233,s213.788990
037_29,s3.379876,s2.921820,s245.347439
037_30,s0.327427,s3.194116,s20.690185
037_31,s4.145859,s1.762665,s253.142540
037_32,s3.717466,s4.082112,s83.646179
037_33,s4.029319,s3.009229,s300.900784
037_34,s2.903562,s4.555701,s261.999551
037_35,s3.971980,s3.703036,s303.461642
037_36,s4.606100,s2.932574,s203.451733
038_0,s1.199218,s1.727236,s131.556002
038_1,s2.113801,s1.681004,s208.480813
038_2,s1.369638,s2.747762,s146.302970
038_3,s0.257031,s0.711251,s242.970168
038_4,s1.296329,s0.878925,s178.146161
038_5,s1.796748,s1.125328,s71.489647
038_6,s1.780947,s2.594391,s335.292970
038_7,s2.027531,s2.263883,s245.830198
038_8,s2.764759,s0.598516,s234.432777
038_9,s3.722746,s1.078543,s141.873933
038_10,s1.888809,s0.607774,s139.439301
038_11,s1.719348,s1.709698,s39.534278
038_12,s2.670580,s1.682347,s315.824337
038_13,s0.700130,s2.421591,s190.152903
038_14,s2.363042,s2.798241,s332.480320
038_15,s3.423556,s2.142311,s261.474330
038_16,s2.752204,s1.274371,s222.321246
038_17,s3.213686,s1.519486,s280.843268
038_18,s2.237342,s3.376338,s3.431891
038_19,s0.863261,s2.945073,s105.929301
038_20,s1.513392,s3.067253,s46.530680
038_21,s2.822464,s2.438751,s352.173805
038_22,s0.428718,s1.603529,s189.264581
038_23,s1.467632,s3.596784,s307.969703
038_24,s0.451228,s4.253625,s337.604933
038_25,s2.905380,s3.554920,s13.546593
038_26,s0.658824,s3.668197,s331.524458
038_27,s3.282933,s3.412148,s264.497814
038_28,s4.275459,s0.944954,s213.788990
038_29,s3.241695,s2.823105,s245.347439
038_30,s0.327427,s3.153375,s20.690185
038_31,s4.131560,s1.728509,s253.142540
038_32,s3.717466,s4.041372,s83.646179
038_33,s3.823549,s2.906860,s300.900784
038_34,s2.900750,s4.502058,s261.999551
038_35,s3.957573,s3.651272,s303.461642
038_36,s4.465964,s2.866127,s203.451733
038_37,s1.684116,s4.149644,s0.000000
039_0,s1.199218,s1.727236,s131.556002
039_1,s2.113801,s1.681004,s208.480813
039_2,s1.369638,s2.747762,s146.302970
039_3,s0.257031,s0.711251,s242.970168
039_4,s1.296329,s0.878925,s178.146161
039_5,s1.796748,s1.125328,s71.489647
039_6,s1.780947,s2.594391,s335.292970
039_7,s2.027531,s2.263883,s245.830198
039_8,s2.764759,s0.598516,s234.432777
039_9,s3.722746,s1.078543,s141.873933
039_10,s1.888809,s0.607774,s139.439301
039_11,s1.719348,s1.709698,s39.534278
039_12,s2.670580,s1.682347,s315.824337
039_13,s0.700130,s2.421591,s190.152903
039_14,s2.363042,s2.798241,s332.480320
039_15,s3.423556,s2.142311,s261.474330
039_16,s2.752204,s1.274371,s222.321246
039_17,s3.213686,s1.519486,s280.843268
039_18,s2.237342,s3.376338,s3.431891
039_19,s0.863261,s2.945073,s105.929301
039_20,s1.513392,s3.067253,s46.530680
039_21,s2.822464,s2.438751,s352.173805
039_22,s0.428718,s1.603529,s189.264581
039_23,s1.467632,s3.596784,s307.969703
039_24,s0.463119,s4.243165,s337.604933
039_25,s2.905380,s3.554920,s13.546593
039_26,s0.658824,s3.668197,s331.524458
039_27,s3.238174,s3.362861,s264.497814
039_28,s4.207945,s1.002298,s213.788990
039_29,s3.241695,s2.823105,s245.347439
039_30,s0.327427,s3.153375,s20.690185
039_31,s4.131560,s1.728509,s253.142540
039_32,s3.698660,s4.018441,s83.646179
039_33,s3.811010,s2.903071,s300.900784
039_34,s2.900750,s4.502058,s261.999551
039_35,s3.901721,s3.608398,s303.461642
039_36,s4.361608,s2.846947,s203.451733
039_37,s1.684116,s4.149644,s0.000000
039_38,s2.048602,s4.519987,s300.000000
040_0,s1.182434,s1.908078,s131.556002
040_1,s2.097017,s1.861846,s208.480813
040_2,s1.352853,s2.928604,s146.302970
040_3,s0.441687,s0.566467,s249.620970
040_4,s1.279544,s1.059767,s178.146161
040_5,s1.840665,s1.266149,s63.709449
040_6,s1.764162,s2.775233,s335.292970
040_7,s2.010747,s2.444725,s245.830198
040_8,s2.333355,s0.733549,s243.440766
040_9,s3.648397,s1.116222,s141.873933
040_10,s1.769554,s0.576577,s136.114109
040_11,s1.702564,s1.890540,s39.534278
040_12,s2.653795,s1.863189,s315.824337
040_13,s0.683345,s2.602433,s190.152903
040_14,s2.346257,s2.979082,s332.480320
040_15,s3.406772,s2.323153,s264.573321
040_16,s2.735420,s1.455213,s222.321246
040_17,s3.248739,s1.582862,s275.684094
040_18,s2.220557,s3.557180,s3.431891
040_19,s0.846477,s3.125915,s122.559080
040_20,s1.496608,s3.248095,s46.530680
040_21,s2.805680,s2.619593,s352.173805
040_22,s0.411933,s1.784371,s189.264581
040_23,s1.450848,s3.777626,s307.969703
040_24,s0.566025,s4.406803,s23.442175
040_25,s2.888596,s3.735762,s13.546593
040_26,s0.642040,s3.849039,s319.593855
040_27,s3.215498,s3.535279,s264.497814
040_28,s4.176235,s1.090276,s181.094375
040_29,s3.224911,s3.003946,s245.347439
040_30,s0.327427,s3.329371,s20.690185
040_31,s4.455725,s1.828373,s243.406214
040_32,s3.671981,s4.185272,s83.646179
040_33,s3.794226,s3.083913,s300.900784
040_34,s3.178514,s4.759517,s273.125557
040_35,s3.884936,s3.789240,s303.461642
040_36,s4.344824,s3.027789,s203.451733
040_37,s1.667332,s4.330485,s356.056784
040_38,s2.033643,s4.774718,s300.000000
040_39,s4.651113,s3.475160,s225.171323
041_0,s1.272375,s2.248269,s131.556002
041_1,s2.186958,s2.202037,s208.480813
041_2,s1.442794,s3.268795,s146.302970
041_3,s0.737512,s0.586019,s261.388815
041_4,s1.416029,s1.445393,s168.265064
041_5,s1.972309,s1.587654,s68.957657
041_6,s1.854103,s3.115424,s335.542537
041_7,s2.100688,s2.784916,s245.830198
041_8,s2.651040,s0.617004,s261.089032
041_9,s3.716218,s1.483117,s144.454625
041_10,s2.054206,s1.094205,s166.335890
041_11,s1.792504,s2.230731,s39.534278
041_12,s2.743736,s2.203380,s315.824337
041_13,s0.617021,s2.733897,s190.882967
041_14,s2.436198,s3.319273,s332.480320
041_15,s3.573083,s2.642999,s283.852930
041_16,s2.825361,s1.795403,s222.321246
041_17,s3.297718,s1.973828,s277.264823
041_18,s2.310498,s3.897371,s3.431891
041_19,s0.946800,s3.461623,s122.543156
041_20,s1.586549,s3.588285,s46.530680
041_21,s2.895621,s2.959784,s352.173805
041_22,s0.324303,s1.551008,s157.907693
041_23,s1.540789,s4.117816,s307.969703
041_24,s0.707426,s4.695724,s20.676125
041_25,s2.978537,s4.075953,s13.546593
041_26,s0.646281,s4.167933,s301.772787
041_27,s3.305439,s3.875469,s264.497814
041_28,s4.742027,s1.412707,s175.374631
041_29,s3.314852,s3.344137,s245.347439
041_30,s0.444662,s3.658027,s18.392728
041_31,s5.012758,s2.021118,s208.277170
041_32,s3.740232,s4.487975,s83.646179
041_33,s3.884167,s3.424104,s300.900784
041_34,s3.247839,s5.013347,s299.261236
041_35,s3.962639,s4.115712,s305.670699
041_36,s4.532133,s3.199580,s205.231726
041_37,s1.757272,s4.670676,s353.102256
041_38,s2.388799,s4.905343,s309.842309
041_39,s4.714343,s3.800789,s213.257925
041_40,s3.915064,s0.792009,s188.104858
042_0,s1.159833,s2.068722,s131.556002
042_1,s2.074416,s2.022490,s208.480813
042_2,s1.330253,s3.089248,s146.302970
042_3,s0.711491,s0.501051,s261.388815
042_4,s1.345635,s1.308231,s168.265064
042_5,s1.884480,s1.446343,s68.957657
042_6,s1.741562,s2.935877,s335.542537
042_7,s1.988146,s2.605369,s245.830198
042_8,s2.545994,s0.630424,s261.089032
042_9,s3.591714,s1.318814,s144.454625
042_10,s1.999879,s1.057867,s166.335890
042_11,s1.679963,s2.051184,s39.534278
042_12,s2.631195,s2.023833,s315.824337
042_13,s0.521156,s2.554691,s190.882967
042_14,s2.323657,s3.139727,s332.480320
042_15,s3.364665,s2.479080,s283.852930
042_16,s2.712819,s1.615857,s222.321246
042_17,s3.185176,s1.794282,s277.264823
042_18,s2.197957,s3.717824,s3.431891
042_19,s0.834258,s3.282076,s122.543156
042_20,s1.474007,s3.408739,s46.530680
042_21,s2.783079,s2.780237,s352.173805
042_22,s0.459905,s1.497669,s157.907693
042_23,s1.428247,s3.938270,s307.969703
042_24,s0.621278,s4.491156,s20.676125
042_25,s2.865995,s3.896406,s13.546593
042_26,s0.553597,s3.975345,s301.772787
042_27,s3.192897,s3.695923,s264.497814
042_28,s4.532544,s1.298470,s175.374631
042_29,s3.202310,s3.164591,s245.347439
042_30,s0.332121,s3.478481,s18.392728
042_31,s4.888252,s1.845811,s208.277170
042_32,s3.627691,s4.308428,s83.646179
042_33,s3.771625,s3.244557,s300.900784
042_34,s3.127690,s4.800656,s299.261236
042_35,s3.850098,s3.936165,s305.670699
042_36,s4.259907,s2.982153,s205.231726
042_37,s1.644731,s4.491130,s353.102256
042_38,s2.283805,s4.679280,s309.842309
042_39,s4.588252,s3.614202,s213.257925
042_40,s3.695878,s0.792009,s188.104858
042_41,s4.154871,s2.070948,s180.000000
043_0,s1.312189,s1.954174,s132.586049
043_1,s2.226772,s1.907942,s208.480813
043_2,s1.482608,s2.974700,s146.302970
043_3,s0.863847,s0.386503,s261.388815
043_4,s1.497991,s1.193683,s168.265064
043_5,s2.036835,s1.331795,s68.957657
043_6,s1.893917,s2.821329,s342.122327
043_7,s2.140502,s2.490821,s245.830198
043_8,s2.698462,s0.547840,s256.058787
043_9,s3.744070,s1.204266,s144.454625
043_10,s2.317112,s0.956239,s165.603080
043_11,s1.832319,s1.936636,s39.534278
043_12,s2.783551,s1.909285,s315.824337
043_13,s0.673512,s2.440143,s190.882967
043_14,s2.476012,s3.025178,s332.480320
043_15,s3.517021,s2.364532,s283.852930
043_16,s2.865175,s1.501309,s222.321246
043_17,s3.337532,s1.679733,s275.448412
043_18,s2.350312,s3.603276,s3.431891
043_19,s0.986614,s3.167528,s122.543156
043_20,s1.626363,s3.294191,s46.530680
043_21,s2.935435,s2.665689,s350.122461
043_22,s0.440364,s1.505464,s159.939603
043_23,s1.580603,s3.823722,s307.969703
043_24,s0.926670,s4.558086,s35.584018
043_25,s3.018351,s3.781858,s13.546593
043_26,s0.705953,s3.860797,s301.772787
043_27,s3.345253,s3.581375,s264.497814
043_28,s4.684899,s1.183922,s137.826131
043_29,s3.354666,s3.050042,s245.347439
043_30,s0.335184,s3.373077,s16.730469
043_31,s4.821669,s1.807049,s203.084541
043_32,s3.780047,s4.193880,s83.646179
043_33,s3.923981,s3.130009,s300.900784
043_34,s3.200154,s4.688322,s299.261236
043_35,s4.302804,s3.847567,s316.364847
043_36,s4.396010,s2.864212,s257.055250
043_37,s1.797087,s4.376581,s353.102256
043_38,s2.469520,s4.599358,s309.842309
043_39,s4.740608,s3.499654,s213.257925
043_40,s3.848234,s0.677461,s212.131840
043_41,s4.307227,s1.956400,s180.000000
043_42,s4.013918,s4.715219,s269.949754
044_0,s1.223690,s1.954174,s132.586049
044_1,s2.138273,s1.907942,s208.480813
044_2,s1.394110,s2.974700,s146.302970
044_3,s0.775348,s0.386503,s261.388815
044_4,s1.409492,s1.193683,s168.265064
044_5,s1.948337,s1.331795,s68.957657
044_6,s1.805419,s2.821329,s342.122327
044_7,s2.052003,s2.490821,s245.830198
044_8,s2.607892,s0.593284,s256.058787
044_9,s3.655571,s1.204266,s144.454625
044_10,s2.240597,s1.032183,s165.603080
044_11,s1.743820,s1.936636,s39.534278
044_12,s2.695052,s1.909285,s315.824337
044_13,s0.585013,s2.440143,s190.882967
044_14,s2.387514,s3.025178,s332.480320
044_15,s3.428522,s2.364532,s283.852930
044_16,s2.776676,s1.501309,s222.321246
044_17,s3.242836,s1.690690,s275.448412
044_18,s2.261814,s3.603276,s3.431891
044_19,s0.898115,s3.167528,s122.543156
044_20,s1.537864,s3.294191,s46.530680
044_21,s2.846936,s2.665689,s350.122461
044_22,s0.351865,s1.505464,s159.939603
044_23,s1.492104,s3.823722,s307.969703
044_24,s0.955687,s4.444844,s35.584018
044_25,s2.929852,s3.781858,s13.546593
044_26,s0.617454,s3.860797,s301.772787
044_27,s3.256754,s3.581375,s264.497814
044_28,s4.581369,s1.196481,s137.826131
044_29,s3.255748,s3.048217,s245.347439
044_30,s0.335184,s3.355526,s16.730469
044_31,s4.715549,s1.816043,s203.084541
044_32,s3.681798,s4.183075,s83.646179
044_33,s3.835482,s3.130009,s300.900784
044_34,s3.098433,s4.649138,s299.261236
044_35,s4.144026,s3.808664,s316.364847
044_36,s4.281988,s2.865074,s257.055250
044_37,s1.708588,s4.376581,s353.102256
044_38,s2.382048,s4.585130,s309.842309
044_39,s4.652109,s3.499654,s213.257925
044_40,s3.759735,s0.677461,s212.131840
044_41,s4.187959,s1.974046,s180.000000
044_42,s3.850634,s4.618438,s269.949754
044_43,s2.357972,s5.047505,s0.000000
045_0,s1.200592,s1.954174,s132.586049
045_1,s2.115174,s1.907942,s208.480813
045_2,s1.371011,s2.974700,s146.302970
045_3,s0.752249,s0.386503,s261.388815
045_4,s1.386393,s1.193683,s168.265064
045_5,s1.925238,s1.331795,s68.957657
045_6,s1.782320,s2.821329,s342.122327
045_7,s2.028905,s2.490821,s245.830198
045_8,s2.584793,s0.593284,s256.058787
045_9,s3.632473,s1.204266,s144.454625
045_10,s2.233213,s1.127630,s165.603080
045_11,s1.720721,s1.936636,s39.534278
045_12,s2.671953,s1.909285,s315.824337
045_13,s0.561914,s2.440143,s190.882967
045_14,s2.364415,s3.025178,s332.480320
045_15,s3.405423,s2.364532,s283.852930
045_16,s2.753578,s1.501309,s222.321246
045_17,s3.219738,s1.690690,s275.448412
045_18,s2.238715,s3.603276,s3.431891
045_19,s0.875016,s3.167528,s122.543156
045_20,s1.514766,s3.294191,s46.530680
045_21,s2.823838,s2.665689,s350.122461
045_22,s0.328766,s1.505464,s159.939603
045_23,s1.469005,s3.823722,s307.969703
045_24,s0.932588,s4.444844,s35.584018
045_25,s2.906754,s3.781858,s13.546593
045_26,s0.594356,s3.860797,s301.772787
045_27,s3.233655,s3.581375,s264.497814
045_28,s4.548317,s1.204973,s137.826131
045_29,s3.232649,s3.048217,s245.347439
045_30,s0.337115,s3.350636,s16.730469
045_31,s4.673130,s1.825905,s203.084541
045_32,s3.658699,s4.183075,s83.646179
045_33,s3.812383,s3.130009,s300.900784
045_34,s3.072266,s4.639360,s299.261236
045_35,s4.019094,s3.752088,s316.364847
045_36,s4.258889,s2.865074,s257.055250
045_37,s1.685489,s4.376581,s353.102256
045_38,s2.358950,s4.585130,s309.842309
045_39,s4.617841,s3.496584,s213.257925
045_40,s3.736636,s0.677461,s212.131840
045_41,s4.151171,s1.981989,s180.000000
045_42,s3.827535,s4.618438,s269.949754
045_43,s2.334873,s5.047505,s0.000000
045_44,s1.432069,s4.891964,s60.000000
046_0,s1.200592,s1.937762,s132.586049
046_1,s2.115174,s1.891530,s208.480813
046_2,s1.371011,s2.958288,s146.302970
046_3,s0.752249,s0.370091,s261.388815
046_4,s1.386393,s1.177271,s168.265064
046_5,s1.925238,s1.315383,s68.957657
046_6,s1.793546,s2.806433,s342.122327
046_7,s2.028905,s2.474409,s245.830198
046_8,s2.584793,s0.576872,s256.058787
046_9,s3.632473,s1.187854,s144.454625
046_10,s2.235364,s1.121709,s165.603080
046_11,s1.720721,s1.920224,s39.534278
046_12,s2.671953,s1.892873,s315.824337
046_13,s0.561914,s2.423731,s190.882967
046_14,s2.364415,s3.008766,s332.480320
046_15,s3.405423,s2.348120,s283.852930
046_16,s2.753578,s1.484897,s222.321246
046_17,s3.219738,s1.674278,s275.448412
046_18,s2.238715,s3.586864,s3.431891
046_19,s0.875016,s3.151116,s122.543156
046_20,s1.514766,s3.277779,s46.530680
046_21,s2.823838,s2.649277,s350.122461
046_22,s0.328766,s1.489052,s159.939603
046_23,s1.469005,s3.807310,s307.969703
046_24,s0.932588,s4.428432,s35.584018
046_25,s2.906754,s3.765446,s13.546593
046_26,s0.594356,s3.844385,s301.772787
046_27,s3.233655,s3.564963,s264.497814
046_28,s4.531098,s1.203813,s137.826131
046_29,s3.232649,s3.031805,s245.347439
046_30,s0.337115,s3.334224,s16.730469
046_31,s4.656826,s1.818160,s203.084541
046_32,s3.658699,s4.166663,s83.646179
046_33,s3.812383,s3.113597,s300.900784
046_34,s3.072266,s4.622948,s299.261236
046_35,s4.019094,s3.735676,s316.364847
046_36,s4.258889,s2.848662,s257.055250
046_37,s1.685489,s4.360169,s353.102256
046_38,s2.358950,s4.568718,s309.842309
046_39,s4.617841,s3.480172,s213.257925
046_40,s3.728342,s0.677461,s212.131840
046_41,s4.151171,s1.965577,s180.000000
046_42,s3.827535,s4.602026,s269.949754
046_43,s2.334873,s5.031093,s0.000000
046_44,s1.432069,s4.875552,s60.000000
046_45,s4.509995,s2.274787,s300.000000
047_0,s1.258506,s1.937762,s132.586049
047_1,s2.173089,s1.891530,s208.480813
047_2,s1.428926,s2.958288,s146.302970
047_3,s0.632632,s0.429239,s261.111533
047_4,s1.444308,s1.177271,s168.265064
047_5,s1.983153,s1.315383,s68.957657
047_6,s1.851460,s2.806433,s342.122327
047_7,s2.086819,s2.474409,s245.830198
047_8,s2.642708,s0.576872,s256.058787
047_9,s3.690387,s1.187854,s144.454625
047_10,s2.293278,s1.121709,s178.788560
047_11,s1.778636,s1.920224,s39.534278
047_12,s2.729868,s1.892873,s315.824337
047_13,s0.619829,s2.423731,s190.882967
047_14,s2.422330,s3.008766,s332.480320
047_15,s3.459284,s2.285554,s276.721947
047_16,s2.811492,s1.484897,s222.321246
047_17,s3.277652,s1.674278,s275.448412
047_18,s2.296630,s3.586864,s3.431891
047_19,s0.834536,s3.050225,s127.131578
047_20,s1.572680,s3.277779,s46.530680
047_21,s2.881752,s2.649277,s350.122461
047_22,s0.390786,s1.277095,s178.023051
047_23,s1.526920,s3.807310,s307.969703
047_24,s0.492838,s4.339397,s28.615401
047_25,s2.964668,s3.765446,s13.546593
047_26,s0.652270,s3.844385,s322.114697
047_27,s3.291570,s3.564963,s264.497814
047_28,s4.589685,s0.970368,s169.105348
047_29,s3.290564,s3.031805,s245.347439
047_30,s0.344526,s3.346465,s10.146731
047_31,s5.126951,s1.727034,s228.500202
047_32,s3.716614,s4.166663,s83.646179
047_33,s3.870298,s3.113597,s311.657801
047_34,s3.130181,s4.622948,s297.707818
047_35,s4.128912,s3.887609,s337.157540
047_36,s4.319951,s2.910423,s256.856134
047_37,s1.743404,s4.360169,s353.102256
047_38,s2.416864,s4.568718,s309.842309
047_39,s4.675756,s3.480172,s213.257925
047_40,s3.786257,s0.677461,s212.131840
047_41,s4.209086,s1.965577,s180.000000
047_42,s3.998045,s4.646229,s298.177961
047_43,s2.392788,s5.031093,s344.842431
047_44,s1.339987,s5.105003,s37.592331
047_45,s4.788525,s2.211090,s280.545227
047_46,s4.896062,s3.802696,s314.088141
048_0,s1.620772,s1.953400,s132.586049
048_1,s2.535354,s1.907168,s208.480813
048_2,s1.791191,s2.973926,s146.302970
048_3,s0.844665,s0.338697,s255.399442
048_4,s1.623746,s1.071813,s187.926607
048_5,s2.345418,s1.331021,s68.786078
048_6,s2.213726,s2.822071,s340.309967
048_7,s2.449084,s2.490047,s245.830198
048_8,s3.004973,s0.592509,s243.281078
048_9,s4.046667,s1.216240,s144.454625
048_10,s2.658737,s1.148338,s178.788560
048_11,s2.140901,s1.935862,s39.534278
048_12,s3.092133,s1.908511,s315.824337
048_13,s0.950607,s2.633843,s174.706941
048_14,s2.784595,s3.024404,s332.480320
048_15,s3.864531,s2.329091,s292.379095
048_16,s3.173757,s1.500534,s222.321246
048_17,s3.639917,s1.689915,s275.448412
048_18,s2.658895,s3.602502,s3.431891
048_19,s1.258889,s3.064267,s76.552264
048_20,s1.934945,s3.293416,s46.530680
048_21,s3.244017,s2.664915,s350.122461
048_22,s0.575521,s1.263638,s178.023051
048_23,s1.889185,s3.822947,s307.969703
048_24,s0.790258,s4.548012,s35.756207
048_25,s3.326934,s3.781084,s13.546593
048_26,s1.103468,s3.825653,s322.114697
048_27,s3.653835,s3.580600,s264.497814
048_28,s4.833943,s1.122741,s169.105348
048_29,s3.652829,s3.047442,s246.083806
048_30,s0.344526,s3.438408,s10.146731
048_31,s5.598906,s1.538260,s204.103791
048_32,s4.078879,s4.182301,s83.646179
048_33,s4.232563,s3.129235,s310.410317
048_34,s3.492446,s4.638585,s297.707818
048_35,s4.500849,s3.935416,s278.830311
048_36,s4.800556,s2.999023,s233.900929
048_37,s1.992045,s4.796948,s317.291422
048_38,s2.781815,s4.573908,s309.842309
048_39,s5.388543,s3.863560,s189.456846
048_40,s4.144594,s0.702733,s217.474712
048_41,s4.571351,s1.981215,s189.032586
048_42,s4.318599,s4.602012,s305.312920
048_43,s2.857415,s5.165989,s21.148332
048_44,s1.460278,s4.645407,s38.357834
048_45,s5.153403,s2.046387,s297.885048
048_46,s5.595986,s4.570029,s336.838194
048_47,s3.792373,s5.358570,s47.136041
049_0,s1.557880,s1.885564,s132.586049
049_1,s2.472463,s1.839332,s208.480813
049_2,s1.728299,s2.906090,s146.302970
049_3,s0.971001,s0.506344,s255.399442
049_4,s1.630699,s1.102901,s187.926607
049_5,s2.282526,s1.263185,s68.786078
049_6,s2.150834,s2.754235,s340.309967
049_7,s2.386193,s2.422211,s245.830198
049_8,s2.939204,s0.666445,s243.281078
049_9,s3.983776,s1.148405,s144.454625
049_10,s2.595846,s1.080502,s178.788560
049_11,s2.078010,s1.868026,s39.534278
049_12,s3.029242,s1.840675,s315.824337
049_13,s0.926044,s2.572297,s174.706941
049_14,s2.721703,s2.956568,s332.480320
049_15,s3.771984,s2.281826,s292.379095
049_16,s3.110866,s1.432699,s222.321246
049_17,s3.577026,s1.622080,s275.448412
049_18,s2.596003,s3.534666,s3.431891
049_19,s1.238113,s2.993957,s76.552264
049_20,s1.872054,s3.225581,s46.530680
049_21,s3.181126,s2.597079,s350.122461
049_22,s0.666138,s1.305416,s178.023051
049_23,s1.826294,s3.755112,s307.969703
049_24,s0.859126,s4.383484,s35.756207
049_25,s3.264042,s3.713248,s13.546593
049_26,s1.040577,s3.757818,s322.114697
049_27,s3.590944,s3.512765,s264.497814
049_28,s4.712568,s1.111789,s169.105348
049_29,s3.589938,s2.979607,s246.083806
049_30,s0.344526,s3.359150,s10.146731
049_31,s5.440678,s1.522215,s204.103791
049_32,s4.015988,s4.114465,s83.646179
049_33,s4.169672,s3.061399,s310.410317
049_34,s3.429554,s4.570750,s297.707818
049_35,s4.322757,s3.794981,s278.830311
049_36,s4.652768,s2.929450,s233.900929
049_37,s2.006287,s4.582143,s317.291422
049_38,s2.718924,s4.506072,s309.842309
049_39,s5.223706,s3.758118,s189.456846
049_40,s4.081703,s0.634898,s217.474712
049_41,s4.484183,s1.928036,s189.032586
049_42,s4.255708,s4.534176,s305.312920
049_43,s2.796861,s5.049141,s21.148332
049_44,s1.406194,s4.567744,s38.357834
049_45,s5.067432,s1.988248,s297.885048
049_46,s5.375817,s4.406407,s336.838194
049_47,s3.705121,s5.220955,s47.136041
049_48,s1.683199,s5.117012,s60.000000
050_0,s1.469525,s1.850879,s132.586049
050_1,s2.400650,s1.839332,s208.480813
050_2,s1.656486,s2.906090,s146.302970
050_3,s0.852693,s0.548319,s238.627714
050_4,s1.564790,s1.111505,s187.926607
050_5,s2.210713,s1.263185,s68.786078
050_6,s2.079021,s2.754235,s340.309967
050_7,s2.314380,s2.422211,s245.830198
050_8,s2.949025,s0.422097,s260.601761
050_9,s3.911963,s1.148405,s144.454625
050_10,s2.548476,s1.033903,s189.789108
050_11,s2.006197,s1.868026,s39.534278
050_12,s2.957429,s1.840675,s315.824337
050_13,s0.397781,s2.530369,s183.398622
050_14,s2.649890,s2.956568,s332.480320
050_15,s3.686763,s2.291063,s287.109151
050_16,s3.039053,s1.432699,s222.321246
050_17,s3.505213,s1.622080,s275.448412
050_18,s2.524190,s3.534666,s3.431891
050_19,s1.166300,s2.993957,s72.584806
050_20,s1.800241,s3.225581,s46.530680
050_21,s3.109313,s2.597079,s350.122461
050_22,s0.657048,s1.350787,s167.550841
050_23,s1.754481,s3.755112,s307.969703
050_24,s0.796325,s4.376851,s64.004319
050_25,s3.192229,s3.713248,s13.546593
050_26,s0.968764,s3.757818,s322.114697
050_27,s3.519131,s3.512765,s264.497814
050_28,s4.868578,s0.799381,s194.511080
050_29,s3.518125,s2.979607,s246.083806
050_30,s0.349294,s3.662088,s3.640266
050_31,s5.143949,s1.478716,s209.890804
050_32,s3.944175,s4.114465,s83.646179
050_33,s4.097859,s3.061399,s312.787874
050_34,s3.357741,s4.570750,s297.707818
050_35,s4.250944,s3.794981,s282.488875
050_36,s4.653803,s2.807820,s242.427247
050_37,s1.940490,s4.570691,s346.788539
050_38,s2.647111,s4.506072,s309.842309
050_39,s5.151893,s3.758118,s207.677509
050_40,s4.009890,s0.634898,s217.474712
050_41,s4.396823,s1.937547,s189.032586
050_42,s4.183895,s4.534176,s305.312920
050_43,s2.749045,s5.057992,s49.020107
050_44,s1.334382,s4.567744,s38.357834
050_45,s4.955886,s2.004956,s297.885048
050_46,s4.914796,s4.489164,s337.238248
050_47,s3.586652,s5.090468,s47.136041
050_48,s1.611386,s5.117012,s50.543768
050_49,s4.152629,s5.009968,s358.027558
051_0,s1.394673,s1.865336,s132.586049
051_1,s2.306548,s1.839332,s208.480813
051_2,s1.562384,s2.906090,s146.302970
051_3,s0.832421,s0.634515,s238.627714
051_4,s1.470688,s1.111505,s187.926607
051_5,s2.116611,s1.263185,s68.786078
051_6,s1.984919,s2.754235,s340.309967
051_7,s2.220278,s2.422211,s245.830198
051_8,s2.853463,s0.452867,s260.601761
051_9,s3.817861,s1.148405,s144.454625
051_10,s2.460892,s1.073640,s189.789108
051_11,s1.912095,s1.868026,s39.534278
051_12,s2.863326,s1.840675,s315.824337
051_13,s0.507900,s2.561307,s183.398622
051_14,s2.555788,s2.956568,s332.480320
051_15,s3.592661,s2.291063,s287.109151
051_16,s2.944951,s1.432699,s222.321246
051_17,s3.411111,s1.622080,s275.448412
051_18,s2.430088,s3.534666,s3.431891
051_19,s1.072198,s2.993957,s72.584806
051_20,s1.706139,s3.225581,s46.530680
051_21,s3.015211,s2.597079,s350.122461
051_22,s0.562946,s1.350787,s167.550841
051_23,s1.660379,s3.755112,s307.969703
051_24,s0.753232,s4.340578,s64.004319
051_25,s3.098127,s3.713248,s13.546593
051_26,s0.874662,s3.757818,s322.114697
051_27,s3.425029,s3.512765,s264.497814
051_28,s4.588331,s0.994978,s194.511080
051_29,s3.424022,s2.979607,s246.083806
051_30,s0.349294,s3.633452,s3.640266
051_31,s4.861521,s1.596390,s209.890804
051_32,s3.850072,s4.114465,s83.646179
051_33,s4.003757,s3.061399,s312.787874
051_34,s3.263639,s4.570750,s297.707818
051_35,s4.137871,s3.782717,s282.488875
051_36,s4.506687,s2.810703,s242.427247
051_37,s1.870185,s4.527079,s346.788539
051_38,s2.553008,s4.506072,s309.842309
051_39,s4.938435,s3.713630,s207.677509
051_40,s3.915787,s0.634898,s217.474712
051_41,s4.302721,s1.937547,s189.032586
051_42,s4.089793,s4.534176,s305.312920
051_43,s2.654943,s5.057992,s49.020107
051_44,s1.240279,s4.567744,s38.357834
051_45,s4.852502,s2.008965,s297.885048
051_46,s4.798530,s4.472109,s337.238248
051_47,s3.492550,s5.090468,s47.136041
051_48,s1.538468,s5.079240,s50.543768
051_49,s4.058527,s5.009968,s358.027558
051_50,s2.252631,s0.454264,s120.000000
052_0,s1.312983,s2.204150,s136.347509
052_1,s2.306548,s2.026366,s208.480813
052_2,s1.562384,s3.093124,s146.302970
052_3,s0.885606,s0.734256,s231.830121
052_4,s1.470688,s1.298539,s187.926607
052_5,s2.116611,s1.450219,s68.786078
052_6,s1.984919,s2.941270,s340.309967
052_7,s2.220278,s2.609246,s245.830198
052_8,s2.853463,s0.639901,s246.033017
052_9,s3.817861,s1.335439,s144.454625
052_10,s2.460892,s1.260674,s189.789108
052_11,s1.912095,s2.055060,s39.534278
052_12,s2.863326,s2.027709,s315.824337
052_13,s0.591294,s2.672671,s193.319327
052_14,s2.555788,s3.143603,s332.480320
052_15,s3.668348,s2.441199,s287.109151
052_16,s2.944951,s1.619733,s222.321246
052_17,s3.411111,s1.809114,s265.138864
052_18,s2.430088,s3.721700,s3.122111
052_19,s1.072198,s3.180992,s40.704625
052_20,s1.706139,s3.412615,s46.530680
052_21,s3.015211,s2.784113,s350.122461
052_22,s0.527086,s1.449589,s181.156241
052_23,s1.660379,s3.942146,s307.969703
052_24,s0.791772,s4.503166,s63.254619
052_25,s3.098127,s3.900282,s13.889138
052_26,s0.874662,s3.944852,s322.114697
052_27,s3.425029,s3.699799,s264.497814
052_28,s4.570323,s1.203896,s174.641786
052_29,s3.424022,s3.166641,s246.083806
052_30,s0.349294,s3.820486,s3.640266
052_31,s5.027604,s1.193717,s217.938229
052_32,s3.850072,s4.301499,s83.646179
052_33,s4.003757,s3.248433,s312.787874
052_34,s3.263639,s4.757784,s297.707818
052_35,s4.231639,s4.037547,s295.192447
052_36,s4.506687,s2.997737,s242.427247
052_37,s1.967010,s4.577123,s340.783691
052_38,s2.553008,s4.693106,s309.842309
052_39,s5.030646,s3.827652,s207.677509
052_40,s3.910980,s0.787342,s190.205843
052_41,s4.613123,s2.246995,s176.628877
052_42,s4.089793,s4.721211,s305.312920
052_43,s2.671453,s5.390943,s46.103997
052_44,s1.240279,s4.754778,s38.357834
052_45,s5.119632,s2.086897,s297.372138
052_46,s4.976408,s4.607866,s337.238248
052_47,s3.454669,s5.537200,s54.420046
052_48,s1.538468,s5.266274,s47.514796
052_49,s4.058527,s5.197003,s354.732450
052_50,s2.252631,s0.641299,s120.000000
052_51,s5.340894,s3.006733,s235.375558
053_0,s1.327166,s2.193904,s136.347509
053_1,s2.306211,s2.009223,s208.480813
053_2,s1.562048,s3.075981,s146.302970
053_3,s0.996470,s0.836498,s231.830121
053_4,s1.470351,s1.281396,s187.926607
053_5,s2.116275,s1.433076,s68.786078
053_6,s1.984582,s2.924126,s340.309967
053_7,s2.219941,s2.592102,s245.830198
053_8,s3.123520,s0.491129,s247.483513
053_9,s3.817524,s1.318296,s144.454625
053_10,s2.460555,s1.243531,s189.789108
053_11,s1.911758,s2.037917,s39.534278
053_12,s2.862990,s2.010566,s315.824337
053_13,s0.654564,s2.664267,s177.496223
053_14,s2.555452,s3.126459,s332.480320
053_15,s3.668011,s2.424056,s287.109151
053_16,s2.944614,s1.602590,s222.321246
053_17,s3.410774,s1.791971,s263.427714
053_18,s2.429752,s3.704557,s3.122111
053_19,s1.125595,s3.158862,s40.704625
053_20,s1.705802,s3.395472,s46.530680
053_21,s3.014874,s2.766970,s350.122461
053_22,s0.436953,s1.528198,s188.696287
053_23,s1.660042,s3.925003,s307.969703
053_24,s0.791435,s4.486023,s63.254619
053_25,s3.097790,s3.883139,s13.889138
053_26,s0.874325,s3.927709,s322.114697
053_27,s3.424692,s3.682656,s264.497814
053_28,s4.446262,s1.328433,s174.641786
053_29,s3.423686,s3.149498,s246.083806
053_30,s0.348957,s3.803343,s4.423771
053_31,s4.934890,s1.258892,s217.938229
053_32,s3.849736,s4.284356,s83.646179
053_33,s4.003420,s3.231290,s312.787874
053_34,s3.263303,s4.740641,s297.707818
053_35,s4.223274,s4.013677,s274.260544
053_36,s4.481451,s2.980720,s236.899251
053_37,s1.972422,s4.551230,s345.795146
053_38,s2.552672,s4.675963,s309.842309
053_39,s4.978738,s3.789631,s207.677509
053_40,s3.903572,s0.787342,s190.205843
053_41,s4.375112,s2.341249,s176.628877
053_42,s4.142269,s4.665635,s305.312920
053_43,s2.691642,s5.224216,s36.898231
053_44,s1.239943,s4.737635,s38.357834
053_45,s4.967181,s2.135512,s263.087378
053_46,s4.955360,s4.573885,s337.238248
053_47,s3.417221,s5.313325,s54.420046
053_48,s1.746186,s5.285829,s72.117734
053_49,s4.053829,s5.170833,s354.732450
053_50,s2.252294,s0.624156,s120.000000
053_51,s5.316199,s2.989529,s235.375558
053_52,s5.233981,s4.065755,s300.000000
054_0,s1.366761,s2.161935,s157.258312
054_1,s2.345806,s1.977253,s208.480813
054_2,s1.601642,s3.044012,s146.302970
054_3,s0.749066,s0.914703,s200.750398
054_4,s1.622250,s0.973808,s175.711109
054_5,s2.044783,s1.414126,s72.216562
054_6,s2.024177,s2.892157,s340.309967
054_7,s2.259536,s2.560133,s245.830198
054_8,s2.953395,s0.409535,s247.483513
054_9,s3.857119,s1.286326,s144.454625
054_10,s2.500150,s1.211561,s189.789108
054_11,s1.951353,s2.005948,s39.534278
054_12,s2.902585,s1.978597,s315.824337
054_13,s0.582316,s2.478323,s183.031292
054_14,s2.595046,s3.094490,s332.480320
054_15,s3.688916,s2.406932,s287.109151
054_16,s2.984209,s1.570620,s222.321246
054_17,s3.450369,s1.760001,s263.427714
054_18,s2.469346,s3.672588,s3.122111
054_19,s1.165189,s3.126893,s40.704625
054_20,s1.745397,s3.363502,s46.530680
054_21,s3.054469,s2.735000,s350.122461
054_22,s0.300924,s1.614462,s241.086319
054_23,s1.699637,s3.893033,s307.969703
054_24,s0.862534,s4.432263,s63.254619
054_25,s3.137385,s3.851170,s13.889138
054_26,s0.913920,s3.895739,s322.114697
054_27,s3.464287,s3.650686,s264.497814
054_28,s4.459094,s1.326338,s174.641786
054_29,s3.463281,s3.117528,s246.083806
054_30,s0.343515,s3.519897,s11.046269
054_31,s5.079378,s0.886182,s222.796206
054_32,s3.889331,s4.252387,s83.646179
054_33,s4.043015,s3.199321,s312.787874
054_34,s3.302897,s4.708671,s297.707818
054_35,s4.224791,s3.950579,s274.260544
054_36,s4.492069,s2.983864,s212.180865
054_37,s2.012017,s4.519260,s345.795146
054_38,s2.592267,s4.643994,s309.842309
054_39,s4.986642,s3.744988,s186.560908
054_40,s3.943166,s0.755373,s217.042634
054_41,s4.395084,s2.318210,s176.628877
054_42,s4.152442,s4.565254,s298.619643
054_43,s2.731237,s5.192246,s36.898231
054_44,s1.279537,s4.705666,s37.164767
054_45,s4.905012,s2.146619,s261.512427
054_46,s4.907277,s4.471962,s336.193817
054_47,s3.456816,s5.281356,s54.420046
054_48,s1.837498,s5.156046,s66.493319
054_49,s4.093424,s5.138864,s354.732450
054_50,s2.318803,s0.321851,s113.136143
054_51,s5.310192,s2.957447,s208.987839
054_52,s5.255995,s4.025408,s300.000000
054_53,s5.404342,s1.736491,s210.689931
055_0,s1.529720,s2.158714,s157.258312
055_1,s2.493533,s1.965426,s208.480813
055_2,s1.749370,s3.032184,s146.302970
055_3,s0.569024,s0.659272,s217.053316
055_4,s1.849421,s1.089205,s169.794851
055_5,s2.200239,s1.416937,s72.216562
055_6,s2.171905,s2.880329,s340.309967
055_7,s2.407263,s2.548305,s245.830198
055_8,s3.093732,s0.693792,s225.327641
055_9,s4.004846,s1.274498,s144.454625
055_10,s2.647877,s1.199733,s189.789108
055_11,s2.099080,s1.994120,s39.534278
055_12,s3.050312,s1.966769,s315.824337
055_13,s0.535409,s2.384046,s187.350023
055_14,s2.742774,s3.082662,s332.480320
055_15,s3.794357,s2.426948,s287.109151
055_16,s3.131936,s1.558792,s222.321246
055_17,s3.598096,s1.748173,s271.958805
055_18,s2.617074,s3.660760,s3.122111
055_19,s1.312917,s3.115065,s40.704625
055_20,s1.893124,s3.351674,s46.530680
055_21,s3.196780,s2.599461,s350.122461
055_22,s0.861639,s1.307734,s235.299702
055_23,s1.847364,s3.881206,s307.969703
055_24,s1.010261,s4.420435,s63.254619
055_25,s3.285113,s3.839342,s13.889138
055_26,s1.061647,s3.883911,s322.114697
055_27,s3.612014,s3.638858,s264.327577
055_28,s4.706924,s1.560304,s181.353130
055_29,s3.611008,s3.105700,s246.083806
055_30,s0.491243,s3.508069,s11.046269
055_31,s5.453609,s0.928119,s214.126603
055_32,s4.037058,s4.240559,s83.646179
055_33,s4.190742,s3.187493,s312.787874
055_34,s3.450625,s4.696843,s297.707818
055_35,s4.372518,s3.938751,s274.260544
055_36,s4.639797,s2.972036,s218.658043
055_37,s2.159744,s4.507432,s345.795146
055_38,s2.739994,s4.632166,s309.842309
055_39,s5.105664,s3.723281,s186.560908
055_40,s4.090894,s0.743545,s217.042634
055_41,s4.556397,s2.315111,s219.223815
055_42,s4.280855,s4.529489,s298.619643
055_43,s2.878964,s5.180419,s55.272716
055_44,s1.427265,s4.693838,s37.164767
055_45,s5.282782,s2.183193,s250.874896
055_46,s5.020478,s4.434419,s345.269900
055_47,s3.516894,s5.520395,s61.101000
055_48,s1.989910,s5.134446,s66.493319
055_49,s4.751910,s5.162593,s354.732450
055_50,s2.289981,s0.438943,s123.276416
055_51,s5.533775,s3.070354,s208.987839
055_52,s5.389561,s4.007329,s318.169938
055_53,s5.685155,s1.641397,s204.401569
055_54,s0.350000,s3.239060,s180.000000
056_0,s1.529720,s2.114870,s157.258312
056_1,s2.493533,s1.921582,s208.480813
056_2,s1.749370,s2.988340,s146.302970
056_3,s0.624093,s0.670648,s217.053316
056_4,s1.864522,s1.072348,s169.794851
056_5,s2.204832,s1.382389,s72.216562
056_6,s2.171905,s2.836485,s340.309967
056_7,s2.407263,s2.504461,s245.830198
056_8,s3.089319,s0.762292,s225.327641
056_9,s4.004846,s1.230655,s144.454625
056_10,s2.647877,s1.155890,s189.789108
056_11,s2.099080,s1.950276,s39.534278
056_12,s3.050312,s1.922925,s315.824337
056_13,s0.677403,s2.380704,s187.350023
056_14,s2.742774,s3.038818,s332.480320
056_15,s3.784902,s2.390641,s287.109151
056_16,s3.131936,s1.514949,s222.321246
056_17,s3.593515,s1.713720,s271.958805
056_18,s2.617074,s3.616916,s3.122111
056_19,s1.312917,s3.071221,s40.704625
056_20,s1.893124,s3.307831,s46.530680
056_21,s3.196780,s2.555617,s350.122461
056_22,s0.923750,s1.314750,s235.299702
056_23,s1.847364,s3.837362,s307.969703
056_24,s1.010261,s4.376591,s63.254619
056_25,s3.285113,s3.795498,s13.889138
056_26,s1.061647,s3.840068,s322.114697
056_27,s3.612014,s3.595015,s264.327577
056_28,s4.584759,s1.624481,s181.353130
056_29,s3.611008,s3.061857,s246.083806
056_30,s0.491243,s3.464225,s11.046269
056_31,s5.334644,s0.988198,s214.126603
056_32,s4.037058,s4.196715,s83.646179
056_33,s4.190742,s3.143649,s312.787874
056_34,s3.450625,s4.653000,s297.707818
056_35,s4.359881,s3.886827,s274.260544
056_36,s4.624607,s2.929144,s218.658043
056_37,s2.159744,s4.463588,s345.795146
056_38,s2.739994,s4.588322,s309.842309
056_39,s5.105664,s3.679437,s186.560908
056_40,s4.090894,s0.699701,s217.042634
056_41,s4.513665,s2.292351,s219.223815
056_42,s4.280855,s4.485646,s298.619643
056_43,s2.878964,s5.136575,s55.272716
056_44,s1.427265,s4.649994,s37.164767
056_45,s5.104644,s2.209048,s250.874896
056_46,s4.981873,s4.364510,s345.269900
056_47,s3.503984,s5.416879,s61.101000
056_48,s1.989910,s5.090602,s66.493319
056_49,s4.696728,s5.052584,s354.732450
056_50,s2.301953,s0.438943,s123.276416
056_51,s5.468386,s3.026804,s208.987839
056_52,s5.361192,s3.952548,s318.169938
056_53,s5.551036,s1.669138,s204.401569
056_54,s0.350000,s3.195216,s180.000000
056_55,s4.209174,s5.276005,s0.000000
057_0,s1.582884,s2.165892,s157.258312
057_1,s2.546697,s1.972604,s208.480813
057_2,s1.802533,s3.039362,s146.302970
057_3,s1.130967,s0.885929,s226.810468
057_4,s1.917685,s1.123370,s169.794851
057_5,s2.257995,s1.433411,s72.216562
057_6,s2.225068,s2.887507,s337.868530
057_7,s2.460427,s2.555483,s245.830198
057_8,s3.137397,s0.904714,s225.327641
057_9,s4.058009,s1.281676,s144.454625
057_10,s2.649724,s1.190150,s191.456942
057_11,s2.152243,s2.001298,s39.534278
057_12,s3.103475,s1.973947,s315.824337
057_13,s0.826091,s2.471137,s213.257301
057_14,s2.795937,s3.089840,s332.480320
057_15,s3.838066,s2.441663,s287.109151
057_16,s3.185100,s1.565970,s222.321246
057_17,s3.646678,s1.764742,s271.958805
057_18,s2.670237,s3.667938,s3.122111
057_19,s1.187234,s2.888804,s16.656469
057_20,s1.946288,s3.358852,s46.530680
057_21,s3.246307,s2.617536,s350.122461
057_22,s0.658365,s1.723652,s232.207684
057_23,s1.900528,s3.888383,s307.969703
057_24,s1.063425,s4.427613,s28.279289
057_25,s3.338276,s3.846520,s13.889138
057_26,s1.096246,s3.882673,s322.114697
057_27,s3.665178,s3.646036,s264.327577
057_28,s4.605339,s1.708903,s181.353130
057_29,s3.664171,s3.112878,s246.083806
057_30,s0.487039,s3.536653,s20.849594
057_31,s5.273453,s1.150661,s214.126603
057_32,s4.090221,s4.247737,s83.646179
057_33,s4.243906,s3.194671,s312.787874
057_34,s3.503788,s4.704021,s297.707818
057_35,s4.402960,s3.933863,s279.335226
057_36,s4.677770,s2.980165,s218.658043
057_37,s2.212908,s4.514610,s345.795146
057_38,s2.793157,s4.639344,s309.842309
057_39,s5.158827,s3.730459,s186.560908
057_40,s4.770470,s0.759782,s249.437534
057_41,s4.544350,s2.358244,s219.223815
057_42,s4.334019,s4.536667,s298.619643
057_43,s2.932128,s5.187596,s22.896324
057_44,s0.396926,s5.082333,s28.011103
057_45,s5.148133,s2.264975,s251.127144
057_46,s5.266461,s4.352754,s319.729428
057_47,s3.557147,s5.467901,s12.664949
057_48,s0.755994,s5.579053,s304.240749
057_49,s4.812953,s5.558595,s4.819628
057_50,s2.398665,s0.337178,s105.556478
057_51,s5.509566,s3.079138,s208.987839
057_52,s6.039017,s3.999414,s10.090339
057_53,s5.508342,s1.781224,s212.399589
057_54,s0.340747,s3.118598,s166.796020
057_55,s4.247104,s5.303717,s19.845548
057_56,s1.532518,s5.474583,s340.440176
058_0,s1.470165,s2.047004,s157.258312
058_1,s2.433978,s1.853716,s208.480813
058_2,s1.689815,s2.920474,s146.302970
058_3,s0.987099,s0.654274,s225.260840
058_4,s1.804967,s1.004482,s169.794851
058_5,s2.145277,s1.314523,s67.930040
058_6,s2.112350,s2.768619,s337.868530
058_7,s2.347708,s2.436595,s245.830198
058_8,s3.043587,s0.748414,s226.154815
058_9,s4.026034,s0.885866,s163.395803
058_10,s2.542417,s1.092030,s190.037626
058_11,s2.039525,s1.882410,s39.534278
058_12,s2.990757,s1.855059,s315.824337
058_13,s0.902465,s2.411352,s178.248696
058_14,s2.683219,s2.970952,s332.480320
058_15,s3.758853,s2.375578,s287.151329
058_16,s3.072381,s1.447082,s222.321246
058_17,s3.627024,s1.785530,s274.921631
058_18,s2.557519,s3.549050,s3.122111
058_19,s1.074516,s2.769916,s16.656469
058_20,s1.833569,s3.239964,s46.530680
058_21,s3.132535,s2.509080,s350.122461
058_22,s0.483581,s1.804083,s154.897427
058_23,s1.787809,s3.769496,s307.969703
058_24,s0.977790,s4.293099,s28.279289
058_25,s3.225558,s3.727632,s13.889138
058_26,s1.005236,s3.756612,s322.114697
058_27,s3.552459,s3.527148,s264.327577
058_28,s4.492621,s1.590015,s178.919789
058_29,s3.551453,s2.993990,s246.083806
058_30,s0.450395,s3.871460,s4.019139
058_31,s5.306646,s0.896138,s209.190602
058_32,s3.977503,s4.128849,s83.646179
058_33,s4.131187,s3.075783,s312.787874
058_34,s3.391070,s4.585133,s297.707818
058_35,s4.280450,s3.808849,s279.335226
058_36,s4.565052,s2.861277,s218.658043
058_37,s2.100189,s4.395722,s341.468553
058_38,s2.680439,s4.520456,s309.842309
058_39,s5.046109,s3.611571,s186.560908
058_40,s4.648499,s0.655215,s249.437534
058_41,s4.431631,s2.239356,s219.223815
058_42,s4.262027,s4.367592,s331.169770
058_43,s2.842879,s5.291057,s19.920652
058_44,s0.349995,s5.159160,s359.694676
058_45,s5.035415,s2.146087,s251.127144
058_46,s5.094542,s4.173196,s0.393355
058_47,s3.417431,s5.185286,s354.820977
058_48,s0.897610,s5.796781,s290.078711
058_49,s5.186180,s5.189790,s14.470536
058_50,s2.318723,s0.336110,s106.195543
058_51,s5.396848,s2.960250,s246.970009
058_52,s5.771061,s4.018963,s350.129421
058_53,s5.361645,s1.683243,s212.399589
058_54,s0.394357,s3.004612,s185.499865
058_55,s4.114212,s5.145101,s28.079665
058_56,s1.513803,s5.226444,s330.218993
058_57,s2.164335,s5.246468,s357.277765
059_0,s1.748594,s2.030834,s157.258312
059_1,s2.712407,s1.837546,s208.480813
059_2,s1.968243,s2.904305,s146.302970
059_3,s1.265528,s0.638105,s225.260840
059_4,s2.083395,s0.988312,s169.794851
059_5,s2.423705,s1.298353,s67.930040
059_6,s2.390778,s2.752450,s337.868530
059_7,s2.626137,s2.420426,s245.830198
059_8,s3.319698,s0.777904,s226.154815
059_9,s4.225776,s1.023465,s163.395803
059_10,s2.820846,s1.075861,s190.037626
059_11,s2.317954,s1.866241,s39.534278
059_12,s3.269186,s1.838889,s315.824337
059_13,s1.197114,s2.400097,s178.248696
059_14,s2.961647,s2.954783,s332.480320
059_15,s4.037281,s2.359408,s287.151329
059_16,s3.350810,s1.430913,s222.321246
059_17,s3.889430,s1.797947,s274.921631
059_18,s2.835947,s3.532881,s3.122111
059_19,s1.387395,s2.758910,s16.656469
059_20,s2.111998,s3.223795,s46.530680
059_21,s3.410963,s2.492910,s350.122461
059_22,s0.806550,s1.810579,s154.897427
059_23,s2.066238,s3.753326,s307.969703
059_24,s1.256219,s4.276929,s28.279289
059_25,s3.503986,s3.711462,s13.889138
059_26,s1.283664,s3.740442,s322.114697
059_27,s3.830888,s3.510979,s264.327577
059_28,s4.712788,s1.627447,s178.919789
059_29,s3.829882,s2.977821,s246.083806
059_30,s0.747592,s3.849048,s4.019139
059_31,s5.450590,s1.001097,s209.190602
059_32,s4.255932,s4.112679,s83.646179
059_33,s4.409616,s3.059613,s312.787874
059_34,s3.669498,s4.568964,s297.707818
059_35,s4.558878,s3.792680,s279.335226
059_36,s4.843480,s2.845108,s218.658043
059_37,s2.378618,s4.379553,s341.468553
059_38,s2.958868,s4.504286,s309.842309
059_39,s5.324537,s3.595401,s186.560908
059_40,s4.885756,s0.695881,s249.437534
059_41,s4.696228,s2.230618,s219.223815
059_42,s4.540456,s4.351422,s331.169770
059_43,s3.125082,s5.173811,s19.920652
059_44,s0.652939,s5.122866,s359.694676
059_45,s5.313843,s2.129918,s251.127144
059_46,s5.347127,s4.143604,s0.393355
059_47,s3.671825,s5.063978,s354.820977
059_48,s1.287294,s5.629559,s290.078711
059_49,s5.432260,s5.142725,s14.470536
059_50,s2.600787,s0.336110,s106.195543
059_51,s5.675276,s2.944081,s246.970009
059_52,s5.827759,s3.926355,s350.129421
059_53,s5.640074,s1.667074,s212.399589
059_54,s0.696227,s2.988629,s185.499865
059_55,s4.380765,s5.107945,s28.079665
059_56,s1.828619,s5.153940,s330.218993
059_57,s2.446990,s5.218096,s357.277765
059_58,s0.692820,s3.481033,s120.000000
060_0,s1.700114,s2.315318,s157.258312
060_1,s2.663926,s2.122030,s208.480813
060_2,s1.919763,s3.188788,s146.259059
060_3,s1.117412,s0.896917,s177.351473
060_4,s2.222148,s0.935840,s158.475007
060_5,s2.407255,s1.577450,s92.573786
060_6,s2.342298,s3.036933,s337.868530
060_7,s2.577656,s2.704909,s245.830198
060_8,s3.280966,s0.972753,s234.272532
060_9,s4.058742,s1.436406,s175.539375
060_10,s2.772365,s1.360344,s167.756738
060_11,s2.269473,s2.150724,s39.534278
060_12,s3.220705,s2.123373,s316.598268
060_13,s1.088503,s2.018135,s172.351568
060_14,s2.920972,s3.232584,s332.772234
060_15,s3.988801,s2.643892,s287.151329
060_16,s3.302329,s1.715396,s222.360085
060_17,s3.830635,s2.096064,s274.921631
060_18,s2.791347,s3.807299,s3.122111
060_19,s1.374172,s3.043703,s60.141142
060_20,s2.063517,s3.508278,s46.530680
060_21,s3.354206,s2.756126,s349.035717
060_22,s0.538031,s1.790049,s158.179277
060_23,s1.973660,s4.069715,s298.114125
060_24,s1.484698,s4.765362,s24.695346
060_25,s3.451117,s3.984872,s13.564129
060_26,s1.235184,s4.024925,s322.114697
060_27,s3.782407,s3.795462,s264.327577
060_28,s4.645811,s1.925256,s175.579899
060_29,s3.781401,s3.262304,s246.083806
060_30,s0.464748,s4.213713,s301.505070
060_31,s5.316306,s1.351615,s207.286011
060_32,s4.207451,s4.397163,s83.646179
060_33,s4.361135,s3.344097,s312.787874
060_34,s3.621018,s4.853447,s297.707818
060_35,s4.510398,s4.077163,s279.335226
060_36,s4.795000,s3.129591,s218.658043
060_37,s2.267158,s4.570073,s352.096561
060_38,s2.910387,s4.788770,s309.842309
060_39,s5.276057,s3.879885,s170.154854
060_40,s4.805723,s1.017840,s249.437534
060_41,s4.647748,s2.515101,s220.453556
060_42,s4.491976,s4.635905,s331.169770
060_43,s3.047379,s5.333740,s25.941017
060_44,s0.349849,s5.042038,s358.314620
060_45,s5.265363,s2.414401,s251.127144
060_46,s5.215616,s4.478610,s2.761118
060_47,s3.623344,s5.348462,s350.342276
060_48,s0.834791,s5.557942,s309.321412
060_49,s5.373701,s5.709469,s116.053314
060_50,s3.364211,s0.345778,s98.908433
060_51,s5.519643,s2.919421,s341.721719
060_52,s5.845521,s4.806516,s49.864567
060_53,s5.467766,s1.934003,s215.283492
060_54,s0.837006,s2.909265,s159.603195
060_55,s4.332284,s5.392428,s28.079665
060_56,s1.773366,s5.180169,s354.451169
060_57,s2.394430,s5.588011,s47.943702
060_58,s0.740575,s3.737421,s120.396913
060_59,s5.147974,s0.495730,s127.070013
061_0,s1.609731,s2.291769,s157.258312
061_1,s2.573544,s2.098481,s208.480813
061_2,s1.829381,s3.165239,s146.259059
061_3,s1.162394,s1.037968,s160.070162
061_4,s2.059621,s0.979767,s158.475007
061_5,s2.316873,s1.553901,s92.573786
061_6,s2.251916,s3.013384,s337.868530
061_7,s2.487274,s2.681360,s245.830198
061_8,s3.188573,s1.027163,s234.272532
061_9,s3.917890,s1.513063,s175.539375
061_10,s2.681983,s1.336795,s167.756738
061_11,s2.179091,s2.127175,s39.534278
061_12,s3.130323,s2.099824,s316.598268
061_13,s0.998121,s1.994587,s172.351568
061_14,s2.830590,s3.209035,s332.772234
061_15,s3.887933,s2.626322,s287.151329
061_16,s3.211947,s1.691847,s222.360085
061_17,s3.740253,s2.072515,s274.921631
061_18,s2.700965,s3.783750,s3.122111
061_19,s1.283789,s3.020154,s60.141142
061_20,s1.973135,s3.484729,s46.530680
061_21,s3.263824,s2.732577,s349.035717
061_22,s0.481334,s1.782480,s158.179277
061_23,s1.883278,s4.046167,s298.114125
061_24,s1.394316,s4.741813,s24.695346
061_25,s3.360735,s3.961323,s13.564129
061_26,s1.144802,s4.001377,s322.114697
061_27,s3.692025,s3.771913,s264.327577
061_28,s4.555429,s1.901707,s175.579899
061_29,s3.691019,s3.238755,s246.083806
061_30,s0.477488,s4.147507,s301.505070
061_31,s5.225924,s1.328067,s207.286011
061_32,s4.109818,s4.363706,s83.646179
061_33,s4.270753,s3.320548,s312.787874
061_34,s3.530636,s4.829898,s297.707818
061_35,s4.420016,s4.053614,s279.335226
061_36,s4.704618,s3.106042,s218.658043
061_37,s2.176775,s4.546524,s352.096561
061_38,s2.820005,s4.765221,s309.842309
061_39,s5.185675,s3.856336,s170.154854
061_40,s4.715341,s0.994291,s249.437534
061_41,s4.536264,s2.499889,s220.453556
061_42,s4.401593,s4.612357,s331.169770
061_43,s2.956997,s5.310191,s25.941017
061_44,s0.351290,s4.955069,s358.314620
061_45,s5.174981,s2.390852,s251.127144
061_46,s5.099617,s4.436981,s2.761118
061_47,s3.530035,s5.308505,s350.342276
061_48,s0.782795,s5.494536,s309.321412
061_49,s5.264209,s5.662363,s116.053314
061_50,s3.269749,s0.403987,s98.908433
061_51,s5.401833,s2.897702,s341.721719
061_52,s5.926652,s4.774417,s49.864567
061_53,s5.377384,s1.910454,s215.283492
061_54,s0.687206,s2.816820,s151.318208
061_55,s4.241902,s5.368879,s28.079665
061_56,s1.702796,s5.127438,s354.451169
061_57,s2.330778,s5.484334,s47.943702
061_58,s0.690033,s3.703159,s120.396913
061_59,s5.050096,s0.482232,s127.070013
061_60,s5.506857,s4.045177,s313.902381
062_0,s1.609731,s2.299223,s157.258312
062_1,s2.573544,s2.105935,s208.480813
062_2,s1.829381,s3.172694,s146.259059
062_3,s1.331381,s1.100008,s173.335436
062_4,s2.105545,s1.081318,s158.475007
062_5,s2.316873,s1.561356,s87.206175
062_6,s2.251916,s3.020839,s341.590720
062_7,s2.487274,s2.688815,s245.830198
062_8,s3.188573,s1.034618,s234.272532
062_9,s3.895885,s1.560561,s175.539375
062_10,s2.681983,s1.344250,s167.756738
062_11,s2.179091,s2.134630,s39.534278
062_12,s3.130323,s2.107278,s316.598268
062_13,s0.998121,s2.002041,s172.351568
062_14,s2.830590,s3.216490,s306.122053
062_15,s3.887933,s2.633776,s287.151329
062_16,s3.211947,s1.699302,s222.360085
062_17,s3.740253,s2.079970,s274.921631
062_18,s2.700965,s3.791204,s3.122111
062_19,s1.283789,s3.027609,s63.449922
062_20,s1.973135,s3.492184,s46.530680
062_21,s3.263824,s2.740032,s350.734658
062_22,s0.481334,s1.789934,s158.179277
062_23,s1.883278,s4.053621,s297.087259
062_24,s1.394316,s4.749268,s24.695346
062_25,s3.360735,s3.968778,s13.564129
062_26,s1.144802,s4.008831,s322.114697
062_27,s3.692025,s3.779368,s264.327577
062_28,s4.448963,s1.690118,s168.853251
062_29,s3.691019,s3.246210,s246.083806
062_30,s0.477488,s4.154961,s316.424299
062_31,s5.225924,s1.335521,s207.286011
062_32,s4.109818,s4.371160,s83.646179
062_33,s4.270753,s3.328002,s312.787874
062_34,s3.530636,s4.837353,s297.707818
062_35,s4.420016,s4.061069,s279.335226
062_36,s4.704618,s3.113497,s218.658043
062_37,s2.176775,s4.553978,s352.096561
062_38,s2.820005,s4.772675,s309.842309
062_39,s5.174814,s3.859642,s170.154854
062_40,s4.715341,s1.001745,s249.437534
062_41,s4.536264,s2.507343,s219.143726
062_42,s4.401593,s4.619811,s327.638311
062_43,s2.935110,s5.382550,s26.301364
062_44,s0.396122,s5.093615,s358.314620
062_45,s5.174981,s2.398307,s251.127144
062_46,s5.091281,s4.438700,s2.761118
062_47,s3.530035,s5.315960,s339.882528
062_48,s0.800579,s5.482868,s303.078495
062_49,s5.834971,s5.626030,s81.787028
062_50,s3.268515,s0.427058,s98.908433
062_51,s5.418780,s2.944013,s341.721719
062_52,s5.896310,s4.763462,s53.104658
062_53,s5.377384,s1.917909,s215.283492
062_54,s0.844324,s2.627358,s141.588414
062_55,s4.241902,s5.376334,s28.079665
062_56,s1.702796,s5.134893,s354.451169
062_57,s2.334546,s5.479199,s44.409003
062_58,s0.690033,s3.710614,s120.396913
062_59,s5.040475,s0.502081,s127.070013
062_60,s5.466440,s4.036102,s313.902381
062_61,s2.363416,s0.400000,s120.000000
063_0,s1.537252,s2.299223,s157.258312
063_1,s2.501065,s2.105935,s208.480813
063_2,s1.756902,s3.172694,s146.259059
063_3,s1.332403,s1.306172,s191.481551
063_4,s2.041858,s1.099806,s158.475007
063_5,s2.244394,s1.561356,s97.968252
063_6,s2.179436,s3.020839,s341.590720
063_7,s2.414795,s2.688815,s245.830198
063_8,s3.116094,s1.034618,s224.201626
063_9,s3.817788,s1.571024,s175.539375
063_10,s2.609504,s1.344250,s167.756738
063_11,s2.106612,s2.134630,s39.534278
063_12,s3.057844,s2.107278,s316.598268
063_13,s0.925642,s2.002041,s172.351568
063_14,s2.688942,s3.219841,s306.122053
063_15,s3.815454,s2.633776,s287.151329
063_16,s3.139468,s1.699302,s222.360085
063_17,s3.558518,s2.068950,s276.592573
063_18,s2.628486,s3.791204,s345.121458
063_19,s1.226989,s3.028370,s63.449922
063_20,s1.900656,s3.492184,s46.530680
063_21,s3.191345,s2.740032,s350.734658
063_22,s0.408855,s1.789934,s158.179277
063_23,s1.810799,s4.053621,s297.087259
063_24,s1.321837,s4.749268,s24.695346
063_25,s3.288256,s3.968778,s15.414033
063_26,s1.072323,s4.008831,s322.114697
063_27,s3.619546,s3.779368,s264.327577
063_28,s4.362306,s1.704824,s168.853251
063_29,s3.618540,s3.246210,s246.083806
063_30,s0.290573,s4.524066,s311.310474
063_31,s5.153445,s1.335521,s207.286011
063_32,s4.037339,s4.371160,s83.646179
063_33,s4.198274,s3.328002,s312.787874
063_34,s3.458157,s4.837353,s297.707818
063_35,s4.347537,s4.061069,s283.077333
063_36,s4.632139,s3.113497,s218.658043
063_37,s2.104296,s4.553978,s350.343771
063_38,s2.747526,s4.772675,s309.842309
063_39,s5.102335,s3.859642,s170.154854
063_40,s4.642862,s1.001745,s249.437534
063_41,s4.463785,s2.507343,s219.143726
063_42,s4.322138,s4.611793,s327.638311
063_43,s2.866672,s5.317323,s26.301364
063_44,s0.363058,s5.064258,s26.989231
063_45,s5.102502,s2.398307,s251.127144
063_46,s5.133047,s4.512779,s25.977236
063_47,s3.457556,s5.315960,s339.882528
063_48,s0.728099,s5.482868,s303.078495
063_49,s5.912723,s5.759237,s98.033347
063_50,s3.211820,s0.426263,s119.454704
063_51,s5.381037,s2.854508,s356.352637
063_52,s5.807775,s4.754017,s53.104658
063_53,s5.304905,s1.917909,s215.283492
063_54,s0.865412,s2.647634,s92.500740
063_55,s4.391487,s5.343637,s18.701242
063_56,s1.637177,s5.124800,s354.451169
063_57,s2.279226,s5.424505,s45.769800
063_58,s0.706738,s3.688054,s120.396913
063_59,s4.967996,s0.502081,s127.705583
063_60,s5.393961,s4.036102,s313.902381
063_61,s2.290937,s0.400000,s120.000000
063_62,s3.084903,s5.808587,s296.744624
064_0,s1.520547,s2.318205,s157.258312
064_1,s2.484360,s2.124917,s208.480813
064_2,s1.740197,s3.191676,s146.259059
064_3,s1.323988,s1.333590,s191.481551
064_4,s2.033041,s1.133905,s158.475007
064_5,s2.227689,s1.580338,s97.968252
064_6,s2.162731,s3.039821,s341.590720
064_7,s2.398090,s2.707797,s245.830198
064_8,s3.098395,s1.083110,s224.201626
064_9,s3.801083,s1.590006,s175.539375
064_10,s2.592799,s1.363232,s167.756738
064_11,s2.089907,s2.153612,s39.534278
064_12,s3.041139,s2.126260,s316.598268
064_13,s0.908937,s2.021023,s172.351568
064_14,s2.705232,s3.223422,s306.122053
064_15,s3.798749,s2.652758,s287.151329
064_16,s3.122763,s1.718284,s222.360085
064_17,s3.541813,s2.087932,s276.592573
064_18,s2.652674,s3.739660,s345.121458
064_19,s1.210284,s3.047352,s63.449922
064_20,s1.883951,s3.511166,s46.530680
064_21,s3.163454,s2.783396,s350.734658
064_22,s0.392150,s1.808916,s158.179277
064_23,s1.794094,s4.072603,s297.087259
064_24,s1.305131,s4.768250,s24.695346
064_25,s3.271551,s3.987760,s15.414033
064_26,s1.055618,s4.027813,s322.114697
064_27,s3.602841,s3.798350,s264.327577
064_28,s4.345601,s1.723806,s168.853251
064_29,s3.601835,s3.265192,s246.083806
064_30,s0.401065,s4.475359,s311.310474
064_31,s5.136740,s1.354503,s207.286011
064_32,s4.020634,s4.390142,s83.646179
064_33,s4.181569,s3.346984,s312.787874
064_34,s3.441452,s4.856335,s297.707818
064_35,s4.320079,s4.071872,s283.077333
064_36,s4.615434,s3.132479,s218.658043
064_37,s2.087591,s4.572960,s350.343771
064_38,s2.730821,s4.791657,s309.842309
064_39,s5.085630,s3.878625,s170.154854
064_40,s4.626157,s1.020728,s249.437534
064_41,s4.447080,s2.526325,s219.143726
064_42,s4.305433,s4.630775,s327.638311
064_43,s2.849967,s5.336305,s26.301364
064_44,s0.421666,s5.027223,s26.989231
064_45,s5.085797,s2.417289,s251.127144
064_46,s5.084275,s4.509460,s25.977236
064_47,s3.440851,s5.334942,s339.882528
064_48,s0.711394,s5.501850,s303.078495
064_49,s5.840268,s5.725630,s98.033347
064_50,s3.190615,s0.520657,s119.454704
064_51,s5.326218,s2.876871,s356.352637
064_52,s5.791070,s4.772999,s53.104658
064_53,s5.288200,s1.936891,s215.283492
064_54,s0.848707,s2.666616,s92.500740
064_55,s4.364835,s5.345652,s18.701242
064_56,s1.620472,s5.143782,s354.451169
064_57,s2.262521,s5.443487,s45.769800
064_58,s0.690033,s3.707036,s120.396913
064_59,s4.951291,s0.521063,s127.705583
064_60,s5.377256,s4.055084,s313.902381
064_61,s2.274232,s0.418982,s120.000000
064_62,s3.068197,s5.827569,s296.744624
064_63,s3.630317,s0.400000,s240.000000
065_0,s1.520547,s2.318205,s157.258312
065_1,s2.484360,s2.124917,s208.480813
065_2,s1.740197,s3.191676,s146.259059
065_3,s1.323988,s1.333590,s191.481551
065_4,s2.033041,s1.133905,s158.475007
065_5,s2.227689,s1.580338,s97.968252
065_6,s2.162731,s3.039821,s341.590720
065_7,s2.398090,s2.707797,s245.830198
065_8,s3.098395,s1.083110,s224.201626
065_9,s3.801083,s1.590006,s175.539375
065_10,s2.592799,s1.363232,s167.756738
065_11,s2.089907,s2.153612,s39.534278
065_12,s3.041139,s2.126260,s316.598268
065_13,s0.908937,s2.021023,s172.351568
065_14,s2.705232,s3.223422,s306.122053
065_15,s3.798749,s2.652758,s287.151329
065_16,s3.122763,s1.718284,s222.360085
065_17,s3.537594,s2.099128,s276.592573
065_18,s2.652674,s3.739660,s345.121458
065_19,s1.210284,s3.047352,s63.449922
065_20,s1.883951,s3.511166,s46.530680
065_21,s3.163420,s2.798940,s350.734658
065_22,s0.392150,s1.808916,s158.179277
065_23,s1.794094,s4.072603,s297.087259
065_24,s1.305131,s4.768250,s24.695346
065_25,s3.271551,s3.987760,s15.414033
065_26,s1.055618,s4.027813,s322.114697
065_27,s3.602841,s3.798350,s264.327577
065_28,s4.345601,s1.723806,s168.853251
065_29,s3.601835,s3.265192,s246.083806
065_30,s0.420298,s4.465738,s311.310474
065_31,s5.136740,s1.354503,s207.286011
065_32,s4.020634,s4.390142,s83.646179
065_33,s4.181569,s3.346984,s312.787874
065_34,s3.441452,s4.856335,s297.707818
065_35,s4.320079,s4.071872,s283.077333
065_36,s4.615434,s3.132479,s218.658043
065_37,s2.087591,s4.572960,s350.343771
065_38,s2.730821,s4.791657,s309.842309
065_39,s5.085630,s3.878625,s170.154854
065_40,s4.626157,s1.020728,s249.437534
065_41,s4.447080,s2.526325,s219.143726
065_42,s4.305433,s4.630775,s327.638311
065_43,s2.849967,s5.336305,s26.301364
065_44,s0.461389,s4.999204,s26.989231
065_45,s5.085797,s2.417289,s251.127144
065_46,s5.069099,s4.498279,s25.977236
065_47,s3.440851,s5.334942,s339.882528
065_48,s0.711394,s5.501850,s303.078495
065_49,s5.702848,s5.590553,s98.033347
065_50,s3.190615,s0.520657,s119.454704
065_51,s5.326218,s2.876871,s356.352637
065_52,s5.791070,s4.772999,s53.104658
065_53,s5.288200,s1.936891,s215.283492
065_54,s0.848707,s2.666616,s92.500740
065_55,s4.356861,s5.330713,s18.701242
065_56,s1.620472,s5.143782,s354.451169
065_57,s2.271282,s5.420620,s45.769800
065_58,s0.690033,s3.707036,s120.396913
065_59,s4.951291,s0.521063,s127.705583
065_60,s5.377256,s4.055084,s313.902381
065_61,s2.274232,s0.418982,s120.000000
065_62,s3.068197,s5.827569,s296.744624
065_63,s3.630317,s0.400000,s240.000000
065_64,s5.632730,s3.596029,s240.000000
066_0,s1.520547,s2.318205,s157.258312
066_1,s2.484360,s2.124917,s208.480813
066_2,s1.740197,s3.191676,s146.259059
066_3,s1.323988,s1.333590,s191.481551
066_4,s2.039205,s1.143350,s158.475007
066_5,s2.227689,s1.580338,s97.968252
066_6,s2.162731,s3.039821,s341.590720
066_7,s2.398090,s2.707797,s245.830198
066_8,s3.098395,s1.083110,s224.201626
066_9,s3.801083,s1.590006,s175.539375
066_10,s2.592799,s1.363232,s167.756738
066_11,s2.089907,s2.153612,s39.534278
066_12,s3.041139,s2.126260,s316.598268
066_13,s0.908937,s2.021023,s172.351568
066_14,s2.705232,s3.223422,s306.122053
066_15,s3.798749,s2.652758,s287.151329
066_16,s3.122763,s1.718284,s222.360085
066_17,s3.537594,s2.099128,s276.592573
066_18,s2.652674,s3.739660,s345.121458
066_19,s1.210284,s3.047352,s63.449922
066_20,s1.883951,s3.511166,s46.530680
066_21,s3.163420,s2.798940,s350.734658
066_22,s0.392150,s1.808916,s158.179277
066_23,s1.794094,s4.072603,s297.087259
066_24,s1.305131,s4.768250,s24.695346
066_25,s3.272269,s3.974754,s15.414033
066_26,s1.055618,s4.027813,s322.114697
066_27,s3.602841,s3.798350,s264.327577
066_28,s4.345601,s1.723806,s168.853251
066_29,s3.601835,s3.265192,s246.083806
066_30,s0.420298,s4.465738,s311.310474
066_31,s5.125575,s1.365197,s207.286011
066_32,s4.014486,s4.378894,s83.646179
066_33,s4.181569,s3.346984,s312.787874
066_34,s3.441452,s4.856335,s297.707818
066_35,s4.320079,s4.071872,s283.077333
066_36,s4.615434,s3.132479,s218.658043
066_37,s2.087591,s4.572960,s350.343771
066_38,s2.730821,s4.791657,s309.842309
066_39,s5.085630,s3.878625,s170.154854
066_40,s4.626157,s1.020728,s249.437534
066_41,s4.447080,s2.526325,s219.143726
066_42,s4.305433,s4.630775,s327.638311
066_43,s2.849967,s5.336305,s26.301364
066_44,s0.461389,s4.999204,s26.989231
066_45,s5.085797,s2.417289,s251.127144
066_46,s5.069099,s4.498279,s25.977236
066_47,s3.440851,s5.334942,s339.882528
066_48,s0.711394,s5.501850,s303.078495
066_49,s5.628909,s5.513214,s98.033347
066_50,s3.190615,s0.520657,s119.454704
066_51,s5.326218,s2.876871,s356.352637
066_52,s5.791070,s4.772999,s53.104658
066_53,s5.288200,s1.936891,s215.283492
066_54,s0.848707,s2.666616,s92.500740
066_55,s4.356861,s5.330713,s18.701242
066_56,s1.620472,s5.143782,s354.451169
066_57,s2.271282,s5.420620,s45.769800
066_58,s0.690033,s3.707036,s120.396913
066_59,s4.951291,s0.521063,s127.705583
066_60,s5.377256,s4.055084,s313.902381
066_61,s2.278691,s0.430376,s120.000000
066_62,s3.068197,s5.827569,s296.744624
066_63,s3.630317,s0.400000,s240.000000
066_64,s5.632730,s3.596029,s240.000000
066_65,s5.836335,s1.849169,s260.000000
067_0,s1.520547,s2.695251,s157.258312
067_1,s2.484360,s2.501963,s208.480813
067_2,s1.740197,s3.568722,s146.259059
067_3,s1.369082,s1.358414,s195.319627
067_4,s2.039205,s1.520396,s149.820399
067_5,s2.227689,s1.957384,s97.968252
067_6,s2.162731,s3.416867,s337.234225
067_7,s2.398090,s3.084843,s245.830198
067_8,s3.098395,s1.460157,s224.211385
067_9,s3.801083,s1.967053,s175.539375
067_10,s2.592799,s1.740278,s168.249360
067_11,s2.089907,s2.530658,s39.534278
067_12,s3.041139,s2.503307,s316.598268
067_13,s0.908937,s2.398069,s172.046325
067_14,s2.716584,s3.598546,s306.122053
067_15,s3.798749,s3.029804,s287.151329
067_16,s3.122763,s2.095330,s222.360085
067_17,s3.537594,s2.476174,s276.592573
067_18,s2.652674,s4.116706,s345.121458
067_19,s1.210284,s3.424398,s64.270949
067_20,s1.883951,s3.888212,s46.530680
067_21,s3.190865,s3.202315,s350.734658
067_22,s0.392150,s2.185962,s158.179277
067_23,s2.008911,s4.376180,s297.087259
067_24,s1.305131,s5.145296,s24.695346
067_25,s3.272269,s4.351800,s15.414033
067_26,s1.055618,s4.404859,s322.114697
067_27,s3.602841,s4.175396,s264.327577
067_28,s4.345601,s2.100852,s168.853251
067_29,s3.594862,s3.633119,s246.083806
067_30,s0.346670,s4.691388,s311.310474
067_31,s5.125575,s1.742243,s207.286011
067_32,s4.014486,s4.755940,s83.646179
067_33,s4.181569,s3.724031,s312.787874
067_34,s3.441647,s5.221619,s297.707818
067_35,s4.320079,s4.448918,s282.302437
067_36,s4.615434,s3.509525,s218.658043
067_37,s1.872386,s4.855502,s318.470820
067_38,s2.730821,s5.168704,s309.842309
067_39,s5.085630,s4.255671,s170.984218
067_40,s4.626157,s1.397774,s249.437534
067_41,s4.447080,s2.903372,s217.290443
067_42,s4.305433,s5.007821,s327.638311
067_43,s2.849967,s5.713351,s33.646270
067_44,s0.461389,s5.376250,s18.808272
067_45,s5.085797,s2.794335,s251.127144
067_46,s5.069099,s4.875325,s25.977236
067_47,s3.619719,s5.905193,s339.882528
067_48,s0.711394,s5.878896,s305.695817
067_49,s6.467797,s6.065141,s65.613671
067_50,s3.028301,s0.767067,s131.448337
067_51,s5.325423,s3.267808,s356.352637
067_52,s5.791070,s5.150045,s53.104658
067_53,s5.288200,s2.313937,s215.283492
067_54,s0.848707,s3.043662,s119.044004
067_55,s4.566377,s5.881064,s18.701242
067_56,s1.620472,s5.520828,s354.451169
067_57,s2.198829,s5.941912,s45.769800
067_58,s0.690033,s4.084082,s120.396913
067_59,s5.126968,s0.713798,s69.234813
067_60,s5.377256,s4.432130,s313.902381
067_61,s2.278691,s0.807422,s120.000000
067_62,s3.068197,s6.204615,s296.744624
067_63,s3.617688,s0.465419,s234.424643
067_64,s5.868094,s3.619844,s237.090704
067_65,s5.811976,s2.239032,s260.000000
067_66,s6.161739,s2.871889,s208.854660
068_0,s1.497966,s2.507318,s157.258312
068_1,s2.461779,s2.314030,s208.480813
068_2,s1.717616,s3.380788,s146.259059
068_3,s1.373281,s1.197236,s195.319627
068_4,s2.016625,s1.332463,s149.820399
068_5,s2.205108,s1.769451,s97.968252
068_6,s2.140150,s3.228933,s337.234225
068_7,s2.375509,s2.896909,s245.830198
068_8,s3.075814,s1.272223,s224.211385
068_9,s3.778502,s1.779119,s175.539375
068_10,s2.570218,s1.552344,s168.249360
068_11,s2.067326,s2.342724,s39.534278
068_12,s3.018558,s2.315373,s316.598268
068_13,s0.886356,s2.210136,s172.046325
068_14,s2.694003,s3.410613,s306.122053
068_15,s3.776168,s2.841871,s287.151329
068_16,s3.100182,s1.907397,s222.360085
068_17,s3.515013,s2.288241,s276.592573
068_18,s2.641321,s3.915901,s345.121458
068_19,s1.187703,s3.236465,s64.270949
068_20,s1.861370,s3.700279,s46.530680
068_21,s3.168284,s3.014382,s350.734658
068_22,s0.369569,s1.998029,s158.179277
068_23,s1.996109,s4.180346,s297.087259
068_24,s1.282550,s4.957363,s24.695346
068_25,s3.249688,s4.163867,s15.414033
068_26,s1.033037,s4.216926,s322.114697
068_27,s3.580260,s3.987463,s264.327577
068_28,s4.323020,s1.912918,s168.853251
068_29,s3.572281,s3.445186,s246.083806
068_30,s0.426584,s4.455986,s311.310474
068_31,s5.102994,s1.554310,s207.286011
068_32,s3.991905,s4.568007,s83.646179
068_33,s4.143663,s3.528570,s312.787874
068_34,s3.419066,s5.033686,s297.707818
068_35,s4.297498,s4.260985,s282.302437
068_36,s4.592853,s3.321592,s218.658043
068_37,s1.866378,s4.650363,s318.470820
068_38,s2.711718,s4.969894,s309.842309
068_39,s5.063049,s4.067737,s170.984218
068_40,s4.603576,s1.209840,s249.437534
068_41,s4.424499,s2.715438,s217.290443
068_42,s4.282852,s4.819888,s327.638311
068_43,s2.827386,s5.525417,s33.646270
068_44,s0.526061,s5.125282,s18.808272
068_45,s5.063216,s2.606401,s251.127144
068_46,s5.046518,s4.687392,s25.977236
068_47,s3.577434,s5.548143,s339.882528
068_48,s0.688813,s5.690962,s305.695817
068_49,s6.313787,s5.762313,s65.613671
068_50,s3.025378,s0.756465,s131.448337
068_51,s5.289844,s3.080237,s356.352637
068_52,s5.768489,s4.962112,s53.104658
068_53,s5.265619,s2.126004,s215.283492
068_54,s0.838307,s2.857164,s119.044004
068_55,s4.514988,s5.633615,s18.701242
068_56,s1.597891,s5.332894,s354.451169
068_57,s2.176248,s5.753979,s45.769800
068_58,s0.690033,s3.889425,s120.396913
068_59,s5.067801,s0.578634,s69.234813
068_60,s5.354675,s4.244197,s313.902381
068_61,s2.256110,s0.619488,s120.000000
068_62,s3.052578,s5.933019,s296.744624
068_63,s3.575202,s0.465419,s234.424643
068_64,s5.784789,s3.425171,s237.090704
068_65,s5.789395,s2.051098,s260.000000
068_66,s6.061758,s2.695992,s208.854660
068_67,s5.956545,s4.358343,s200.000000
069_0,s1.552156,s2.780445,s157.258312
069_1,s2.515968,s2.587157,s208.480813
069_2,s1.771805,s3.653915,s146.259059
069_3,s1.427470,s1.470363,s195.319627
069_4,s2.070814,s1.605590,s149.820399
069_5,s2.259297,s2.042578,s97.968252
069_6,s2.194340,s3.502061,s337.234225
069_7,s2.429699,s3.170037,s245.830198
069_8,s3.130003,s1.545350,s224.211385
069_9,s3.832692,s2.052246,s175.539375
069_10,s2.624408,s1.825471,s168.249360
069_11,s2.121515,s2.615851,s39.534278
069_12,s3.072747,s2.588500,s316.598268
069_13,s0.940545,s2.483263,s172.046325
069_14,s2.748193,s3.683740,s306.122053
069_15,s3.830357,s3.114998,s287.151329
069_16,s3.154372,s2.180524,s222.360085
069_17,s3.569202,s2.561368,s276.592573
069_18,s2.695511,s4.189028,s345.121458
069_19,s1.241892,s3.509592,s64.270949
069_20,s1.915560,s3.973406,s46.530680
069_21,s3.222473,s3.287509,s350.734658
069_22,s0.423758,s2.271156,s158.179277
069_23,s2.050299,s4.453473,s297.087259
069_24,s1.336740,s5.230490,s24.695346
069_25,s3.303878,s4.436994,s15.414033
069_26,s1.087226,s4.490053,s322.114697
069_27,s3.634449,s4.260590,s264.327577
069_28,s4.377209,s2.186046,s168.853251
069_29,s3.626470,s3.718313,s246.083806
069_30,s0.480773,s4.729113,s311.310474
069_31,s5.157183,s1.827437,s207.286011
069_32,s4.046094,s4.841134,s83.646179
069_33,s4.197852,s3.801698,s312.787874
069_34,s3.473255,s5.306813,s297.707818
069_35,s4.351687,s4.534112,s282.302437
069_36,s4.647042,s3.594719,s218.658043
069_37,s1.920568,s4.923490,s318.470820
069_38,s2.765908,s5.243021,s309.842309
069_39,s5.117239,s4.340864,s170.984218
069_40,s4.657765,s1.482967,s249.437534
069_41,s4.478688,s2.988565,s209.279779
069_42,s4.337041,s5.093015,s327.638311
069_43,s2.881575,s5.798545,s33.646270
069_44,s0.331311,s5.209689,s18.808272
069_45,s5.117405,s2.879529,s251.127144
069_46,s5.100707,s4.960519,s25.977236
069_47,s3.631623,s5.821271,s339.882528
069_48,s0.749996,s5.956798,s305.695817
069_49,s6.284957,s5.961352,s65.613671
069_50,s3.079567,s1.029592,s131.448337
069_51,s5.344034,s3.353364,s356.352637
069_52,s6.089731,s5.378846,s53.104658
069_53,s5.319808,s2.399131,s215.283492
069_54,s0.892496,s3.130291,s119.044004
069_55,s4.560656,s5.889026,s23.180322
069_56,s1.652081,s5.606022,s354.451169
069_57,s2.230438,s6.027106,s45.769800
069_58,s0.744222,s4.162552,s120.396913
069_59,s5.121990,s0.851761,s73.472246
069_60,s5.408864,s4.517324,s325.107804
069_61,s2.310299,s0.892616,s120.000000
069_62,s3.106767,s6.206146,s296.744624
069_63,s3.616976,s0.837256,s234.424643
069_64,s5.796726,s3.691690,s249.517689
069_65,s5.843584,s2.324226,s260.000000
069_66,s6.115947,s2.969119,s208.854660
069_67,s5.990063,s4.621331,s204.397929
069_68,s4.376991,s0.800000,s180.000000
070_0,s1.631962,s2.789675,s157.258312
070_1,s2.598594,s2.888584,s208.480813
070_2,s1.854430,s3.955343,s146.259059
070_3,s1.510095,s1.771790,s138.871268
070_4,s2.153439,s1.907017,s149.307929
070_5,s2.341923,s2.344005,s97.968252
070_6,s2.276965,s3.803488,s337.234225
070_7,s2.512324,s3.471464,s245.830198
070_8,s3.212628,s1.846777,s224.211385
070_9,s3.915317,s2.353673,s175.539375
070_10,s2.707033,s2.126899,s168.249360
070_11,s2.204140,s2.917279,s39.534278
070_12,s3.155372,s2.889927,s316.598268
070_13,s1.023170,s2.784690,s172.046325
070_14,s2.830818,s3.985167,s306.122053
070_15,s3.912982,s3.416425,s287.151329
070_16,s3.236997,s2.481951,s222.360085
070_17,s3.651827,s2.862795,s276.592573
070_18,s2.778136,s4.490456,s345.121458
070_19,s1.324517,s3.811019,s64.270949
070_20,s1.998185,s4.274833,s46.530680
070_21,s3.305098,s3.588936,s350.734658
070_22,s0.600170,s1.893473,s158.179277
070_23,s2.142022,s4.745596,s297.087259
070_24,s1.419365,s5.531917,s23.944127
070_25,s3.386503,s4.738421,s15.414033
070_26,s1.169851,s4.791480,s322.114697
070_27,s3.717074,s4.562017,s264.327577
070_28,s4.459834,s2.487473,s168.853251
070_29,s3.709095,s4.019740,s246.083806
070_30,s0.563398,s5.030540,s311.310474
070_31,s5.239808,s2.128864,s207.286011
070_32,s4.128719,s5.142561,s83.646179
070_33,s4.280477,s4.103125,s312.787874
070_34,s3.555881,s5.608240,s288.188627
070_35,s4.434312,s4.835539,s282.302437
070_36,s4.729667,s3.896146,s218.658043
070_37,s1.926214,s5.313642,s318.470820
070_38,s2.848533,s5.544448,s309.842309
070_39,s5.199864,s4.642292,s170.984218
070_40,s4.740390,s1.784395,s249.437534
070_41,s4.533280,s3.237917,s212.665121
070_42,s4.419666,s5.394442,s322.814175
070_43,s2.964201,s6.099972,s33.646270
070_44,s0.423412,s5.504607,s8.711203
070_45,s5.200030,s3.180956,s251.127144
070_46,s5.310229,s5.427943,s2.970458
070_47,s3.714248,s6.122698,s336.303189
070_48,s0.832621,s6.258226,s305.695817
070_49,s6.121116,s6.441593,s66.360803
070_50,s3.162192,s1.331020,s131.448337
070_51,s5.426659,s3.654791,s357.177653
070_52,s6.172357,s5.680273,s53.104658
070_53,s5.402433,s2.700558,s215.283492
070_54,s0.975121,s3.431719,s119.044004
070_55,s4.584205,s6.120182,s41.862602
070_56,s1.734706,s5.907449,s354.451169
070_57,s2.313063,s6.328533,s45.769800
070_58,s0.707723,s4.475343,s117.790990
070_59,s5.204615,s1.153188,s73.472246
070_60,s5.491489,s4.818751,s325.107804
070_61,s1.939853,s0.801165,s116.509108
070_62,s3.190155,s6.496455,s296.744624
070_63,s3.687488,s0.674848,s234.424643
070_64,s5.879351,s3.993117,s249.517689
070_65,s5.926209,s2.625653,s260.000000
070_66,s6.221560,s3.363781,s227.130656
070_67,s6.072688,s4.922758,s268.771841
070_68,s4.459616,s1.101427,s182.734314
070_69,s3.112614,s0.795796,s174.123401
071_0,s1.809867,s2.757462,s157.258312
071_1,s2.748411,s2.845756,s208.480813
071_2,s2.004247,s3.912514,s146.259059
071_3,s1.557142,s1.696702,s138.871268
071_4,s2.166445,s1.536774,s142.761621
071_5,s2.491740,s2.301176,s98.146939
071_6,s2.426782,s3.760659,s333.894836
071_7,s2.662141,s3.428635,s245.830198
071_8,s3.362445,s1.803949,s224.211385
071_9,s4.065134,s2.310845,s175.051528
071_10,s2.856850,s2.084070,s163.582573
071_11,s2.353957,s2.874450,s60.741992
071_12,s3.305189,s2.847099,s316.598268
071_13,s0.939570,s2.395206,s135.882886
071_14,s2.980635,s3.942338,s306.122053
071_15,s4.062799,s3.373596,s287.151329
071_16,s3.386814,s2.439122,s222.360085
071_17,s3.801644,s2.819967,s276.592573
071_18,s2.927953,s4.447627,s345.121458
071_19,s1.474334,s3.768190,s64.270949
071_20,s2.148002,s4.232004,s46.530680
071_21,s3.454915,s3.546107,s350.734658
071_22,s0.709175,s0.985266,s168.818572
071_23,s2.291839,s4.702767,s297.087259
071_24,s1.569182,s5.489088,s23.944127
071_25,s3.536320,s4.695592,s15.414033
071_26,s1.319668,s4.748651,s319.413321
071_27,s3.866892,s4.519188,s264.327577
071_28,s4.609651,s2.444644,s168.853251
071_29,s3.858912,s3.976911,s246.083806
071_30,s0.713215,s4.987711,s311.310474
071_31,s5.389625,s2.086035,s207.286011
071_32,s4.274209,s5.090273,s83.646179
071_33,s4.430294,s4.060296,s312.787874
071_34,s3.705698,s5.565411,s288.188627
071_35,s4.584129,s4.792710,s282.302437
071_36,s4.879484,s3.853317,s218.658043
071_37,s2.356952,s5.588557,s318.470820
071_38,s3.009862,s5.454451,s312.271982
071_39,s5.349681,s4.599463,s170.984218
071_40,s4.890207,s1.741566,s249.437534
071_41,s4.811124,s2.981224,s214.291569
071_42,s4.569483,s5.351613,s331.841808
071_43,s3.114018,s6.057143,s33.646270
071_44,s0.573229,s5.461778,s42.993290
071_45,s5.349847,s3.138127,s251.127144
071_46,s5.466256,s5.354106,s3.554930
071_47,s3.854102,s6.006304,s336.303189
071_48,s1.147730,s6.465835,s299.961741
071_49,s6.195169,s6.316515,s47.378515
071_50,s3.312009,s1.288191,s134.041439
071_51,s5.576476,s3.611962,s357.177653
071_52,s6.322174,s5.637444,s53.104658
071_53,s5.552250,s2.657729,s215.283492
071_54,s1.124938,s3.388890,s111.146322
071_55,s4.803513,s6.261837,s41.862602
071_56,s1.884523,s5.864620,s354.451169
071_57,s2.462880,s6.285704,s45.769800
071_58,s0.867366,s4.428693,s117.790990
071_59,s5.639900,s0.738564,s87.061129
071_60,s5.641306,s4.775922,s332.391389
071_61,s2.481940,s0.562845,s92.092585
071_62,s3.339972,s6.453626,s296.744624
071_63,s3.832416,s0.673523,s234.424643
071_64,s6.129389,s4.022310,s238.713711
071_65,s6.076026,s2.582824,s250.457505
071_66,s6.393022,s3.217774,s213.125248
071_67,s6.171843,s4.852371,s237.143812
071_68,s4.350960,s1.217548,s182.734314
071_69,s3.262431,s0.752967,s199.744454
071_70,s0.692820,s3.675044,s60.000000
072_0,s1.851560,s2.774784,s157.258312
072_1,s2.748411,s2.845756,s208.480813
072_2,s2.004247,s3.912514,s146.259059
072_3,s1.651329,s1.784452,s138.871268
072_4,s2.227262,s1.628740,s142.761621
072_5,s2.500227,s2.311524,s98.146939
072_6,s2.426782,s3.760659,s333.894836
072_7,s2.662141,s3.428635,s245.830198
072_8,s3.362445,s1.803949,s224.211385
072_9,s4.065134,s2.310845,s175.051528
072_10,s2.856850,s2.084070,s163.582573
072_11,s2.377758,s2.886841,s60.741992
072_12,s3.305189,s2.847099,s316.598268
072_13,s1.027749,s2.431930,s135.882886
072_14,s2.980635,s3.942338,s306.122053
072_15,s4.062799,s3.373596,s287.151329
072_16,s3.386814,s2.439122,s222.360085
072_17,s3.801644,s2.819967,s276.592573
072_18,s2.927953,s4.447627,s345.121458
072_19,s1.474334,s3.768190,s64.270949
072_20,s2.148002,s4.232004,s46.530680
072_21,s3.454915,s3.546107,s350.734658
072_22,s0.799043,s1.066340,s168.818572
072_23,s2.291839,s4.702767,s297.087259
072_24,s1.584190,s5.472299,s23.944127
072_25,s3.535344,s4.685411,s15.414033
072_26,s1.319668,s4.748651,s319.413321
072_27,s3.866892,s4.519188,s264.327577
072_28,s4.609651,s2.444644,s168.853251
072_29,s3.858912,s3.976911,s246.083806
072_30,s0.724926,s4.980925,s311.310474
072_31,s5.389625,s2.086035,s207.286011
072_32,s4.274209,s5.090273,s83.646179
072_33,s4.430294,s4.060296,s312.787874
072_34,s3.705698,s5.565411,s288.188627
072_35,s4.584129,s4.792710,s282.302437
072_36,s4.879484,s3.853317,s218.658043
072_37,s2.356952,s5.588557,s318.470820
072_38,s3.009862,s5.454451,s312.271982
072_39,s5.349681,s4.599463,s170.984218
072_40,s4.890207,s1.741566,s249.437534
072_41,s4.770462,s2.994329,s214.291569
072_42,s4.561907,s5.338950,s331.841808
072_43,s3.114018,s6.057143,s33.646270
072_44,s0.608301,s5.436688,s42.993290
072_45,s5.349847,s3.138127,s251.127144
072_46,s5.303680,s5.201598,s3.554930
072_47,s3.854102,s6.006304,s336.303189
072_48,s1.189923,s6.409266,s299.961741
072_49,s6.167857,s6.288119,s47.378515
072_50,s3.312009,s1.288191,s134.041439
072_51,s5.576476,s3.611962,s357.177653
072_52,s6.265687,s5.594462,s53.104658
072_53,s5.552250,s2.657729,s215.283492
072_54,s1.124938,s3.388890,s111.146322
072_55,s4.750968,s6.154645,s41.862602
072_56,s1.884523,s5.864620,s354.451169
072_57,s2.462880,s6.285704,s45.769800
072_58,s0.867366,s4.428693,s117.790990
072_59,s5.558003,s0.837585,s87.061129
072_60,s5.641306,s4.775922,s332.391389
072_61,s2.520241,s0.680447,s92.092585
072_62,s3.339972,s6.453626,s296.744624
072_63,s3.808315,s0.832658,s234.424643
072_64,s6.048244,s4.004558,s238.713711
072_65,s6.076026,s2.582824,s250.457505
072_66,s6.312304,s3.223475,s213.125248
072_67,s6.142555,s4.837250,s237.143812
072_68,s4.266720,s1.416673,s182.734314
072_69,s3.262431,s0.752967,s199.744454
072_70,s0.692820,s3.675044,s60.000000
072_71,s0.767152,s2.778517,s60.000000
073_0,s1.851560,s2.774784,s157.258312
073_1,s2.748411,s2.845756,s208.480813
073_2,s2.004247,s3.912514,s146.259059
073_3,s1.720265,s1.848454,s138.871268
073_4,s2.319651,s1.768223,s142.761621
073_5,s2.500227,s2.311524,s98.146939
073_6,s2.426782,s3.760659,s333.894836
073_7,s2.662141,s3.428635,s245.830198
073_8,s3.362445,s1.803949,s224.211385
073_9,s4.065134,s2.310845,s175.051528
073_10,s2.856850,s2.084070,s163.582573
073_11,s2.377758,s2.886841,s60.741992
073_12,s3.305189,s2.847099,s316.598268
073_13,s1.037574,s2.436005,s135.882886
073_14,s2.980635,s3.942338,s306.122053
073_15,s4.062799,s3.373596,s287.151329
073_16,s3.386814,s2.439122,s222.360085
073_17,s3.801644,s2.819967,s276.592573
073_18,s2.927953,s4.447627,s345.121458
073_19,s1.474334,s3.768190,s64.270949
073_20,s2.148002,s4.232004,s46.530680
073_21,s3.454915,s3.546107,s350.734658
073_22,s0.878104,s1.137532,s168.818572
073_23,s2.291839,s4.702767,s297.087259
073_24,s1.592609,s5.462871,s23.944127
073_25,s3.535344,s4.685411,s15.414033
073_26,s1.319668,s4.748651,s319.413321
073_27,s3.866892,s4.519188,s264.327577
073_28,s4.609651,s2.444644,s168.853251
073_29,s3.858912,s3.976911,s246.083806
073_30,s0.724926,s4.980925,s311.310474
073_31,s5.389625,s2.086035,s207.286011
073_32,s4.274209,s5.090273,s83.646179
073_33,s4.430294,s4.060296,s312.787874
073_34,s3.705698,s5.565411,s288.188627
073_35,s4.584129,s4.792710,s282.302437
073_36,s4.879484,s3.853317,s218.658043
073_37,s2.356952,s5.588557,s318.470820
073_38,s3.015693,s5.425192,s312.271982
073_39,s5.349681,s4.599463,s170.984218
073_40,s4.890207,s1.741566,s249.437534
073_41,s4.743073,s3.002968,s214.291569
073_42,s4.561907,s5.338950,s331.841808
073_43,s3.114018,s6.057143,s33.646270
073_44,s0.619283,s5.428804,s42.993290
073_45,s5.349847,s3.138127,s251.127144
073_46,s5.294841,s5.193269,s3.554930
073_47,s3.854102,s6.006304,s336.303189
073_48,s1.189923,s6.409266,s299.961741
073_49,s6.146385,s6.265764,s47.378515
073_50,s3.312009,s1.288191,s134.041439
073_51,s5.576476,s3.611962,s357.177653
073_52,s6.249980,s5.582491,s53.104658
073_53,s5.552250,s2.657729,s215.283492
073_54,s1.124938,s3.388890,s111.146322
073_55,s4.750968,s6.154645,s41.862602
073_56,s1.884523,s5.864620,s354.451169
073_57,s2.462880,s6.285704,s45.769800
073_58,s0.867366,s4.428693,s117.790990
073_59,s5.467135,s0.947163,s87.061129
073_60,s5.641306,s4.775922,s332.391389
073_61,s2.530810,s0.712829,s92.092585
073_62,s3.339972,s6.453626,s296.744624
073_63,s3.802874,s0.868468,s234.424643
073_64,s6.025210,s3.999461,s238.713711
073_65,s6.076026,s2.582824,s250.457505
073_66,s6.233777,s3.228852,s213.125248
073_67,s6.123496,s4.827360,s237.143812
073_68,s4.222200,s1.521484,s182.734314
073_69,s3.262431,s0.752967,s199.744454
073_70,s0.692820,s3.675044,s60.000000
073_71,s0.767152,s2.778517,s60.000000
073_72,s4.627998,s0.556978,s240.000000
074_0,s1.851560,s2.774784,s157.258312
074_1,s2.748411,s2.845756,s208.480813
074_2,s2.004247,s3.912514,s146.259059
074_3,s1.728760,s1.856341,s138.871268
074_4,s2.319651,s1.768223,s142.761621
074_5,s2.500227,s2.311524,s98.146939
074_6,s2.426782,s3.760659,s333.894836
074_7,s2.662141,s3.428635,s245.830198
074_8,s3.362445,s1.803949,s224.211385
074_9,s4.065134,s2.310845,s175.051528
074_10,s2.856850,s2.084070,s163.582573
074_11,s2.377758,s2.886841,s60.741992
074_12,s3.305189,s2.847099,s316.598268
074_13,s1.037574,s2.436005,s135.882886
074_14,s2.980635,s3.942338,s306.122053
074_15,s4.062799,s3.373596,s287.151329
074_16,s3.386814,s2.439122,s222.360085
074_17,s3.801644,s2.819967,s276.592573
074_18,s2.927953,s4.447627,s345.121458
074_19,s1.474334,s3.768190,s64.270949
074_20,s2.148002,s4.232004,s46.530680
074_21,s3.454915,s3.546107,s350.734658
074_22,s1.029108,s1.273504,s168.818572
074_23,s2.291839,s4.702767,s297.087259
074_24,s1.592609,s5.462871,s23.944127
074_25,s3.535344,s4.685411,s15.414033
074_26,s1.319668,s4.748651,s319.413321
074_27,s3.866892,s4.519188,s264.327577
074_28,s4.609651,s2.444644,s168.853251
074_29,s3.858912,s3.976911,s246.083806
074_30,s0.734548,s4.975348,s311.310474
074_31,s5.389625,s2.086035,s207.286011
074_32,s4.274209,s5.090273,s83.646179
074_33,s4.430294,s4.060296,s312.787874
074_34,s3.705698,s5.565411,s288.188627
074_35,s4.584129,s4.792710,s282.302437
074_36,s4.879484,s3.853317,s218.658043
074_37,s2.356952,s5.588557,s318.470820
074_38,s3.015693,s5.425192,s312.271982
074_39,s5.349681,s4.599463,s170.984218
074_40,s4.890207,s1.741566,s249.437534
074_41,s4.743073,s3.002968,s214.291569
074_42,s4.561907,s5.338950,s331.841808
074_43,s3.114018,s6.057143,s33.646270
074_44,s0.619283,s5.428804,s42.993290
074_45,s5.349847,s3.138127,s251.127144
074_46,s5.294841,s5.193269,s3.554930
074_47,s3.854102,s6.006304,s336.303189
074_48,s1.189923,s6.409266,s299.961741
074_49,s6.132025,s6.250812,s47.378515
074_50,s3.312009,s1.288191,s134.041439
074_51,s5.576476,s3.611962,s357.177653
074_52,s6.249980,s5.582491,s53.104658
074_53,s5.552250,s2.657729,s215.283492
074_54,s1.124938,s3.388890,s111.146322
074_55,s4.750968,s6.154645,s41.862602
074_56,s1.884523,s5.864620,s354.451169
074_57,s2.462880,s6.285704,s45.769800
074_58,s0.867366,s4.428693,s117.790990
074_59,s5.371261,s1.062778,s87.061129
074_60,s5.641306,s4.775922,s332.391389
074_61,s2.534127,s0.722993,s92.092585
074_62,s3.339972,s6.453626,s296.744624
074_63,s3.794908,s0.920909,s234.424643
074_64,s6.025210,s3.999461,s238.713711
074_65,s6.076026,s2.582824,s250.457505
074_66,s6.233777,s3.228852,s213.125248
074_67,s6.123496,s4.827360,s237.143812
074_68,s4.222200,s1.521484,s182.734314
074_69,s3.262431,s0.752967,s199.744454
074_70,s0.692820,s3.675044,s60.000000
074_71,s0.767152,s2.778517,s60.000000
074_72,s4.615372,s0.586798,s240.000000
074_73,s5.944483,s1.695464,s240.000000
075_0,s1.851560,s2.880255,s157.258312
075_1,s2.748411,s2.951227,s208.480813
075_2,s2.004247,s4.017985,s146.259059
075_3,s1.728760,s1.961812,s138.871268
075_4,s2.319651,s1.873694,s142.761621
075_5,s2.500227,s2.416995,s98.146939
075_6,s2.426782,s3.866130,s333.894836
075_7,s2.662141,s3.534106,s245.830198
075_8,s3.362445,s1.909420,s224.211385
075_9,s4.065134,s2.416316,s175.051528
075_10,s2.856850,s2.189541,s163.582573
075_11,s2.377758,s2.992312,s60.741992
075_12,s3.305189,s2.952570,s316.598268
075_13,s1.037574,s2.541476,s135.882886
075_14,s2.980635,s4.047809,s306.122053
075_15,s4.062799,s3.479067,s287.151329
075_16,s3.386814,s2.544593,s222.360085
075_17,s3.801644,s2.925438,s276.592573
075_18,s2.927953,s4.553098,s345.121458
075_19,s1.474334,s3.873661,s64.270949
075_20,s2.148002,s4.337475,s46.530680
075_21,s3.454915,s3.651578,s350.734658
075_22,s1.041103,s1.389511,s168.818572
075_23,s2.291839,s4.808239,s297.087259
075_24,s1.592609,s5.568342,s23.944127
075_25,s3.535344,s4.790882,s15.414033
075_26,s1.319668,s4.854123,s319.413321
075_27,s3.866892,s4.624659,s264.327577
075_28,s4.609651,s2.550115,s168.853251
075_29,s3.858912,s4.082382,s246.083806
075_30,s0.734548,s5.080819,s311.310474
075_31,s5.389625,s2.191507,s207.286011
075_32,s4.274209,s5.195744,s83.646179
075_33,s4.430294,s4.165767,s312.787874
075_34,s3.704380,s5.660928,s288.188627
075_35,s4.584129,s4.898181,s282.302437
075_36,s4.879484,s3.958788,s218.658043
075_37,s2.356952,s5.694028,s318.470820
075_38,s3.015693,s5.530663,s312.271982
075_39,s5.349681,s4.704934,s170.984218
075_40,s4.890207,s1.847037,s249.437534
075_41,s4.743073,s3.108439,s214.291569
075_42,s4.561907,s5.444421,s331.841808
075_43,s3.114018,s6.162614,s33.646270
075_44,s0.619283,s5.534275,s42.993290
075_45,s5.349847,s3.243598,s251.127144
075_46,s5.294841,s5.298740,s3.554930
075_47,s3.854102,s6.111775,s336.303189
075_48,s1.189923,s6.514737,s299.961741
075_49,s6.132025,s6.356283,s47.378515
075_50,s3.312009,s1.393662,s134.041439
075_51,s5.576476,s3.717433,s357.177653
075_52,s6.249980,s5.687963,s53.104658
075_53,s5.552250,s2.763200,s215.283492
075_54,s1.124938,s3.494361,s111.146322
075_55,s4.750968,s6.260116,s41.862602
075_56,s1.884523,s5.970091,s354.451169
075_57,s2.462880,s6.391175,s45.769800
075_58,s0.867366,s4.534164,s117.790990
075_59,s5.339168,s1.206085,s87.061129
075_60,s5.641306,s4.881393,s332.391389
075_61,s2.534127,s0.828464,s92.092585
075_62,s3.339972,s6.559097,s296.744624
075_63,s3.794908,s1.026381,s234.424643
075_64,s6.025210,s4.104932,s238.713711
075_65,s6.076026,s2.688295,s250.457505
075_66,s6.233777,s3.334323,s213.125248
075_67,s6.123496,s4.932831,s237.143812
075_68,s4.222200,s1.626955,s182.734314
075_69,s3.262431,s0.858438,s199.744454
075_70,s0.692820,s3.780515,s60.000000
075_71,s0.767152,s2.883988,s60.000000
075_72,s4.584587,s0.763623,s240.000000
075_73,s5.929535,s1.810825,s240.000000
075_74,s2.530526,s0.400000,s240.000000
076_0,s1.851560,s3.138993,s157.258312
076_1,s2.748411,s3.209965,s208.480813
076_2,s2.004247,s4.276723,s146.259059
076_3,s1.728760,s2.220551,s138.871268
076_4,s2.319651,s2.132432,s142.761621
076_5,s2.500227,s2.675733,s98.146939
076_6,s2.426782,s4.124868,s333.894836
076_7,s2.662141,s3.792844,s245.830198
076_8,s3.362445,s2.168158,s224.211385
076_9,s4.065134,s2.675054,s175.051528
076_10,s2.856850,s2.448279,s163.582573
076_11,s2.377758,s3.251051,s60.741992
076_12,s3.305189,s3.211308,s316.598268
076_13,s1.037574,s2.800214,s135.882886
076_14,s2.980635,s4.306547,s306.122053
076_15,s4.062799,s3.737806,s287.151329
076_16,s3.386814,s2.803331,s222.360085
076_17,s3.801644,s3.184176,s276.592573
076_18,s2.927953,s4.811836,s345.121458
076_19,s1.474334,s4.132399,s64.270949
076_20,s2.148002,s4.596213,s46.530680
076_21,s3.454915,s3.910316,s350.734658
076_22,s1.041103,s1.648249,s168.818572
076_23,s2.291839,s5.066977,s297.087259
076_24,s1.592609,s5.827080,s23.944127
076_25,s3.535344,s5.049620,s15.414033
076_26,s1.319668,s5.112861,s319.413321
076_27,s3.866892,s4.883398,s264.327577
076_28,s4.609651,s2.808853,s168.853251
076_29,s3.858912,s4.341121,s246.083806
076_30,s0.734548,s5.339557,s311.310474
076_31,s5.389625,s2.450245,s207.286011
076_32,s4.274209,s5.454482,s83.646179
076_33,s4.430294,s4.424505,s312.787874
076_34,s3.704380,s5.919667,s288.188627
076_35,s4.584129,s5.156920,s282.302437
076_36,s4.879484,s4.217527,s218.658043
076_37,s2.356952,s5.952766,s318.470820
076_38,s3.015693,s5.789401,s312.271982
076_39,s5.349681,s4.963672,s170.984218
076_40,s4.890207,s2.105775,s249.437534
076_41,s4.733164,s3.368901,s214.291569
076_42,s4.561907,s5.703159,s331.841808
076_43,s3.114018,s6.421352,s33.646270
076_44,s0.619283,s5.793013,s42.993290
076_45,s5.349847,s3.502336,s251.127144
076_46,s5.294841,s5.557478,s3.554930
076_47,s3.854102,s6.370514,s336.303189
076_48,s1.196803,s6.763675,s299.961741
076_49,s6.132025,s6.615021,s47.378515
076_50,s3.312009,s1.652400,s134.041439
076_51,s5.576476,s3.976172,s357.177653
076_52,s6.249980,s5.946701,s53.104658
076_53,s5.552250,s3.021939,s215.283492
076_54,s1.124938,s3.753099,s111.146322
076_55,s4.750968,s6.518854,s41.862602
076_56,s1.884523,s6.228829,s354.451169
076_57,s2.462880,s6.649913,s45.769800
076_58,s0.867366,s4.792902,s117.790990
076_59,s5.339168,s1.464823,s87.061129
076_60,s5.641306,s5.140132,s332.391389
076_61,s2.534127,s1.087203,s92.092585
076_62,s3.339972,s6.817835,s296.744624
076_63,s3.794908,s1.285119,s234.424643
076_64,s6.025210,s4.363670,s238.713711
076_65,s6.076026,s2.947033,s250.457505
076_66,s6.233777,s3.593061,s213.125248
076_67,s6.123496,s5.191570,s237.143812
076_68,s4.222200,s1.885693,s182.734314
076_69,s3.262431,s1.117176,s199.744454
076_70,s0.692820,s4.039253,s60.000000
076_71,s0.767152,s3.142726,s60.000000
076_72,s4.579023,s1.034617,s240.000000
076_73,s5.929535,s2.069564,s240.000000
076_74,s2.530526,s0.658738,s240.000000
076_75,s3.892132,s0.751754,s160.000000
077_0,s1.851560,s3.138993,s157.258312
077_1,s2.748411,s3.209965,s208.480813
077_2,s2.004247,s4.276723,s146.259059
077_3,s1.728760,s2.220551,s138.871268
077_4,s2.319651,s2.132432,s142.761621
077_5,s2.500227,s2.675733,s98.146939
077_6,s2.426782,s4.124868,s333.894836
077_7,s2.662141,s3.792844,s245.830198
077_8,s3.362445,s2.168158,s224.211385
077_9,s4.065134,s2.675054,s175.051528
077_10,s2.856850,s2.448279,s163.582573
077_11,s2.377758,s3.251051,s60.741992
077_12,s3.305189,s3.211308,s316.598268
077_13,s1.037574,s2.800214,s135.882886
077_14,s2.980635,s4.306547,s306.122053
077_15,s4.062799,s3.737806,s287.151329
077_16,s3.386814,s2.803331,s222.360085
077_17,s3.801644,s3.184176,s276.592573
077_18,s2.927953,s4.811836,s345.121458
077_19,s1.474334,s4.132399,s64.270949
077_20,s2.148002,s4.596213,s46.530680
077_21,s3.454915,s3.910316,s350.734658
077_22,s1.041103,s1.648249,s168.818572
077_23,s2.291839,s5.066977,s297.087259
077_24,s1.592609,s5.827080,s23.944127
077_25,s3.535344,s5.049620,s15.414033
077_26,s1.319668,s5.112861,s319.413321
077_27,s3.866892,s4.883398,s264.327577
077_28,s4.609651,s2.808853,s168.853251
077_29,s3.858912,s4.341121,s246.083806
077_30,s0.734548,s5.339557,s311.310474
077_31,s5.389625,s2.450245,s207.286011
077_32,s4.274209,s5.454482,s83.646179
077_33,s4.430294,s4.424505,s312.787874
077_34,s3.704380,s5.919667,s288.188627
077_35,s4.584129,s5.156920,s282.302437
077_36,s4.879484,s4.217527,s218.658043
077_37,s2.356952,s5.952766,s318.470820
077_38,s3.015693,s5.789401,s312.271982
077_39,s5.349681,s4.963672,s170.984218
077_40,s4.890207,s2.105775,s249.437534
077_41,s4.733164,s3.368901,s214.291569
077_42,s4.561907,s5.703159,s331.841808
077_43,s3.114018,s6.421352,s33.646270
077_44,s0.619283,s5.793013,s42.993290
077_45,s5.349847,s3.502336,s251.127144
077_46,s5.294841,s5.557478,s3.554930
077_47,s3.851862,s6.356400,s336.303189
077_48,s1.196803,s6.763675,s299.961741
077_49,s6.132025,s6.615021,s47.378515
077_50,s3.312009,s1.652400,s134.041439
077_51,s5.576476,s3.976172,s357.177653
077_52,s6.249980,s5.946701,s53.104658
077_53,s5.552250,s3.021939,s215.283492
077_54,s1.124938,s3.753099,s111.146322
077_55,s4.750968,s6.518854,s41.862602
077_56,s1.884523,s6.228829,s354.451169
077_57,s2.462880,s6.649913,s45.769800
077_58,s0.867366,s4.792902,s117.790990
077_59,s5.339168,s1.464823,s87.061129
077_60,s5.641306,s5.140132,s332.391389
077_61,s2.534127,s1.087203,s92.092585
077_62,s3.339972,s6.817835,s296.744624
077_63,s3.794908,s1.285119,s234.424643
077_64,s6.025210,s4.363670,s238.713711
077_65,s6.076026,s2.947033,s250.457505
077_66,s6.233777,s3.593061,s213.125248
077_67,s6.123496,s5.191570,s237.143812
077_68,s4.222200,s1.885693,s182.734314
077_69,s3.262431,s1.117176,s199.744454
077_70,s0.692820,s4.039253,s60.000000
077_71,s0.767152,s3.142726,s60.000000
077_72,s4.579023,s1.034617,s240.000000
077_73,s5.929535,s2.069564,s240.000000
077_74,s2.530526,s0.658738,s240.000000
077_75,s3.892132,s0.751754,s160.000000
077_76,s0.380153,s2.629274,s20.000000
078_0,s1.851560,s3.138993,s157.258312
078_1,s2.748411,s3.209965,s208.480813
078_2,s2.004247,s4.276723,s146.259059
078_3,s1.728760,s2.220551,s138.871268
078_4,s2.319651,s2.132432,s142.761621
078_5,s2.500227,s2.675733,s98.146939
078_6,s2.426782,s4.124868,s333.894836
078_7,s2.662141,s3.792844,s245.830198
078_8,s3.362445,s2.168158,s224.211385
078_9,s4.065134,s2.675054,s175.051528
078_10,s2.856850,s2.448279,s163.582573
078_11,s2.377758,s3.251051,s60.741992
078_12,s3.305189,s3.211308,s316.598268
078_13,s1.037574,s2.800214,s135.882886
078_14,s2.980635,s4.306547,s306.122053
078_15,s4.051701,s3.735513,s287.151329
078_16,s3.386814,s2.803331,s222.360085
078_17,s3.801644,s3.184176,s276.592573
078_18,s2.927953,s4.811836,s345.121458
078_19,s1.474334,s4.132399,s64.270949
078_20,s2.148002,s4.596213,s46.530680
078_21,s3.454915,s3.910316,s350.734658
078_22,s1.041103,s1.648249,s168.818572
078_23,s2.291839,s5.066977,s297.087259
078_24,s1.592609,s5.827080,s23.944127
078_25,s3.535344,s5.049620,s15.414033
078_26,s1.319668,s5.112861,s319.413321
078_27,s3.866892,s4.883398,s264.327577
078_28,s4.609651,s2.808853,s168.853251
078_29,s3.858912,s4.341121,s246.083806
078_30,s0.734548,s5.339557,s311.310474
078_31,s5.389625,s2.450245,s207.286011
078_32,s4.274209,s5.454482,s83.646179
078_33,s4.430294,s4.424505,s312.787874
078_34,s3.704380,s5.919667,s288.188627
078_35,s4.584129,s5.156920,s282.302437
078_36,s4.879484,s4.217527,s218.658043
078_37,s2.356952,s5.952766,s318.470820
078_38,s3.015693,s5.789401,s312.271982
078_39,s5.349681,s4.963672,s170.984218
078_40,s4.890207,s2.105775,s249.437534
078_41,s4.733164,s3.368901,s214.291569
078_42,s4.561907,s5.703159,s331.841808
078_43,s3.114018,s6.421352,s33.646270
078_44,s0.619283,s5.793013,s42.993290
078_45,s5.349847,s3.502336,s251.127144
078_46,s5.294841,s5.557478,s3.554930
078_47,s3.851862,s6.356400,s336.303189
078_48,s1.196803,s6.763675,s299.961741
078_49,s6.132025,s6.615021,s47.378515
078_50,s3.312009,s1.652400,s134.041439
078_51,s5.576476,s3.976172,s357.177653
078_52,s6.249980,s5.946701,s53.104658
078_53,s5.552250,s3.021939,s215.283492
078_54,s1.124938,s3.753099,s111.146322
078_55,s4.750968,s6.518854,s41.862602
078_56,s1.884523,s6.228829,s354.451169
078_57,s2.462880,s6.649913,s45.769800
078_58,s0.867366,s4.792902,s117.790990
078_59,s5.339168,s1.464823,s87.061129
078_60,s5.641306,s5.140132,s332.391389
078_61,s2.534127,s1.087203,s92.092585
078_62,s3.339972,s6.817835,s296.744624
078_63,s3.794908,s1.285119,s234.424643
078_64,s6.025210,s4.363670,s238.713711
078_65,s6.076026,s2.947033,s250.457505
078_66,s6.233777,s3.593061,s213.125248
078_67,s6.123496,s5.191570,s237.143812
078_68,s4.222200,s1.885693,s182.734314
078_69,s3.262431,s1.117176,s199.744454
078_70,s0.692820,s4.039253,s60.000000
078_71,s0.767152,s3.142726,s60.000000
078_72,s4.579023,s1.034617,s240.000000
078_73,s5.929535,s2.069564,s240.000000
078_74,s2.530526,s0.658738,s240.000000
078_75,s3.892132,s0.751754,s160.000000
078_76,s0.380153,s2.629274,s20.000000
078_77,s5.740924,s1.539049,s220.000000
079_0,s1.851560,s3.129095,s157.258312
079_1,s2.748411,s3.200067,s208.480813
079_2,s2.004247,s4.266825,s146.259059
079_3,s1.728760,s2.210652,s138.871268
079_4,s2.319651,s2.122534,s142.761621
079_5,s2.500227,s2.665835,s98.146939
079_6,s2.426782,s4.114970,s333.894836
079_7,s2.662141,s3.782946,s245.830198
079_8,s3.362445,s2.158260,s224.211385
079_9,s4.065134,s2.665156,s175.051528
079_10,s2.856850,s2.438381,s163.582573
079_11,s2.377758,s3.241152,s60.741992
079_12,s3.305189,s3.201410,s316.598268
079_13,s1.037574,s2.790316,s135.882886
079_14,s2.980635,s4.296649,s306.122053
079_15,s4.051701,s3.725615,s287.151329
079_16,s3.386814,s2.793433,s222.360085
079_17,s3.801644,s3.174278,s276.592573
079_18,s2.927953,s4.801938,s345.121458
079_19,s1.474334,s4.122501,s64.270949
079_20,s2.148002,s4.586315,s46.530680
079_21,s3.454915,s3.900418,s350.734658
079_22,s1.041103,s1.638351,s168.818572
079_23,s2.291839,s5.057079,s297.087259
079_24,s1.592609,s5.817182,s23.944127
079_25,s3.535344,s5.039722,s15.414033
079_26,s1.319668,s5.102963,s319.413321
079_27,s3.866892,s4.873499,s264.327577
079_28,s4.609651,s2.798955,s168.853251
079_29,s3.858912,s4.331222,s246.083806
079_30,s0.734548,s5.329659,s311.310474
079_31,s5.389625,s2.440347,s207.286011
079_32,s4.274209,s5.444584,s83.646179
079_33,s4.430294,s4.414607,s312.787874
079_34,s3.704380,s5.909768,s288.188627
079_35,s4.584129,s5.147021,s282.302437
079_36,s4.879484,s4.207628,s218.658043
079_37,s2.356952,s5.942868,s318.470820
079_38,s3.015693,s5.779503,s312.271982
079_39,s5.349681,s4.953774,s170.984218
079_40,s4.890207,s2.095877,s249.437534
079_41,s4.733164,s3.359002,s214.291569
079_42,s4.561907,s5.693261,s331.841808
079_43,s3.114018,s6.411454,s33.646270
079_44,s0.619283,s5.783115,s42.993290
079_45,s5.349847,s3.492438,s251.127144
079_46,s5.294841,s5.547580,s3.554930
079_47,s3.851862,s6.346502,s336.303189
079_48,s1.196803,s6.753777,s299.961741
079_49,s6.132025,s6.605123,s47.378515
079_50,s3.312009,s1.642502,s134.041439
079_51,s5.576476,s3.966273,s357.177653
079_52,s6.249980,s5.936803,s53.104658
079_53,s5.552250,s3.012040,s215.283492
079_54,s1.124938,s3.743201,s111.146322
079_55,s4.750968,s6.508956,s41.862602
079_56,s1.884523,s6.218931,s354.451169
079_57,s2.462880,s6.640015,s45.769800
079_58,s0.867366,s4.783004,s117.790990
079_59,s5.339168,s1.454925,s87.061129
079_60,s5.641306,s5.130233,s332.391389
079_61,s2.534127,s1.077304,s92.092585
079_62,s3.339972,s6.807937,s296.744624
079_63,s3.794908,s1.275221,s234.424643
079_64,s6.025210,s4.353772,s238.713711
079_65,s6.076026,s2.937135,s250.457505
079_66,s6.233777,s3.583163,s213.125248
079_67,s6.123496,s5.181671,s237.143812
079_68,s4.222200,s1.875795,s182.734314
079_69,s3.262431,s1.107278,s199.744454
079_70,s0.692820,s4.029355,s60.000000
079_71,s0.767152,s3.132828,s60.000000
079_72,s4.579023,s1.024718,s240.000000
079_73,s5.929535,s2.059665,s240.000000
079_74,s2.530526,s0.648840,s240.000000
079_75,s3.890476,s0.751754,s160.000000
079_76,s0.380153,s2.619376,s20.000000
079_77,s5.740924,s1.529151,s220.000000
079_78,s1.889491,s0.759774,s120.000000
080_0,s2.156867,s3.129095,s157.258312
080_1,s3.053718,s3.200067,s208.480813
080_2,s2.309554,s4.266825,s146.259059
080_3,s2.034067,s2.210652,s138.871268
080_4,s2.624958,s2.122534,s142.761621
080_5,s2.805534,s2.665835,s98.146939
080_6,s2.732089,s4.114970,s333.894836
080_7,s2.967448,s3.782946,s245.830198
080_8,s3.667753,s2.158260,s224.211385
080_9,s4.370441,s2.665156,s175.051528
080_10,s3.162157,s2.438381,s163.582573
080_11,s2.683065,s3.241152,s60.741992
080_12,s3.610497,s3.201410,s316.598268
080_13,s1.342881,s2.790316,s135.882886
080_14,s3.285942,s4.296649,s306.122053
080_15,s4.357008,s3.725615,s287.151329
080_16,s3.692121,s2.793433,s222.360085
080_17,s4.106951,s3.174278,s276.592573
080_18,s3.233260,s4.801938,s345.121458
080_19,s1.779641,s4.122501,s64.270949
080_20,s2.453309,s4.586315,s46.530680
080_21,s3.708597,s3.819630,s350.734658
080_22,s1.346410,s1.638351,s168.818572
080_23,s2.597146,s5.057079,s297.087259
080_24,s1.897916,s5.817182,s23.944127
080_25,s3.840652,s5.039722,s15.414033
080_26,s1.624975,s5.102963,s319.413321
080_27,s4.172199,s4.873499,s264.327577
080_28,s4.914958,s2.798955,s168.853251
080_29,s4.155075,s4.320000,s246.083806
080_30,s1.039855,s5.329659,s311.310474
080_31,s5.694933,s2.440347,s207.286011
080_32,s4.579516,s5.444584,s83.646179
080_33,s4.735601,s4.414607,s312.787874
080_34,s4.009687,s5.909768,s288.188627
080_35,s4.889437,s5.147021,s282.302437
080_36,s5.184792,s4.207628,s218.658043
080_37,s2.662259,s5.942868,s318.470820
080_38,s3.321001,s5.779503,s312.271982
080_39,s5.654988,s4.953774,s170.984218
080_40,s5.136765,s2.150125,s249.437534
080_41,s5.038471,s3.359002,s214.291569
080_42,s4.867214,s5.693261,s331.841808
080_43,s3.419325,s6.411454,s33.646270
080_44,s0.924591,s5.783115,s42.993290
080_45,s5.655154,s3.492438,s251.127144
080_46,s5.600149,s5.547580,s3.554930
080_47,s4.157169,s6.346502,s336.303189
080_48,s1.502110,s6.753777,s299.961741
080_49,s6.437332,s6.605123,s47.378515
080_50,s3.617316,s1.642502,s134.041439
080_51,s5.881783,s3.966273,s357.177653
080_52,s6.555288,s5.936803,s53.104658
080_53,s5.857558,s3.012040,s215.283492
080_54,s1.430245,s3.743201,s111.146322
080_55,s5.056275,s6.508956,s41.862602
080_56,s2.189830,s6.218931,s354.451169
080_57,s2.768187,s6.640015,s45.769800
080_58,s1.172673,s4.783004,s117.790990
080_59,s5.593511,s1.507539,s87.061129
080_60,s5.946613,s5.130233,s332.391389
080_61,s2.839434,s1.077304,s92.092585
080_62,s3.645279,s6.807937,s296.744624
080_63,s4.100215,s1.275221,s234.424643
080_64,s6.330518,s4.353772,s238.713711
080_65,s6.381333,s2.937135,s250.457505
080_66,s6.539084,s3.583163,s213.125248
080_67,s6.428803,s5.181671,s237.143812
080_68,s4.527507,s1.875795,s182.734314
080_69,s3.567738,s1.107278,s199.744454
080_70,s0.998128,s4.029355,s60.000000
080_71,s1.072460,s3.132828,s60.000000
080_72,s4.884330,s1.024718,s240.000000
080_73,s6.234842,s2.059665,s240.000000
080_74,s2.835833,s0.648840,s240.000000
080_75,s4.195783,s0.751754,s160.000000
080_76,s0.685460,s2.619376,s20.000000
080_77,s6.022211,s1.549210,s220.000000
080_78,s2.194798,s0.759774,s120.000000
080_79,s0.692820,s5.292166,s120.000000
081_0,s2.156867,s3.129095,s157.258312
081_1,s3.053718,s3.200067,s208.480813
081_2,s2.309554,s4.266825,s146.259059
081_3,s2.034067,s2.210652,s138.871268
081_4,s2.624958,s2.122534,s142.761621
081_5,s2.805534,s2.665835,s98.146939
081_6,s2.732089,s4.114970,s333.894836
081_7,s2.967448,s3.782946,s245.830198
081_8,s3.667753,s2.158260,s224.211385
081_9,s4.370441,s2.665156,s175.051528
081_10,s3.162157,s2.438381,s163.582573
081_11,s2.683065,s3.241152,s60.741992
081_12,s3.610497,s3.201410,s316.598268
081_13,s1.342881,s2.790316,s135.882886
081_14,s3.285942,s4.296649,s306.122053
081_15,s4.357008,s3.725615,s287.151329
081_16,s3.692121,s2.793433,s222.360085
081_17,s4.106951,s3.174278,s276.592573
081_18,s3.233260,s4.801938,s345.121458
081_19,s1.779641,s4.122501,s64.270949
081_20,s2.453309,s4.586315,s46.530680
081_21,s3.708597,s3.819630,s350.734658
081_22,s1.346410,s1.638351,s168.818572
081_23,s2.597146,s5.057079,s297.087259
081_24,s1.897916,s5.817182,s23.944127
081_25,s3.840652,s5.039722,s15.414033
081_26,s1.624975,s5.102963,s319.413321
081_27,s4.172199,s4.873499,s264.327577
081_28,s4.914958,s2.798955,s168.853251
081_29,s4.155075,s4.320000,s246.083806
081_30,s1.039855,s5.329659,s311.310474
081_31,s5.694933,s2.440347,s207.286011
081_32,s4.579516,s5.444584,s83.646179
081_33,s4.724040,s4.406534,s312.787874
081_34,s4.009687,s5.909768,s288.188627
081_35,s4.889437,s5.147021,s282.302437
081_36,s5.184792,s4.207628,s218.658043
081_37,s2.662259,s5.942868,s318.470820
081_38,s3.321001,s5.779503,s312.271982
081_39,s5.654988,s4.953774,s170.984218
081_40,s5.136765,s2.150125,s249.437534
081_41,s5.038471,s3.359002,s214.291569
081_42,s4.867214,s5.693261,s331.841808
081_43,s3.419325,s6.411454,s33.646270
081_44,s0.924591,s5.783115,s42.993290
081_45,s5.655154,s3.492438,s251.127144
081_46,s5.600149,s5.547580,s3.554930
081_47,s4.157169,s6.346502,s336.303189
081_48,s1.502110,s6.753777,s299.961741
081_49,s6.437332,s6.605123,s47.378515
081_50,s3.617316,s1.642502,s134.041439
081_51,s5.881783,s3.966273,s357.177653
081_52,s6.555288,s5.936803,s53.104658
081_53,s5.857558,s3.012040,s215.283492
081_54,s1.430245,s3.743201,s111.146322
081_55,s5.056275,s6.508956,s41.862602
081_56,s2.189830,s6.218931,s354.451169
081_57,s2.768187,s6.640015,s45.769800
081_58,s1.172673,s4.783004,s117.790990
081_59,s5.593511,s1.507539,s87.061129
081_60,s5.946613,s5.130233,s332.391389
081_61,s2.839434,s1.077304,s92.092585
081_62,s3.645279,s6.807937,s296.744624
081_63,s4.100215,s1.275221,s234.424643
081_64,s6.330518,s4.353772,s238.713711
081_65,s6.381333,s2.937135,s250.457505
081_66,s6.539084,s3.583163,s213.125248
081_67,s6.428803,s5.181671,s237.143812
081_68,s4.527507,s1.875795,s182.734314
081_69,s3.567738,s1.107278,s199.744454
081_70,s0.998128,s4.029355,s60.000000
081_71,s1.072460,s3.132828,s60.000000
081_72,s4.884330,s1.024718,s240.000000
081_73,s6.234842,s2.059665,s240.000000
081_74,s2.835833,s0.648840,s240.000000
081_75,s4.195783,s0.751754,s160.000000
081_76,s0.685460,s2.619376,s20.000000
081_77,s5.990628,s1.575585,s220.000000
081_78,s2.194798,s0.759774,s120.000000
081_79,s0.692820,s5.292166,s120.000000
081_80,s4.746471,s0.503387,s120.000000
082_0,s2.156867,s3.129095,s157.258312
082_1,s3.053718,s3.200067,s208.480813
082_2,s2.309554,s4.266825,s146.259059
082_3,s2.041976,s2.217813,s138.871268
082_4,s2.624958,s2.122534,s142.761621
082_5,s2.805534,s2.665835,s98.146939
082_6,s2.732089,s4.114970,s333.894836
082_7,s2.967448,s3.782946,s245.830198
082_8,s3.667753,s2.158260,s224.211385
082_9,s4.370441,s2.665156,s175.051528
082_10,s3.162157,s2.438381,s163.582573
082_11,s2.683065,s3.241152,s60.741992
082_12,s3.610497,s3.201410,s316.598268
082_13,s1.342881,s2.790316,s135.882886
082_14,s3.285942,s4.296649,s306.122053
082_15,s4.357008,s3.725615,s287.151329
082_16,s3.692121,s2.793433,s222.360085
082_17,s4.106951,s3.174278,s276.592573
082_18,s3.233260,s4.801938,s345.121458
082_19,s1.779641,s4.122501,s64.270949
082_20,s2.453309,s4.586315,s46.530680
082_21,s3.708597,s3.819630,s350.734658
082_22,s1.346410,s1.638351,s168.818572
082_23,s2.597146,s5.057079,s297.087259
082_24,s1.897916,s5.817182,s23.944127
082_25,s3.840652,s5.039722,s15.414033
082_26,s1.624975,s5.102963,s319.413321
082_27,s4.167315,s4.863203,s264.327577
082_28,s4.914958,s2.798955,s168.853251
082_29,s4.155075,s4.320000,s246.083806
082_30,s1.039855,s5.329659,s311.310474
082_31,s5.694933,s2.440347,s207.286011
082_32,s4.579516,s5.444584,s83.646179
082_33,s4.724040,s4.406534,s312.787874
082_34,s4.009687,s5.909768,s288.188627
082_35,s4.889437,s5.147021,s282.302437
082_36,s5.184792,s4.207628,s218.658043
082_37,s2.662259,s5.942868,s318.470820
082_38,s3.321001,s5.779503,s312.271982
082_39,s5.654988,s4.953774,s170.984218
082_40,s5.122436,s2.163355,s249.437534
082_41,s5.038471,s3.359002,s214.291569
082_42,s4.867214,s5.693261,s331.841808
082_43,s3.419325,s6.411454,s33.646270
082_44,s0.924591,s5.783115,s42.993290
082_45,s5.655154,s3.492438,s251.127144
082_46,s5.600149,s5.547580,s3.554930
082_47,s4.157169,s6.346502,s336.303189
082_48,s1.502110,s6.753777,s299.961741
082_49,s6.437332,s6.605123,s47.378515
082_50,s3.617316,s1.642502,s134.041439
082_51,s5.881783,s3.966273,s357.177653
082_52,s6.555288,s5.936803,s53.104658
082_53,s5.857558,s3.012040,s215.283492
082_54,s1.430245,s3.743201,s111.146322
082_55,s5.056275,s6.508956,s41.862602
082_56,s2.189830,s6.218931,s354.451169
082_57,s2.768187,s6.640015,s45.769800
082_58,s1.172673,s4.783004,s117.790990
082_59,s5.593511,s1.507539,s87.061129
082_60,s5.946613,s5.130233,s332.391389
082_61,s2.839434,s1.077304,s92.092585
082_62,s3.645279,s6.807937,s296.744624
082_63,s4.100215,s1.275221,s234.424643
082_64,s6.330518,s4.353772,s238.713711
082_65,s6.381333,s2.937135,s250.457505
082_66,s6.539084,s3.583163,s213.125248
082_67,s6.428803,s5.181671,s237.143812
082_68,s4.527507,s1.875795,s182.734314
082_69,s3.567738,s1.107278,s199.744454
082_70,s0.998128,s4.029355,s60.000000
082_71,s1.072460,s3.132828,s60.000000
082_72,s4.884330,s1.024718,s240.000000
082_73,s6.234842,s2.059665,s240.000000
082_74,s2.835833,s0.648840,s240.000000
082_75,s4.195783,s0.751754,s160.000000
082_76,s0.685460,s2.619376,s20.000000
082_77,s5.990628,s1.575585,s220.000000
082_78,s2.194798,s0.759774,s120.000000
082_79,s0.692820,s5.292166,s120.000000
082_80,s4.746471,s0.503387,s120.000000
082_81,s1.049062,s1.912217,s60.000000
083_0,s2.358921,s3.109891,s157.258312
083_1,s3.255771,s3.180862,s208.480813
083_2,s2.511608,s4.247621,s146.259059
083_3,s2.197802,s2.230795,s138.271654
083_4,s2.827011,s2.103330,s142.761621
083_5,s3.007587,s2.646631,s98.146939
083_6,s2.934142,s4.095766,s333.894836
083_7,s3.169501,s3.763742,s245.830198
083_8,s3.869806,s2.139056,s224.211385
083_9,s4.572494,s2.645952,s175.051528
083_10,s3.364210,s2.419177,s163.582573
083_11,s2.885119,s3.221948,s60.741992
083_12,s3.812550,s3.182206,s316.598268
083_13,s1.645187,s2.813755,s153.173793
083_14,s3.487995,s4.277445,s306.122053
083_15,s4.559061,s3.706411,s287.151329
083_16,s3.894174,s2.774229,s222.360085
083_17,s4.309005,s3.155073,s276.592573
083_18,s3.435313,s4.782734,s345.121458
083_19,s1.981695,s4.103297,s64.270949
083_20,s2.655362,s4.567111,s46.530680
083_21,s3.910650,s3.800425,s350.734658
083_22,s0.611816,s1.568019,s163.810892
083_23,s2.830038,s4.988201,s301.065052
083_24,s2.110287,s5.783889,s23.944127
083_25,s4.042705,s5.020517,s15.414033
083_26,s1.827029,s5.083758,s316.186730
083_27,s4.369368,s4.843999,s264.327577
083_28,s5.117012,s2.779751,s168.853251
083_29,s4.357129,s4.300796,s246.083806
083_30,s1.215354,s5.274696,s308.727268
083_31,s5.896986,s2.421142,s207.286011
083_32,s4.781569,s5.425379,s83.646179
083_33,s4.926094,s4.387330,s312.787874
083_34,s4.211741,s5.890564,s288.188627
083_35,s5.091490,s5.127817,s282.302437
083_36,s5.386845,s4.188424,s218.658043
083_37,s2.800789,s5.707831,s343.875858
083_38,s3.524938,s5.731171,s318.427250
083_39,s5.857041,s4.934570,s170.984218
083_40,s5.324489,s2.144151,s249.437534
083_41,s5.220126,s3.321565,s214.291569
083_42,s5.069267,s5.674056,s331.841808
083_43,s3.621790,s6.362707,s37.735762
083_44,s1.595707,s6.076485,s56.694584
083_45,s5.857208,s3.473234,s251.127144
083_46,s5.813139,s5.590902,s26.316494
083_47,s4.359223,s6.327298,s336.842909
083_48,s1.622273,s6.825857,s274.716670
083_49,s6.882392,s6.673016,s57.014617
083_50,s3.819370,s1.623298,s134.041439
083_51,s6.083836,s3.947069,s357.177653
083_52,s6.757341,s5.917598,s53.104658
083_53,s6.059611,s2.992836,s215.283492
083_54,s1.632299,s3.723997,s111.146322
083_55,s5.258328,s6.489752,s41.862602
083_56,s2.402249,s6.178874,s354.451169
083_57,s2.868855,s6.834869,s53.238100
083_58,s1.374727,s4.763800,s117.790990
083_59,s5.752848,s1.531556,s93.697171
083_60,s6.148667,s5.111029,s332.521173
083_61,s3.041488,s1.058100,s94.762561
083_62,s3.846036,s6.765991,s293.664671
083_63,s4.291492,s1.296238,s234.424643
083_64,s6.532571,s4.334568,s238.713711
083_65,s6.583387,s2.917931,s250.457505
083_66,s6.741138,s3.563959,s213.125248
083_67,s6.630857,s5.162467,s237.143812
083_68,s4.708317,s1.856061,s187.061343
083_69,s3.769792,s1.088074,s199.744454
083_70,s1.200181,s4.010150,s60.404826
083_71,s1.274513,s3.113624,s64.262759
083_72,s5.054460,s1.064828,s276.110210
083_73,s6.436895,s2.040461,s240.000000
083_74,s3.305173,s0.643197,s240.000000
083_75,s4.394176,s0.747192,s159.065584
083_76,s0.784280,s2.665522,s20.994029
083_77,s6.192682,s1.556380,s220.000000
083_78,s2.106101,s0.664577,s119.440987
083_79,s0.731739,s5.866752,s177.046008
083_80,s4.948525,s0.484182,s120.000000
083_81,s1.257471,s0.674455,s77.445008
083_82,s0.630483,s3.704570,s52.008648
084_0,s2.282164,s3.086054,s155.083789
084_1,s3.179015,s3.157026,s208.480813
084_2,s2.434852,s4.223784,s146.259059
084_3,s1.817287,s1.954940,s100.990534
084_4,s2.350363,s1.852927,s142.761621
084_5,s2.930831,s2.622794,s98.146939
084_6,s2.857386,s4.071929,s333.894836
084_7,s3.092745,s3.739905,s245.830198
084_8,s3.793050,s2.115219,s224.211385
084_9,s4.495738,s2.622115,s175.051528
084_10,s3.287454,s2.395340,s153.488684
084_11,s2.808363,s3.198111,s60.741992
084_12,s3.735794,s3.158369,s316.598268
084_13,s1.598702,s2.802530,s153.173793
084_14,s3.411239,s4.253608,s306.122053
084_15,s4.482305,s3.682574,s287.151329
084_16,s3.817418,s2.750392,s222.360085
084_17,s4.232249,s3.131237,s276.592573
084_18,s3.358557,s4.758897,s340.532615
084_19,s1.904939,s4.079460,s64.270949
084_20,s2.578606,s4.543274,s46.530680
084_21,s3.833894,s3.776589,s350.734658
084_22,s0.710015,s1.762100,s140.457387
084_23,s2.810669,s5.100188,s302.187561
084_24,s2.040693,s5.750331,s23.944127
084_25,s3.965949,s4.996681,s15.414033
084_26,s1.750273,s5.059922,s316.186730
084_27,s4.292612,s4.820162,s264.327577
084_28,s5.040256,s2.755914,s168.853251
084_29,s4.280373,s4.276959,s246.083806
084_30,s0.715662,s5.375726,s315.577854
084_31,s5.820230,s2.397306,s207.286011
084_32,s4.704813,s5.401543,s83.689669
084_33,s4.849338,s4.363493,s312.787874
084_34,s4.134985,s5.866727,s288.188627
084_35,s5.014734,s5.103981,s282.302437
084_36,s5.310089,s4.164587,s218.658043
084_37,s2.776339,s5.871001,s343.875858
084_38,s3.448182,s5.707335,s318.427250
084_39,s5.780285,s4.910733,s170.984218
084_40,s5.247733,s2.120314,s249.437534
084_41,s5.143370,s3.297728,s217.191522
084_42,s4.992511,s5.650220,s331.841808
084_43,s3.545505,s6.311813,s37.735762
084_44,s1.518951,s6.052649,s56.416140
084_45,s5.780452,s3.449397,s251.127144
084_46,s5.725168,s5.556951,s26.316494
084_47,s4.282467,s6.303461,s336.842909
084_48,s1.502484,s6.751647,s274.716670
084_49,s6.679761,s6.531342,s63.657512
084_50,s3.742613,s1.599461,s134.041439
084_51,s6.007080,s3.923232,s357.177653
084_52,s6.680585,s5.893762,s53.839044
084_53,s5.982855,s2.968999,s215.283492
084_54,s1.555543,s3.700160,s111.146322
084_55,s5.238819,s6.653708,s41.862602
084_56,s2.331786,s6.142563,s354.954176
084_57,s2.792099,s6.811032,s53.238100
084_58,s1.311588,s4.733392,s117.790990
084_59,s5.656058,s1.528148,s93.697171
084_60,s6.071911,s5.087193,s332.521173
084_61,s2.964732,s1.034263,s69.943467
084_62,s3.768345,s6.725833,s293.664671
084_63,s4.211332,s1.285305,s234.424643
084_64,s6.468783,s4.339016,s243.586808
084_65,s6.506631,s2.894094,s250.457505
084_66,s6.664381,s3.540122,s213.125248
084_67,s6.554101,s5.138630,s239.832725
084_68,s4.631561,s1.832224,s187.061343
084_69,s3.693036,s1.064237,s192.299342
084_70,s1.123425,s3.986314,s67.051797
084_71,s1.207705,s3.092044,s64.262759
084_72,s4.962369,s1.069803,s276.110210
084_73,s6.360139,s2.016624,s240.000000
084_74,s2.514762,s0.402414,s240.000000
084_75,s4.311658,s0.746461,s152.222141
084_76,s0.726678,s2.648345,s34.061980
084_77,s6.115926,s1.532544,s220.000000
084_78,s2.083900,s0.717229,s114.059768
084_79,s0.348843,s7.077851,s184.659395
084_80,s5.526506,s0.400000,s120.000000
084_81,s1.535421,s0.902588,s82.636492
084_82,s0.553727,s3.680733,s27.368264
084_83,s0.963217,s2.195435,s90.940803
085_0,s2.624198,s3.047401,s155.083789
085_1,s3.521049,s3.118373,s208.480813
085_2,s2.776885,s4.185131,s146.259059
085_3,s2.291036,s2.053183,s100.990534
085_4,s2.812967,s2.010974,s142.761621
085_5,s3.280077,s2.598988,s98.146939
085_6,s3.199420,s4.033277,s333.894836
085_7,s3.434779,s3.701252,s245.830198
085_8,s4.135083,s2.076566,s224.211385
085_9,s4.837772,s2.583462,s175.051528
085_10,s3.629488,s2.356687,s153.488684
085_11,s3.150396,s3.159459,s60.741992
085_12,s4.077827,s3.119716,s316.598268
085_13,s1.940736,s2.763878,s153.173793
085_14,s3.753273,s4.214956,s306.122053
085_15,s4.824339,s3.643921,s287.151329
085_16,s4.159452,s2.711740,s222.360085
085_17,s4.574282,s3.092584,s276.592573
085_18,s3.700591,s4.720244,s340.532615
085_19,s2.246972,s4.040808,s64.270949
085_20,s2.920640,s4.504622,s46.530680
085_21,s4.175927,s3.737936,s350.734658
085_22,s1.119725,s1.770204,s140.457387
085_23,s3.159801,s5.044786,s302.187561
085_24,s2.382726,s5.711678,s23.944127
085_25,s4.303924,s4.947468,s15.414033
085_26,s2.092306,s5.021269,s316.186730
085_27,s4.634645,s4.781510,s264.327577
085_28,s5.382289,s2.717262,s168.853251
085_29,s4.622406,s4.238306,s246.083806
085_30,s1.057696,s5.337073,s315.577854
085_31,s6.162263,s2.358653,s207.286011
085_32,s5.037209,s5.349360,s83.689669
085_33,s5.191371,s4.324841,s312.787874
085_34,s4.477018,s5.828075,s288.188627
085_35,s5.356767,s5.065328,s282.302437
085_36,s5.652122,s4.125935,s218.658043
085_37,s3.127356,s5.801981,s343.875858
085_38,s3.790216,s5.668682,s318.427250
085_39,s6.122319,s4.872080,s170.984218
085_40,s5.589767,s2.081662,s249.437534
085_41,s5.473000,s3.261613,s217.191522
085_42,s5.334545,s5.611567,s331.841808
085_43,s3.887538,s6.273160,s37.735762
085_44,s1.860984,s6.013996,s56.416140
085_45,s6.122485,s3.410744,s251.127144
085_46,s6.067202,s5.518298,s26.316494
085_47,s4.624500,s6.264809,s336.842909
085_48,s1.862889,s6.683709,s274.716670
085_49,s7.021795,s6.492690,s63.657512
085_50,s4.084647,s1.560808,s134.041439
085_51,s6.349114,s3.884580,s357.177653
085_52,s7.022618,s5.855109,s53.839044
085_53,s6.324888,s2.930347,s215.283492
085_54,s1.897576,s3.661507,s111.146322
085_55,s5.492111,s6.466296,s41.862602
085_56,s2.673819,s6.103910,s354.954176
085_57,s3.138811,s6.749822,s53.238100
085_58,s1.678899,s4.681851,s117.790990
085_59,s5.998091,s1.489495,s93.697171
085_60,s6.413944,s5.048540,s332.521173
085_61,s3.306765,s0.995611,s69.943467
085_62,s4.108278,s6.666695,s293.664671
085_63,s4.553365,s1.246652,s234.424643
085_64,s6.764153,s4.289719,s243.586808
085_65,s6.848664,s2.855442,s250.457505
085_66,s7.006415,s3.501470,s213.125248
085_67,s6.896134,s5.099978,s239.832725
085_68,s4.973595,s1.793572,s187.061343
085_69,s4.035069,s1.025585,s192.299342
085_70,s1.475901,s3.946171,s67.051797
085_71,s1.549739,s3.053392,s64.262759
085_72,s5.304402,s1.031150,s276.110210
085_73,s6.702173,s1.977972,s240.000000
085_74,s2.890123,s0.479684,s240.000000
085_75,s4.653692,s0.707809,s152.222141
085_76,s1.078665,s2.613366,s34.061980
085_77,s6.457959,s1.493891,s220.000000
085_78,s2.436894,s0.702128,s114.059768
085_79,s0.759604,s6.963360,s184.659395
085_80,s5.813907,s0.446754,s120.000000
085_81,s1.951213,s0.969545,s82.636492
085_82,s0.942276,s3.641514,s27.368264
085_83,s1.353037,s2.184845,s90.940803
085_84,s0.340208,s3.425197,s25.167118
086_0,s2.612196,s3.037009,s155.083789
086_1,s3.509047,s3.107980,s208.480813
086_2,s2.764883,s4.174739,s146.259059
086_3,s2.312445,s2.077442,s100.990534
086_4,s2.872190,s2.116231,s142.761621
086_5,s3.268075,s2.588595,s98.146939
086_6,s3.187418,s4.022884,s333.894836
086_7,s3.422777,s3.690860,s245.830198
086_8,s4.123082,s2.066174,s224.211385
086_9,s4.825770,s2.573070,s175.051528
086_10,s3.617486,s2.346295,s153.488684
086_11,s3.138394,s3.149066,s60.741992
086_12,s4.065826,s3.109324,s316.598268
086_13,s1.928734,s2.753485,s153.173793
086_14,s3.741271,s4.204563,s306.122053
086_15,s4.812337,s3.633528,s287.151329
086_16,s4.147450,s2.701347,s222.360085
086_17,s4.562280,s3.082191,s276.592573
086_18,s3.688589,s4.709852,s340.532615
086_19,s2.234970,s4.030415,s64.270949
086_20,s2.908638,s4.494229,s46.530680
086_21,s4.163926,s3.727543,s350.734658
086_22,s1.126182,s1.772505,s140.457387
086_23,s3.147799,s5.034394,s302.187561
086_24,s2.370725,s5.701285,s23.944127
086_25,s4.291922,s4.937076,s15.414033
086_26,s2.080304,s5.010876,s316.186730
086_27,s4.622644,s4.771117,s264.327577
086_28,s5.370287,s2.706869,s168.853251
086_29,s4.610404,s4.227914,s246.083806
086_30,s1.045694,s5.326680,s315.577854
086_31,s6.150262,s2.348260,s207.286011
086_32,s5.025207,s5.338967,s83.689669
086_33,s5.179370,s4.314448,s312.787874
086_34,s4.460787,s5.803827,s288.188627
086_35,s5.344766,s5.054935,s282.302437
086_36,s5.640121,s4.115542,s218.658043
086_37,s3.187203,s5.558927,s343.875858
086_38,s3.778275,s5.646986,s318.427250
086_39,s6.110317,s4.861688,s170.984218
086_40,s5.577765,s2.071269,s249.437534
086_41,s5.460998,s3.251220,s217.191522
086_42,s5.322543,s5.601174,s331.841808
086_43,s3.875536,s6.262767,s37.735762
086_44,s1.848983,s6.003603,s56.416140
086_45,s6.110483,s3.400352,s251.127144
086_46,s6.055200,s5.507906,s26.316494
086_47,s4.607522,s6.238426,s336.842909
086_48,s1.858408,s6.661428,s274.716670
086_49,s7.009793,s6.482297,s63.657512
086_50,s4.072645,s1.550416,s134.041439
086_51,s6.337112,s3.874187,s357.177653
086_52,s7.010617,s5.844716,s53.839044
086_53,s6.312887,s2.919954,s215.283492
086_54,s1.885574,s3.651115,s111.146322
086_55,s5.463633,s6.428094,s41.862602
086_56,s2.666566,s6.083054,s354.954176
086_57,s3.126809,s6.739429,s53.238100
086_58,s1.666897,s4.671458,s117.790990
086_59,s5.986089,s1.479103,s93.697171
086_60,s6.401942,s5.038147,s332.521173
086_61,s3.294763,s0.985218,s69.943467
086_62,s4.096276,s6.656303,s293.664671
086_63,s4.541363,s1.236260,s234.424643
086_64,s6.752152,s4.279327,s243.586808
086_65,s6.836662,s2.845049,s250.457505
086_66,s6.994413,s3.491077,s213.125248
086_67,s6.884132,s5.089585,s239.832725
086_68,s4.961593,s1.783179,s187.061343
086_69,s4.023067,s1.015192,s192.299342
086_70,s1.475042,s3.934188,s67.051797
086_71,s1.537737,s3.042999,s64.262759
086_72,s5.292400,s1.020757,s276.110210
086_73,s6.690171,s1.967579,s240.000000
086_74,s2.903674,s0.557346,s240.000000
086_75,s4.638642,s0.707809,s152.222141
086_76,s1.066663,s2.602973,s34.061980
086_77,s6.445957,s1.483498,s220.000000
086_78,s2.471458,s0.791089,s114.059768
086_79,s0.832394,s6.859746,s184.659395
086_80,s5.703149,s0.591926,s120.000000
086_81,s2.005176,s1.053561,s82.636492
086_82,s0.942714,s3.631003,s27.368264
086_83,s1.354316,s2.182207,s90.940803
086_84,s0.340208,s3.415478,s25.167118
086_85,s1.083327,s4.747016,s40.000000
087_0,s2.721032,s3.037009,s155.083789
087_1,s3.617882,s3.107980,s208.480813
087_2,s2.873719,s4.174739,s146.259059
087_3,s2.421281,s2.077442,s100.990534
087_4,s3.013480,s2.172005,s142.761621
087_5,s3.376911,s2.588595,s98.146939
087_6,s3.296254,s4.022884,s333.894836
087_7,s3.531612,s3.690860,s245.830198
087_8,s4.231917,s2.066174,s224.211385
087_9,s4.934606,s2.573070,s175.051528
087_10,s3.726321,s2.346295,s153.488684
087_11,s3.247230,s3.149066,s60.741992
087_12,s4.174661,s3.109324,s316.598268
087_13,s2.037569,s2.753485,s153.173793
087_14,s3.850107,s4.204563,s306.122053
087_15,s4.921172,s3.633528,s287.151329
087_16,s4.256285,s2.701347,s222.360085
087_17,s4.671116,s3.082191,s276.592573
087_18,s3.798144,s4.694704,s340.532615
087_19,s2.343806,s4.030415,s64.270949
087_20,s3.017473,s4.494229,s46.530680
087_21,s4.272761,s3.727543,s350.734658
087_22,s1.235017,s1.772505,s140.457387
087_23,s3.256634,s5.034394,s302.187561
087_24,s2.479560,s5.701285,s23.944127
087_25,s4.400757,s4.937076,s15.414033
087_26,s2.189140,s5.010876,s316.186730
087_27,s4.731479,s4.771117,s264.327577
087_28,s5.479123,s2.706869,s168.853251
087_29,s4.719240,s4.227914,s246.083806
087_30,s1.154529,s5.326680,s315.577854
087_31,s6.259097,s2.348260,s207.286011
087_32,s5.134042,s5.338967,s83.689669
087_33,s5.288205,s4.314448,s312.787874
087_34,s4.569623,s5.803827,s288.188627
087_35,s5.453601,s5.054935,s282.302437
087_36,s5.748956,s4.115542,s218.658043
087_37,s3.309143,s5.512774,s343.875858
087_38,s3.887110,s5.646986,s318.427250
087_39,s6.219152,s4.861688,s170.984218
087_40,s5.686601,s2.071269,s249.437534
087_41,s5.569834,s3.251220,s217.191522
087_42,s5.431379,s5.601174,s331.841808
087_43,s3.984372,s6.262767,s37.735762
087_44,s1.957818,s6.003603,s56.416140
087_45,s6.219319,s3.400352,s251.127144
087_46,s6.164035,s5.507906,s26.316494
087_47,s4.716358,s6.238426,s336.842909
087_48,s1.967243,s6.661428,s274.716670
087_49,s7.118629,s6.482297,s63.657512
087_50,s4.181481,s1.550416,s134.041439
087_51,s6.445947,s3.874187,s357.177653
087_52,s7.119452,s5.844716,s53.839044
087_53,s6.421722,s2.919954,s215.283492
087_54,s1.994410,s3.651115,s111.146322
087_55,s5.558706,s6.405574,s41.862602
087_56,s2.775402,s6.083054,s354.954176
087_57,s3.235645,s6.739429,s53.238100
087_58,s1.775733,s4.671458,s117.790990
087_59,s6.094925,s1.479103,s93.697171
087_60,s6.510778,s5.038147,s332.521173
087_61,s3.403599,s0.985218,s69.943467
087_62,s4.205112,s6.656303,s293.664671
087_63,s4.650199,s1.236260,s234.424643
087_64,s6.860987,s4.279327,s243.586808
087_65,s6.945498,s2.845049,s250.457505
087_66,s7.103249,s3.491077,s213.125248
087_67,s6.992968,s5.089585,s239.832725
087_68,s5.070428,s1.783179,s187.061343
087_69,s4.131903,s1.015192,s192.299342
087_70,s1.583877,s3.934188,s67.051797
087_71,s1.646573,s3.042999,s64.262759
087_72,s5.401236,s1.020757,s276.110210
087_73,s6.799007,s1.967579,s240.000000
087_74,s3.012509,s0.557346,s240.000000
087_75,s4.747478,s0.707809,s152.222141
087_76,s1.175499,s2.602973,s34.061980
087_77,s6.546469,s1.490039,s220.000000
087_78,s2.619337,s0.877764,s114.059768
087_79,s1.043256,s6.745717,s184.659395
087_80,s5.804849,s0.602896,s120.000000
087_81,s2.187611,s1.161925,s82.636492
087_82,s1.051550,s3.631003,s27.368264
087_83,s1.463151,s2.182207,s90.940803
087_84,s0.449043,s3.415478,s25.167118
087_85,s1.192162,s4.747016,s40.000000
087_86,s0.692820,s4.540879,s60.000000
088_0,s2.749188,s3.037009,s155.083789
088_1,s3.646039,s3.107980,s208.480813
088_2,s2.901875,s4.174739,s146.259059
088_3,s2.449437,s2.077442,s100.990534
088_4,s3.041636,s2.172005,s142.761621
088_5,s3.405067,s2.588595,s98.146939
088_6,s3.324410,s4.022884,s333.894836
088_7,s3.559769,s3.690860,s245.830198
088_8,s4.260073,s2.066174,s224.211385
088_9,s4.962762,s2.573070,s175.051528
088_10,s3.754478,s2.346295,s153.488684
088_11,s3.284349,s3.156074,s60.741992
088_12,s4.202817,s3.109324,s316.598268
088_13,s2.065726,s2.753485,s153.173793
088_14,s3.878263,s4.204563,s306.122053
088_15,s4.949329,s3.633528,s287.151329
088_16,s4.284442,s2.701347,s222.360085
088_17,s4.699272,s3.082191,s276.592573
088_18,s3.826300,s4.694704,s340.532615
088_19,s2.371962,s4.030415,s64.270949
088_20,s3.045630,s4.494229,s46.530680
088_21,s4.300917,s3.727543,s350.734658
088_22,s1.278636,s1.783425,s140.457387
088_23,s3.288908,s5.024258,s302.187561
088_24,s2.507716,s5.701285,s23.944127
088_25,s4.428914,s4.937076,s15.414033
088_26,s2.217296,s5.010876,s316.186730
088_27,s4.759635,s4.771117,s264.327577
088_28,s5.507279,s2.706869,s168.853251
088_29,s4.747396,s4.227914,s246.083806
088_30,s1.195610,s5.318401,s315.577854
088_31,s6.287253,s2.348260,s207.286011
088_32,s5.162199,s5.338967,s83.689669
088_33,s5.316361,s4.314448,s312.787874
088_34,s4.597779,s5.803827,s288.188627
088_35,s5.481757,s5.054935,s282.302437
088_36,s5.777112,s4.115542,s218.658043
088_37,s3.337300,s5.512774,s343.875858
088_38,s3.915267,s5.646986,s318.427250
088_39,s6.247309,s4.861688,s170.984218
088_40,s5.714757,s2.071269,s249.437534
088_41,s5.597990,s3.251220,s217.191522
088_42,s5.459535,s5.601174,s331.841808
088_43,s4.011705,s6.248623,s37.735762
088_44,s1.985974,s6.003603,s56.416140
088_45,s6.247475,s3.400352,s251.127144
088_46,s6.192192,s5.507906,s26.316494
088_47,s4.744514,s6.238426,s336.842909
088_48,s1.995400,s6.661428,s274.716670
088_49,s7.146785,s6.482297,s63.657512
088_50,s4.209637,s1.550416,s134.041439
088_51,s6.474104,s3.874187,s357.177653
088_52,s7.147608,s5.844716,s53.839044
088_53,s6.449878,s2.919954,s215.283492
088_54,s2.022566,s3.651115,s111.146322
088_55,s5.586862,s6.405574,s41.862602
088_56,s2.803558,s6.083054,s354.954176
088_57,s3.263801,s6.739429,s53.238100
088_58,s1.803889,s4.671458,s117.790990
088_59,s6.123081,s1.479103,s93.697171
088_60,s6.538934,s5.038147,s332.521173
088_61,s3.431755,s0.985218,s69.943467
088_62,s4.231627,s6.642773,s293.664671
088_63,s4.678355,s1.236260,s234.424643
088_64,s6.889143,s4.279327,s243.586808
088_65,s6.973654,s2.845049,s250.457505
088_66,s7.131405,s3.491077,s213.125248
088_67,s7.021124,s5.089585,s239.832725
088_68,s5.098585,s1.783179,s187.061343
088_69,s4.160059,s1.015192,s192.299342
088_70,s1.624110,s3.932440,s67.051797
088_71,s1.674729,s3.042999,s64.262759
088_72,s5.429392,s1.020757,s276.110210
088_73,s6.827163,s1.967579,s240.000000
088_74,s3.040666,s0.557346,s240.000000
088_75,s4.775634,s0.707809,s152.222141
088_76,s1.203655,s2.602973,s34.061980
088_77,s6.574625,s1.490039,s220.000000
088_78,s2.673838,s0.937113,s114.059768
088_79,s1.108543,s6.704009,s184.659395
088_80,s5.833006,s0.602896,s120.000000
088_81,s2.248280,s1.210290,s82.636492
088_82,s1.100901,s3.630836,s27.368264
088_83,s1.509174,s2.192978,s90.940803
088_84,s0.477200,s3.415478,s25.167118
088_85,s1.220318,s4.747016,s40.000000
088_86,s0.720977,s4.540879,s60.000000
088_87,s0.692820,s2.631462,s60.000000
089_0,s2.749188,s3.037009,s155.083789
089_1,s3.646039,s3.107980,s208.480813
089_2,s2.901875,s4.174739,s146.259059
089_3,s2.449437,s2.077442,s100.990534
089_4,s3.041636,s2.172005,s142.761621
089_5,s3.405067,s2.588595,s98.146939
089_6,s3.324410,s4.022884,s333.894836
089_7,s3.559769,s3.690860,s245.830198
089_8,s4.260073,s2.066174,s224.211385
089_9,s4.962762,s2.573070,s175.051528
089_10,s3.754478,s2.346295,s153.488684
089_11,s3.284349,s3.156074,s60.741992
089_12,s4.202817,s3.109324,s316.598268
089_13,s2.065726,s2.753485,s153.173793
089_14,s3.878263,s4.204563,s306.122053
089_15,s4.949329,s3.633528,s287.151329
089_16,s4.284442,s2.701347,s222.360085
089_17,s4.699272,s3.082191,s276.592573
089_18,s3.826300,s4.694704,s340.532615
089_19,s2.371962,s4.030415,s64.270949
089_20,s3.045630,s4.494229,s46.530680
089_21,s4.300917,s3.727543,s350.734658
089_22,s1.278636,s1.783425,s140.457387
089_23,s3.288908,s5.024258,s302.187561
089_24,s2.507716,s5.701285,s23.944127
089_25,s4.428914,s4.937076,s15.414033
089_26,s2.217296,s5.010876,s316.186730
089_27,s4.759635,s4.771117,s264.327577
089_28,s5.507279,s2.706869,s168.853251
089_29,s4.747396,s4.227914,s246.083806
089_30,s1.195610,s5.318401,s315.577854
089_31,s6.287253,s2.348260,s207.286011
089_32,s5.162199,s5.338967,s83.689669
089_33,s5.316361,s4.314448,s312.787874
089_34,s4.597779,s5.803827,s288.188627
089_35,s5.481757,s5.054935,s282.302437
089_36,s5.777112,s4.115542,s218.658043
089_37,s3.337300,s5.512774,s343.875858
089_38,s3.915267,s5.646986,s318.427250
089_39,s6.247309,s4.861688,s170.984218
089_40,s5.714757,s2.071269,s249.437534
089_41,s5.597990,s3.251220,s217.191522
089_42,s5.459535,s5.601174,s331.841808
089_43,s4.011705,s6.248623,s37.735762
089_44,s1.985974,s6.003603,s56.416140
089_45,s6.247475,s3.400352,s251.127144
089_46,s6.183788,s5.501030,s26.316494
089_47,s4.744514,s6.238426,s336.842909
089_48,s1.995400,s6.661428,s274.716670
089_49,s7.146785,s6.482297,s63.657512
089_50,s4.209637,s1.550416,s134.041439
089_51,s6.474104,s3.874187,s357.177653
089_52,s7.147608,s5.844716,s53.839044
089_53,s6.449878,s2.919954,s215.283492
089_54,s2.022566,s3.651115,s111.146322
089_55,s5.586862,s6.405574,s41.862602
089_56,s2.803558,s6.083054,s354.954176
089_57,s3.263801,s6.739429,s53.238100
089_58,s1.803889,s4.671458,s117.790990
089_59,s6.123081,s1.479103,s93.697171
089_60,s6.538934,s5.038147,s332.521173
089_61,s3.431755,s0.985218,s69.943467
089_62,s4.231627,s6.642773,s293.664671
089_63,s4.678355,s1.236260,s234.424643
089_64,s6.889143,s4.279327,s243.586808
089_65,s6.973654,s2.845049,s250.457505
089_66,s7.131405,s3.491077,s213.125248
089_67,s7.021124,s5.089585,s239.832725
089_68,s5.098585,s1.783179,s187.061343
089_69,s4.160059,s1.015192,s192.299342
089_70,s1.624110,s3.932440,s67.051797
089_71,s1.674729,s3.042999,s64.262759
089_72,s5.429392,s1.020757,s276.110210
089_73,s6.827163,s1.967579,s240.000000
089_74,s3.040666,s0.557346,s240.000000
089_75,s4.775634,s0.707809,s152.222141
089_76,s1.203655,s2.602973,s34.061980
089_77,s6.574625,s1.490039,s220.000000
089_78,s2.679673,s0.950187,s114.059768
089_79,s1.108543,s6.704009,s184.659395
089_80,s5.833006,s0.602896,s120.000000
089_81,s2.319812,s1.316339,s82.636492
089_82,s1.100901,s3.630836,s27.368264
089_83,s1.509174,s2.192978,s90.940803
089_84,s0.489908,s3.416181,s25.167118
089_85,s1.220318,s4.747016,s40.000000
089_86,s0.720977,s4.540879,s60.000000
089_87,s0.692820,s2.631462,s60.000000
089_88,s2.648065,s0.369444,s100.000000
090_0,s2.749188,s3.037009,s155.083789
090_1,s3.646039,s3.107980,s208.480813
090_2,s2.901875,s4.174739,s146.259059
090_3,s2.449437,s2.077442,s100.990534
090_4,s3.041636,s2.172005,s142.761621
090_5,s3.405067,s2.588595,s98.146939
090_6,s3.324410,s4.022884,s333.894836
090_7,s3.559769,s3.690860,s245.830198
090_8,s4.260073,s2.066174,s224.211385
090_9,s4.962762,s2.573070,s175.051528
090_10,s3.754478,s2.346295,s153.488684
090_11,s3.284349,s3.156074,s60.741992
090_12,s4.202817,s3.109324,s316.598268
090_13,s2.065726,s2.753485,s153.173793
090_14,s3.878263,s4.204563,s306.122053
090_15,s4.949329,s3.633528,s287.151329
090_16,s4.284442,s2.701347,s222.360085
090_17,s4.699272,s3.082191,s276.592573
090_18,s3.826300,s4.694704,s340.532615
090_19,s2.371962,s4.030415,s64.270949
090_20,s3.045630,s4.494229,s46.530680
090_21,s4.300917,s3.727543,s350.734658
090_22,s1.278636,s1.783425,s140.457387
090_23,s3.288908,s5.024258,s302.187561
090_24,s2.507716,s5.701285,s23.944127
090_25,s4.428914,s4.937076,s15.414033
090_26,s2.217296,s5.010876,s316.186730
090_27,s4.759635,s4.771117,s264.327577
090_28,s5.507279,s2.706869,s168.853251
090_29,s4.747396,s4.227914,s246.083806
090_30,s1.195610,s5.318401,s315.577854
090_31,s6.287253,s2.348260,s207.286011
090_32,s5.162199,s5.338967,s83.689669
090_33,s5.316361,s4.314448,s312.787874
090_34,s4.597779,s5.803827,s288.188627
090_35,s5.466258,s5.043795,s282.302437
090_36,s5.764345,s4.114051,s218.658043
090_37,s3.337300,s5.512774,s343.875858
090_38,s3.915267,s5.646986,s318.427250
090_39,s6.247309,s4.861688,s170.984218
090_40,s5.714757,s2.071269,s249.437534
090_41,s5.597990,s3.251220,s217.191522
090_42,s5.444929,s5.585531,s331.841808
090_43,s4.011705,s6.248623,s37.735762
090_44,s1.985974,s6.003603,s56.416140
090_45,s6.247475,s3.400352,s251.127144
090_46,s6.183788,s5.501030,s26.316494
090_47,s4.744514,s6.238426,s336.842909
090_48,s1.995400,s6.661428,s274.716670
090_49,s7.146785,s6.482297,s63.657512
090_50,s4.209637,s1.550416,s134.041439
090_51,s6.474104,s3.874187,s357.177653
090_52,s7.147608,s5.844716,s53.839044
090_53,s6.449878,s2.919954,s215.283492
090_54,s2.022566,s3.651115,s111.146322
090_55,s5.586862,s6.405574,s41.862602
090_56,s2.803558,s6.083054,s354.954176
090_57,s3.263801,s6.739429,s53.238100
090_58,s1.803889,s4.671458,s117.790990
090_59,s6.123081,s1.479103,s93.697171
090_60,s6.538934,s5.038147,s332.521173
090_61,s3.431755,s0.985218,s69.943467
090_62,s4.231627,s6.642773,s293.664671
090_63,s4.678355,s1.236260,s234.424643
090_64,s6.889143,s4.279327,s243.586808
090_65,s6.973654,s2.845049,s250.457505
090_66,s7.131405,s3.491077,s213.125248
090_67,s7.021124,s5.089585,s239.832725
090_68,s5.098585,s1.783179,s187.061343
090_69,s4.160059,s1.015192,s192.299342
090_70,s1.624110,s3.932440,s67.051797
090_71,s1.674729,s3.042999,s64.262759
090_72,s5.429392,s1.020757,s276.110210
090_73,s6.827163,s1.967579,s240.000000
090_74,s3.040666,s0.557346,s240.000000
090_75,s4.775634,s0.707809,s152.222141
090_76,s1.203655,s2.602973,s34.061980
090_77,s6.574625,s1.490039,s220.000000
090_78,s2.684220,s0.961483,s114.059768
090_79,s1.108543,s6.704009,s184.659395
090_80,s5.833006,s0.602896,s120.000000
090_81,s2.392060,s1.436865,s82.636492
090_82,s1.100901,s3.630836,s27.368264
090_83,s1.509174,s2.192978,s90.940803
090_84,s0.502623,s3.417975,s25.167118
090_85,s1.220318,s4.747016,s40.000000
090_86,s0.720977,s4.540879,s60.000000
090_87,s0.692820,s2.631462,s60.000000
090_88,s2.652016,s0.380891,s100.000000
090_89,s3.852500,s6.984092,s0.000000
091_0,s2.749188,s3.037009,s155.083789
091_1,s3.646039,s3.107980,s208.480813
091_2,s2.901875,s4.174739,s146.259059
091_3,s2.449437,s2.077442,s100.990534
091_4,s3.041636,s2.172005,s142.761621
091_5,s3.405067,s2.588595,s98.146939
091_6,s3.324410,s4.022884,s333.894836
091_7,s3.559769,s3.690860,s245.830198
091_8,s4.260073,s2.066174,s224.211385
091_9,s4.962762,s2.573070,s175.051528
091_10,s3.754478,s2.346295,s153.488684
091_11,s3.284349,s3.156074,s60.741992
091_12,s4.202817,s3.109324,s316.598268
091_13,s2.065726,s2.753485,s153.173793
091_14,s3.878263,s4.204563,s306.122053
091_15,s4.949329,s3.633528,s287.151329
091_16,s4.284442,s2.701347,s222.360085
091_17,s4.699272,s3.082191,s276.592573
091_18,s3.826300,s4.694704,s340.532615
091_19,s2.371962,s4.030415,s64.270949
091_20,s3.045630,s4.494229,s46.530680
091_21,s4.300917,s3.727543,s350.734658
091_22,s1.278636,s1.783425,s140.457387
091_23,s3.288908,s5.024258,s302.187561
091_24,s2.507716,s5.701285,s23.944127
091_25,s4.428914,s4.937076,s15.414033
091_26,s2.217296,s5.010876,s316.186730
091_27,s4.759635,s4.771117,s264.327577
091_28,s5.507279,s2.706869,s168.853251
091_29,s4.747396,s4.227914,s246.083806
091_30,s1.195610,s5.318401,s315.577854
091_31,s6.287253,s2.348260,s207.286011
091_32,s5.162199,s5.338967,s83.689669
091_33,s5.316361,s4.314448,s312.787874
091_34,s4.597779,s5.803827,s288.188627
091_35,s5.466258,s5.043795,s282.302437
091_36,s5.764345,s4.114051,s218.658043
091_37,s3.337300,s5.512774,s343.875858
091_38,s3.915267,s5.646986,s318.427250
091_39,s6.235477,s4.856874,s170.984218
091_40,s5.714757,s2.071269,s249.437534
091_41,s5.597990,s3.251220,s217.191522
091_42,s5.444929,s5.585531,s331.841808
091_43,s4.011705,s6.248623,s37.735762
091_44,s1.985974,s6.003603,s56.416140
091_45,s6.235947,s3.402730,s251.127144
091_46,s6.171580,s5.492564,s26.316494
091_47,s4.744514,s6.238426,s336.842909
091_48,s1.995400,s6.661428,s274.716670
091_49,s7.146785,s6.482297,s63.657512
091_50,s4.209637,s1.550416,s134.041439
091_51,s6.474104,s3.874187,s357.177653
091_52,s7.147608,s5.844716,s53.839044
091_53,s6.449878,s2.919954,s215.283492
091_54,s2.022566,s3.651115,s111.146322
091_55,s5.586862,s6.405574,s41.862602
091_56,s2.803558,s6.083054,s354.954176
091_57,s3.263801,s6.739429,s53.238100
091_58,s1.803889,s4.671458,s117.790990
091_59,s6.123081,s1.479103,s93.697171
091_60,s6.538934,s5.038147,s332.521173
091_61,s3.431755,s0.985218,s69.943467
091_62,s4.231627,s6.642773,s293.664671
091_63,s4.678355,s1.236260,s234.424643
091_64,s6.889143,s4.279327,s243.586808
091_65,s6.973654,s2.845049,s250.457505
091_66,s7.131405,s3.491077,s213.125248
091_67,s7.021124,s5.089585,s239.832725
091_68,s5.098585,s1.783179,s187.061343
091_69,s4.160059,s1.015192,s192.299342
091_70,s1.624110,s3.932440,s67.051797
091_71,s1.674729,s3.042999,s64.262759
091_72,s5.429392,s1.020757,s276.110210
091_73,s6.827163,s1.967579,s240.000000
091_74,s3.040666,s0.557346,s240.000000
091_75,s4.775634,s0.707809,s152.222141
091_76,s1.203655,s2.602973,s34.061980
091_77,s6.574625,s1.490039,s220.000000
091_78,s2.684220,s0.961483,s114.059768
091_79,s1.108543,s6.704009,s184.659395
091_80,s5.833006,s0.602896,s120.000000
091_81,s2.392060,s1.436865,s82.636492
091_82,s1.100901,s3.630836,s27.368264
091_83,s1.509174,s2.192978,s90.940803
091_84,s0.502623,s3.417975,s25.167118
091_85,s1.220318,s4.747016,s40.000000
091_86,s0.720977,s4.540879,s60.000000
091_87,s0.692820,s2.631462,s60.000000
091_88,s2.652016,s0.380891,s100.000000
091_89,s3.852500,s6.984092,s0.000000
091_90,s5.355609,s7.092700,s300.000000
092_0,s2.749188,s3.000801,s155.083789
092_1,s3.646039,s3.071772,s208.480813
092_2,s2.901875,s4.138531,s146.259059
092_3,s2.449437,s2.041234,s100.990534
092_4,s3.163234,s1.976989,s130.425996
092_5,s3.405067,s2.552387,s98.146939
092_6,s3.324410,s3.986676,s333.894836
092_7,s3.559769,s3.654652,s245.830198
092_8,s4.260073,s2.029966,s224.211385
092_9,s4.962762,s2.536862,s175.051528
092_10,s3.754478,s2.310087,s153.488684
092_11,s3.284349,s3.119866,s60.741992
092_12,s4.202817,s3.073116,s316.598268
092_13,s2.065726,s2.717277,s153.173793
092_14,s3.878263,s4.168355,s306.122053
092_15,s4.949329,s3.597321,s287.151329
092_16,s4.284442,s2.665139,s222.360085
092_17,s4.699272,s3.045984,s276.592573
092_18,s3.826300,s4.658497,s340.532615
092_19,s2.371962,s3.994207,s64.270949
092_20,s3.045630,s4.458021,s46.530680
092_21,s4.300917,s3.691335,s350.734658
092_22,s1.092595,s1.752925,s140.571211
092_23,s3.288908,s4.988050,s302.187561
092_24,s2.507716,s5.665077,s23.944127
092_25,s4.428914,s4.900868,s15.414033
092_26,s2.217296,s4.974668,s316.186730
092_27,s4.759635,s4.734909,s264.327577
092_28,s5.507279,s2.670661,s168.853251
092_29,s4.747396,s4.191706,s246.083806
092_30,s0.895765,s5.533257,s346.478489
092_31,s6.287253,s2.312052,s207.286011
092_32,s5.162199,s5.302759,s83.689669
092_33,s5.316361,s4.278240,s312.787874
092_34,s4.597779,s5.767620,s288.188627
092_35,s5.466258,s5.007588,s282.302437
092_36,s5.764345,s4.077843,s218.658043
092_37,s3.337300,s5.476566,s343.875858
092_38,s3.915267,s5.610778,s318.427250
092_39,s6.235477,s4.820666,s170.984218
092_40,s5.714757,s2.035061,s249.437534
092_41,s5.597990,s3.215012,s217.191522
092_42,s5.444929,s5.549323,s331.841808
092_43,s4.011705,s6.212415,s37.735762
092_44,s1.985974,s5.967395,s56.416140
092_45,s6.235947,s3.366522,s251.127144
092_46,s6.171580,s5.456356,s26.316494
092_47,s4.744514,s6.202218,s336.842909
092_48,s1.995400,s6.625220,s281.912421
092_49,s7.146785,s6.446089,s63.657512
092_50,s4.209637,s1.514208,s134.041439
092_51,s6.474104,s3.837979,s357.177653
092_52,s7.147608,s5.808508,s75.726264
092_53,s6.449878,s2.883746,s215.283492
092_54,s2.022566,s3.614907,s111.146322
092_55,s5.586862,s6.369366,s41.862602
092_56,s2.803558,s6.046846,s354.954176
092_57,s3.263801,s6.703221,s53.238100
092_58,s1.803889,s4.635250,s117.790990
092_59,s6.123081,s1.442895,s93.697171
092_60,s6.538934,s5.001939,s332.521173
092_61,s3.431755,s0.949010,s69.943467
092_62,s4.231627,s6.606565,s293.664671
092_63,s4.678355,s1.200052,s234.424643
092_64,s6.889143,s4.243119,s243.586808
092_65,s6.973654,s2.808841,s250.457505
092_66,s7.131405,s3.454869,s213.125248
092_67,s7.021124,s5.053377,s239.832725
092_68,s5.098585,s1.746971,s187.061343
092_69,s4.160059,s0.978984,s192.299342
092_70,s1.624110,s3.896232,s67.051797
092_71,s1.674729,s3.006791,s64.262759
092_72,s5.429392,s0.984550,s276.110210
092_73,s6.827163,s1.931371,s240.000000
092_74,s3.040666,s0.521138,s240.000000
092_75,s4.775634,s0.671601,s144.939091
092_76,s1.203655,s2.566765,s34.061980
092_77,s6.574625,s1.453831,s220.000000
092_78,s2.684220,s0.925275,s107.365442
092_79,s0.937854,s6.807871,s165.088487
092_80,s6.258628,s0.519324,s120.000000
092_81,s2.392060,s1.400657,s82.636492
092_82,s1.100901,s3.594628,s27.368264
092_83,s1.509174,s2.156771,s90.940803
092_84,s0.502623,s3.381767,s30.527200
092_85,s1.220318,s4.710808,s40.000000
092_86,s0.720977,s4.504671,s60.000000
092_87,s0.692820,s2.595254,s60.000000
092_88,s2.652016,s0.344683,s100.000000
092_89,s3.852500,s6.947884,s0.000000
092_90,s5.355609,s7.056492,s300.000000
092_91,s1.779544,s1.191791,s120.000000
093_0,s2.758255,s3.008819,s155.083789
093_1,s3.646039,s3.071772,s208.480813
093_2,s2.901875,s4.138531,s146.259059
093_3,s2.449437,s2.041234,s100.990534
093_4,s3.177503,s2.017920,s130.425996
093_5,s3.405067,s2.552387,s98.146939
093_6,s3.324410,s3.986676,s333.894836
093_7,s3.559769,s3.654652,s245.830198
093_8,s4.260073,s2.029966,s224.211385
093_9,s4.962762,s2.536862,s175.051528
093_10,s3.754478,s2.310087,s153.488684
093_11,s3.284349,s3.119866,s60.741992
093_12,s4.202817,s3.073116,s316.598268
093_13,s2.065726,s2.717277,s153.173793
093_14,s3.878263,s4.168355,s306.122053
093_15,s4.949329,s3.597321,s287.151329
093_16,s4.284442,s2.665139,s222.360085
093_17,s4.699272,s3.045984,s276.592573
093_18,s3.826300,s4.658497,s340.532615
093_19,s2.371962,s3.994207,s64.270949
093_20,s3.045630,s4.458021,s46.530680
093_21,s4.300917,s3.691335,s350.734658
093_22,s1.122664,s1.777294,s140.571211
093_23,s3.288908,s4.988050,s302.187561
093_24,s2.507716,s5.665077,s23.944127
093_25,s4.428914,s4.900868,s15.414033
093_26,s2.217296,s4.974668,s316.186730
093_27,s4.759635,s4.734909,s264.327577
093_28,s5.507279,s2.670661,s168.853251
093_29,s4.747396,s4.191706,s246.083806
093_30,s1.034043,s5.461232,s346.478489
093_31,s6.287253,s2.312052,s207.286011
093_32,s5.162199,s5.302759,s83.689669
093_33,s5.316361,s4.278240,s312.787874
093_34,s4.597779,s5.767620,s288.188627
093_35,s5.466258,s5.007588,s282.302437
093_36,s5.764345,s4.077843,s218.658043
093_37,s3.337300,s5.476566,s343.875858
093_38,s3.915267,s5.610778,s318.427250
093_39,s6.235477,s4.820666,s170.984218
093_40,s5.714757,s2.035061,s249.437534
093_41,s5.597990,s3.215012,s217.191522
093_42,s5.444929,s5.549323,s331.841808
093_43,s4.011705,s6.212415,s37.735762
093_44,s1.985974,s5.967395,s56.416140
093_45,s6.235947,s3.366522,s251.127144
093_46,s6.171580,s5.456356,s26.316494
093_47,s4.744514,s6.202218,s336.842909
093_48,s2.015704,s6.596544,s281.912421
093_49,s7.029619,s6.358449,s63.657512
093_50,s4.209637,s1.514208,s134.041439
093_51,s6.474104,s3.837979,s357.177653
093_52,s7.147608,s5.808508,s75.726264
093_53,s6.449878,s2.883746,s215.283492
093_54,s2.022566,s3.614907,s111.146322
093_55,s5.586862,s6.369366,s41.862602
093_56,s2.803558,s6.046846,s354.954176
093_57,s3.263801,s6.703221,s53.238100
093_58,s1.803889,s4.635250,s117.790990
093_59,s6.123081,s1.442895,s93.697171
093_60,s6.538934,s5.001939,s332.521173
093_61,s3.431755,s0.949010,s69.943467
093_62,s4.231627,s6.606565,s293.664671
093_63,s4.678355,s1.200052,s234.424643
093_64,s6.889143,s4.243119,s243.586808
093_65,s6.973654,s2.808841,s250.457505
093_66,s7.131405,s3.454869,s213.125248
093_67,s7.021124,s5.053377,s239.832725
093_68,s5.098585,s1.746971,s187.061343
093_69,s4.160059,s0.978984,s192.299342
093_70,s1.624110,s3.896232,s67.051797
093_71,s1.674729,s3.006791,s64.262759
093_72,s5.429392,s0.984550,s276.110210
093_73,s6.827163,s1.931371,s240.000000
093_74,s3.040666,s0.521138,s240.000000
093_75,s4.775634,s0.671601,s144.939091
093_76,s1.203655,s2.566765,s34.061980
093_77,s6.574625,s1.453831,s220.000000
093_78,s2.684220,s0.925275,s107.365442
093_79,s1.026401,s6.722754,s165.088487
093_80,s6.190614,s0.618141,s120.000000
093_81,s2.392060,s1.400657,s82.636492
093_82,s1.100901,s3.594628,s27.368264
093_83,s1.509174,s2.156771,s90.940803
093_84,s0.518496,s3.384622,s30.527200
093_85,s1.220318,s4.710808,s40.000000
093_86,s0.720977,s4.504671,s60.000000
093_87,s0.692820,s2.595254,s60.000000
093_88,s2.652016,s0.344683,s100.000000
093_89,s3.852547,s6.935626,s0.000000
093_90,s5.355609,s7.056492,s300.000000
093_91,s1.779544,s1.191791,s120.000000
093_92,s3.281365,s7.172887,s0.000000
094_0,s2.866910,s2.998515,s155.083789
094_1,s3.754693,s3.061468,s208.480813
094_2,s3.010529,s4.128227,s146.259059
094_3,s2.558091,s2.030930,s100.990534
094_4,s3.290321,s2.019558,s130.425996
094_5,s3.513721,s2.542083,s98.146939
094_6,s3.433064,s3.976372,s333.894836
094_7,s3.668423,s3.644348,s245.830198
094_8,s4.368727,s2.019662,s224.211385
094_9,s5.071416,s2.526558,s175.051528
094_10,s3.863132,s2.299783,s158.924510
094_11,s3.393003,s3.109562,s60.741992
094_12,s4.311471,s3.062812,s316.598268
094_13,s2.174380,s2.706973,s155.379117
094_14,s3.986917,s4.158051,s306.122053
094_15,s5.057983,s3.587017,s287.151329
094_16,s4.393096,s2.654835,s222.360085
094_17,s4.807926,s3.035680,s276.592573
094_18,s3.934954,s4.648193,s340.532615
094_19,s2.480616,s3.983903,s64.270949
094_20,s3.154284,s4.447717,s46.530680
094_21,s4.409571,s3.681031,s350.734658
094_22,s1.231318,s1.766990,s127.411290
094_23,s3.397562,s4.977746,s302.187561
094_24,s2.616370,s5.654773,s23.944127
094_25,s4.537568,s4.890564,s15.414033
094_26,s2.325950,s4.964364,s316.186730
094_27,s4.868289,s4.724605,s264.327577
094_28,s5.615933,s2.660357,s168.853251
094_29,s4.856050,s4.181402,s246.083806
094_30,s1.029386,s5.801369,s346.478489
094_31,s6.395907,s2.301748,s207.286011
094_32,s5.270853,s5.292455,s83.689669
094_33,s5.425015,s4.267936,s312.787874
094_34,s4.706433,s5.757316,s288.188627
094_35,s5.574912,s4.997284,s282.302437
094_36,s5.872999,s4.067539,s218.658043
094_37,s3.386611,s5.773780,s346.387630
094_38,s4.023921,s5.600474,s318.427250
094_39,s6.344131,s4.810362,s170.984218
094_40,s5.823411,s2.024757,s249.437534
094_41,s5.706644,s3.204708,s217.191522
094_42,s5.553583,s5.539019,s331.841808
094_43,s4.120359,s6.202111,s37.735762
094_44,s2.094834,s5.964264,s56.416140
094_45,s6.344601,s3.356218,s251.127144
094_46,s6.271527,s5.564182,s4.710647
094_47,s4.853168,s6.191914,s338.974474
094_48,s2.124358,s6.586240,s281.912421
094_49,s6.768767,s7.352396,s63.657512
094_50,s4.318291,s1.503904,s131.186868
094_51,s6.582758,s3.827675,s357.177653
094_52,s7.256263,s5.798204,s75.726264
094_53,s6.558532,s2.873442,s215.283492
094_54,s2.131220,s3.604603,s107.702896
094_55,s5.695516,s6.359062,s41.862602
094_56,s2.912212,s6.036542,s354.954176
094_57,s3.372455,s6.692917,s53.238100
094_58,s1.912543,s4.624946,s117.790990
094_59,s6.231735,s1.432591,s93.697171
094_60,s6.647588,s4.991635,s332.521173
094_61,s3.540409,s0.938706,s69.943467
094_62,s4.340282,s6.596261,s294.177949
094_63,s4.787009,s1.189748,s234.424643
094_64,s6.997797,s4.232815,s243.586808
094_65,s7.082308,s2.798537,s250.457505
094_66,s7.240059,s3.444565,s218.118885
094_67,s7.145112,s4.968637,s239.378804
094_68,s5.207239,s1.736667,s187.061343
094_69,s4.092319,s0.833067,s181.229769
094_70,s1.732765,s3.885928,s67.051797
094_71,s1.783383,s2.996487,s64.262759
094_72,s5.538046,s0.974246,s276.110210
094_73,s7.126447,s1.915274,s311.144946
094_74,s3.149320,s0.510834,s254.108285
094_75,s4.884288,s0.661297,s143.745166
094_76,s1.312309,s2.556461,s34.061980
094_77,s6.649874,s1.462260,s212.354204
094_78,s2.792874,s0.914971,s107.365442
094_79,s0.432722,s6.754147,s157.963756
094_80,s6.283066,s0.631291,s115.436380
094_81,s2.500714,s1.390353,s82.636492
094_82,s1.209555,s3.584324,s27.368264
094_83,s1.617828,s2.146467,s90.940803
094_84,s0.627150,s3.374318,s30.527200
094_85,s1.328972,s4.700504,s40.000000
094_86,s0.786833,s4.526659,s79.590604
094_87,s0.801474,s2.584950,s64.115840
094_88,s2.760670,s0.334379,s107.182669
094_89,s3.961201,s6.925322,s0.000000
094_90,s5.464263,s7.046188,s325.299156
094_91,s1.450188,s0.942987,s107.956065
094_92,s3.390019,s7.162583,s7.510816
094_93,s4.462606,s7.188963,s260.000000
095_0,s2.803381,s2.982334,s155.083789
095_1,s3.691164,s3.045287,s208.480813
095_2,s2.947000,s4.112045,s146.259059
095_3,s2.494562,s2.014749,s100.990534
095_4,s3.247356,s2.067614,s130.425996
095_5,s3.450192,s2.525902,s98.146939
095_6,s3.369535,s3.960191,s333.894836
095_7,s3.604894,s3.628167,s245.830198
095_8,s4.305198,s2.003480,s224.211385
095_9,s5.007887,s2.510376,s175.051528
095_10,s3.799603,s2.283601,s158.924510
095_11,s3.329475,s3.093381,s60.741992
095_12,s4.247943,s3.046630,s316.598268
095_13,s2.167173,s2.731882,s155.379117
095_14,s3.923388,s4.141870,s306.122053
095_15,s4.994454,s3.570835,s287.151329
095_16,s4.329567,s2.638654,s222.360085
095_17,s4.744397,s3.019498,s276.592573
095_18,s3.871426,s4.632011,s340.532615
095_19,s2.417087,s3.967722,s64.270949
095_20,s3.090755,s4.431536,s46.530680
095_21,s4.346043,s3.664850,s350.734658
095_22,s1.176313,s1.757785,s127.411290
095_23,s3.334033,s4.961565,s302.187561
095_24,s2.552842,s5.638592,s23.944127
095_25,s4.474039,s4.874383,s15.414033
095_26,s2.262421,s4.948183,s316.186730
095_27,s4.804761,s4.708424,s264.327577
095_28,s5.552404,s2.644176,s168.853251
095_29,s4.792521,s4.165220,s246.083806
095_30,s1.030141,s5.745228,s346.478489
095_31,s6.332379,s2.285567,s207.286011
095_32,s5.207324,s5.276274,s83.689669
095_33,s5.361486,s4.251755,s312.787874
095_34,s4.642904,s5.741134,s288.188627
095_35,s5.511384,s4.981102,s282.302437
095_36,s5.809470,s4.051358,s218.658043
095_37,s3.344219,s5.689857,s346.387630
095_38,s3.960392,s5.584293,s318.427250
095_39,s6.280602,s4.794181,s170.984218
095_40,s5.759882,s2.008576,s249.437534
095_41,s5.643115,s3.188527,s217.191522
095_42,s5.490055,s5.522838,s331.841808
095_43,s4.056830,s6.185930,s37.735762
095_44,s2.031306,s5.948083,s56.416140
095_45,s6.281072,s3.340037,s251.127144
095_46,s6.118261,s5.487460,s4.710647
095_47,s4.789639,s6.175733,s338.974474
095_48,s2.060829,s6.570059,s281.912421
095_49,s6.677555,s7.303335,s63.657512
095_50,s4.254762,s1.487723,s131.186868
095_51,s6.519229,s3.811494,s357.177653
095_52,s7.192734,s5.782023,s75.726264
095_53,s6.495004,s2.857261,s215.283492
095_54,s2.067691,s3.588421,s107.702896
095_55,s5.620264,s6.327228,s41.862602
095_56,s2.848683,s6.020361,s354.954176
095_57,s3.308926,s6.676736,s53.238100
095_58,s1.849014,s4.608765,s117.790990
095_59,s6.168206,s1.416410,s93.697171
095_60,s6.584059,s4.975454,s332.521173
095_61,s3.476880,s0.922525,s69.943467
095_62,s4.276753,s6.580080,s294.177949
095_63,s4.723480,s1.173566,s234.424643
095_64,s6.934269,s4.216634,s243.586808
095_65,s7.018779,s2.782356,s250.457505
095_66,s7.163226,s3.430520,s218.118885
095_67,s7.060120,s4.945871,s239.378804
095_68,s5.143710,s1.720486,s187.061343
095_69,s4.026706,s0.854514,s181.229769
095_70,s1.669236,s3.869747,s67.051797
095_71,s1.777411,s3.006838,s64.262759
095_72,s5.474517,s0.958064,s276.110210
095_73,s6.978125,s1.953864,s311.144946
095_74,s3.091690,s0.520867,s254.108285
095_75,s4.820759,s0.645116,s143.745166
095_76,s1.305281,s2.571001,s34.061980
095_77,s6.561130,s1.469299,s212.354204
095_78,s2.729345,s0.898790,s107.365442
095_79,s0.478708,s6.651596,s157.963756
095_80,s6.219537,s0.615109,s115.436380
095_81,s2.437185,s1.374171,s82.636492
095_82,s1.146026,s3.568143,s27.368264
095_83,s1.563289,s2.137474,s90.940803
095_84,s0.563621,s3.358137,s30.527200
095_85,s1.265444,s4.684323,s40.000000
095_86,s0.786833,s4.499528,s79.590604
095_87,s0.777927,s2.586626,s64.115840
095_88,s2.703510,s0.338246,s107.182669
095_89,s3.897672,s6.909141,s0.000000
095_90,s5.400734,s7.030007,s325.299156
095_91,s1.515549,s1.084571,s107.956065
095_92,s3.326490,s7.146402,s7.510816
095_93,s4.399077,s7.172782,s260.000000
095_94,s6.282152,s6.341402,s0.000000
096_0,s2.902896,s2.968826,s155.083789
096_1,s3.790679,s3.031780,s208.480813
096_2,s3.046515,s4.098538,s146.259059
096_3,s2.607794,s2.021243,s100.990534
096_4,s3.350257,s2.065048,s130.425996
096_5,s3.549707,s2.512394,s98.146939
096_6,s3.469050,s3.946683,s333.894836
096_7,s3.704409,s3.614659,s245.830198
096_8,s4.404713,s1.989973,s224.211385
096_9,s5.107402,s2.496869,s175.051528
096_10,s3.899118,s2.270094,s158.924510
096_11,s3.428990,s3.079873,s60.741992
096_12,s4.347458,s3.033123,s316.598268
096_13,s2.266688,s2.718374,s155.379117
096_14,s4.022903,s4.128362,s306.122053
096_15,s5.093969,s3.557328,s287.151329
096_16,s4.429082,s2.625146,s222.360085
096_17,s4.843912,s3.005991,s276.592573
096_18,s3.970940,s4.618504,s340.532615
096_19,s2.516602,s3.954214,s64.270949
096_20,s3.190270,s4.418028,s46.530680
096_21,s4.445558,s3.651343,s350.734658
096_22,s1.312382,s1.774698,s127.411290
096_23,s3.433548,s4.948057,s302.187561
096_24,s2.652356,s5.625084,s23.944127
096_25,s4.573554,s4.860875,s15.414033
096_26,s2.361936,s4.934675,s316.186730
096_27,s4.904275,s4.694916,s264.327577
096_28,s5.651919,s2.630668,s168.853251
096_29,s4.892036,s4.151713,s246.083806
096_30,s1.234955,s5.665219,s346.478489
096_31,s6.431893,s2.272059,s207.286011
096_32,s5.306839,s5.262766,s83.689669
096_33,s5.461001,s4.238247,s312.787874
096_34,s4.742419,s5.727627,s288.188627
096_35,s5.610898,s4.967595,s282.302437
096_36,s5.908985,s4.037850,s218.658043
096_37,s3.503502,s5.467746,s346.387630
096_38,s4.059907,s5.570785,s318.427250
096_39,s6.380117,s4.780673,s170.984218
096_40,s5.859397,s1.995068,s249.437534
096_41,s5.742630,s3.175019,s217.191522
096_42,s5.589570,s5.509330,s331.841808
096_43,s4.156345,s6.172422,s37.735762
096_44,s2.130820,s5.934575,s56.416140
096_45,s6.380587,s3.326529,s251.127144
096_46,s6.217776,s5.473952,s4.710647
096_47,s4.889154,s6.162225,s338.974474
096_48,s2.160344,s6.556551,s281.912421
096_49,s6.742524,s7.249338,s63.657512
096_50,s4.354277,s1.474215,s131.186868
096_51,s6.618744,s3.797986,s357.177653
096_52,s7.292249,s5.768515,s75.726264
096_53,s6.594518,s2.843753,s215.283492
096_54,s2.167206,s3.574914,s107.702896
096_55,s5.719779,s6.313720,s41.862602
096_56,s2.948198,s6.006853,s354.954176
096_57,s3.408441,s6.663228,s53.238100
096_58,s1.948529,s4.595257,s117.790990
096_59,s6.267721,s1.402902,s93.697171
096_60,s6.683574,s4.961946,s332.521173
096_61,s3.578616,s0.927838,s69.943467
096_62,s4.376268,s6.566572,s294.177949
096_63,s4.819638,s1.170643,s234.424643
096_64,s7.033784,s4.203126,s243.586808
096_65,s7.118294,s2.768848,s250.457505
096_66,s7.262741,s3.417012,s218.118885
096_67,s7.159635,s4.932363,s239.378804
096_68,s5.243225,s1.706978,s187.061343
096_69,s4.126221,s0.841007,s181.229769
096_70,s1.768751,s3.856239,s67.051797
096_71,s1.876926,s2.993330,s64.262759
096_72,s5.574032,s0.944557,s276.110210
096_73,s7.077640,s1.940356,s311.144946
096_74,s3.195641,s0.527911,s254.108285
096_75,s4.916276,s0.645116,s143.745166
096_76,s1.404796,s2.557493,s34.061980
096_77,s6.660645,s1.455791,s212.354204
096_78,s2.828860,s0.885282,s107.365442
096_79,s0.729695,s6.517214,s157.963756
096_80,s6.319052,s0.601602,s115.436380
096_81,s2.545166,s1.376379,s82.636492
096_82,s1.245541,s3.554635,s27.368264
096_83,s1.702046,s2.155629,s90.940803
096_84,s0.663136,s3.344629,s30.527200
096_85,s1.364959,s4.670815,s40.000000
096_86,s0.886348,s4.486020,s79.590604
096_87,s0.901534,s2.584028,s64.115840
096_88,s2.806171,s0.334825,s107.182669
096_89,s3.997187,s6.895633,s0.000000
096_90,s5.500249,s7.016499,s325.299156
096_91,s1.705388,s1.183386,s107.956065
096_92,s3.426005,s7.132894,s7.510816
096_93,s4.498592,s7.159274,s260.000000
096_94,s6.350121,s6.297316,s0.000000
096_95,s0.692820,s5.141958,s60.000000
097_0,s2.902896,s2.968826,s155.083789
097_1,s3.790679,s3.031780,s208.480813
097_2,s3.046515,s4.098538,s146.259059
097_3,s2.607794,s2.021243,s100.990534
097_4,s3.353881,s2.076789,s130.425996
097_5,s3.549707,s2.512394,s98.146939
097_6,s3.469050,s3.946683,s333.894836
097_7,s3.704409,s3.614659,s245.830198
097_8,s4.404713,s1.989973,s224.211385
097_9,s5.107402,s2.496869,s175.051528
097_10,s3.899118,s2.270094,s158.924510
097_11,s3.428990,s3.079873,s60.741992
097_12,s4.347458,s3.033123,s316.598268
097_13,s2.266688,s2.718374,s155.379117
097_14,s4.022903,s4.128362,s306.122053
097_15,s5.093969,s3.557328,s287.151329
097_16,s4.429082,s2.625146,s222.360085
097_17,s4.843912,s3.005991,s276.592573
097_18,s3.970940,s4.618504,s340.532615
097_19,s2.516602,s3.954214,s64.270949
097_20,s3.190270,s4.418028,s46.530680
097_21,s4.445558,s3.651343,s350.734658
097_22,s1.312382,s1.774698,s127.411290
097_23,s3.433548,s4.948057,s302.187561
097_24,s2.652356,s5.625084,s23.944127
097_25,s4.573554,s4.860875,s15.414033
097_26,s2.361936,s4.934675,s316.186730
097_27,s4.904275,s4.694916,s264.327577
097_28,s5.651919,s2.630668,s168.853251
097_29,s4.892036,s4.151713,s246.083806
097_30,s1.255782,s5.652095,s346.478489
097_31,s6.431893,s2.272059,s207.286011
097_32,s5.306839,s5.262766,s83.689669
097_33,s5.461001,s4.238247,s312.787874
097_34,s4.742419,s5.727627,s288.188627
097_35,s5.610898,s4.967595,s282.302437
097_36,s5.908985,s4.037850,s218.658043
097_37,s3.503502,s5.467746,s346.387630
097_38,s4.059907,s5.570785,s318.427250
097_39,s6.380117,s4.780673,s170.984218
097_40,s5.859397,s1.995068,s249.437534
097_41,s5.742630,s3.175019,s217.191522
097_42,s5.589570,s5.509330,s331.841808
097_43,s4.156345,s6.172422,s37.735762
097_44,s2.130820,s5.934575,s56.416140
097_45,s6.380587,s3.326529,s251.127144
097_46,s6.217776,s5.473952,s4.710647
097_47,s4.889154,s6.162225,s338.974474
097_48,s2.160344,s6.556551,s281.912421
097_49,s6.727566,s7.231822,s63.657512
097_50,s4.354277,s1.474215,s131.186868
097_51,s6.618744,s3.797986,s357.177653
097_52,s7.292249,s5.768515,s75.726264
097_53,s6.594518,s2.843753,s215.283492
097_54,s2.167206,s3.574914,s107.702896
097_55,s5.719779,s6.313720,s41.862602
097_56,s2.948198,s6.006853,s354.954176
097_57,s3.408441,s6.663228,s53.238100
097_58,s1.948529,s4.595257,s117.790990
097_59,s6.267721,s1.402902,s93.697171
097_60,s6.683574,s4.961946,s332.521173
097_61,s3.578616,s0.927838,s69.943467
097_62,s4.376268,s6.566572,s294.177949
097_63,s4.819638,s1.170643,s234.424643
097_64,s7.033784,s4.203126,s243.586808
097_65,s7.118294,s2.768848,s250.457505
097_66,s7.262741,s3.417012,s218.118885
097_67,s7.159635,s4.932363,s239.378804
097_68,s5.243225,s1.706978,s187.061343
097_69,s4.126221,s0.841007,s181.229769
097_70,s1.768751,s3.856239,s67.051797
097_71,s1.876926,s2.993330,s64.262759
097_72,s5.574032,s0.944557,s276.110210
097_73,s7.077640,s1.940356,s311.144946
097_74,s3.195641,s0.527911,s254.108285
097_75,s4.916276,s0.645116,s143.745166
097_76,s1.404796,s2.557493,s34.061980
097_77,s6.660645,s1.455791,s212.354204
097_78,s2.833071,s0.896987,s107.365442
097_79,s0.822737,s6.443098,s157.963756
097_80,s6.319052,s0.601602,s115.436380
097_81,s2.545166,s1.376379,s82.636492
097_82,s1.245541,s3.554635,s27.368264
097_83,s1.702046,s2.155629,s90.940803
097_84,s0.663136,s3.344629,s30.527200
097_85,s1.364959,s4.670815,s40.000000
097_86,s0.886348,s4.486020,s79.590604
097_87,s0.914501,s2.589920,s64.115840
097_88,s2.806171,s0.334825,s107.182669
097_89,s3.997187,s6.895633,s0.000000
097_90,s5.494597,s7.005467,s325.299156
097_91,s1.727122,s1.210411,s107.956065
097_92,s3.427904,s7.121096,s7.510816
097_93,s4.498592,s7.159274,s260.000000
097_94,s6.332567,s6.280342,s0.000000
097_95,s0.692820,s5.141958,s60.000000
097_96,s2.360516,s7.006097,s0.000000
098_0,s2.902896,s2.968826,s155.083789
098_1,s3.790679,s3.031780,s208.480813
098_2,s3.046515,s4.098538,s146.259059
098_3,s2.607794,s2.021243,s100.990534
098_4,s3.353881,s2.076789,s130.425996
098_5,s3.549707,s2.512394,s98.146939
098_6,s3.469050,s3.946683,s333.894836
098_7,s3.704409,s3.614659,s245.830198
098_8,s4.404713,s1.989973,s224.211385
098_9,s5.107402,s2.496869,s175.051528
098_10,s3.899118,s2.270094,s158.924510
098_11,s3.434620,s3.089613,s60.741992
098_12,s4.347458,s3.033123,s316.598268
098_13,s2.266688,s2.718374,s155.379117
098_14,s4.022903,s4.128362,s306.122053
098_15,s5.093969,s3.557328,s287.151329
098_16,s4.429082,s2.625146,s222.360085
098_17,s4.843912,s3.005991,s276.592573
098_18,s3.970940,s4.618504,s340.532615
098_19,s2.516602,s3.954214,s64.270949
098_20,s3.190270,s4.418028,s46.530680
098_21,s4.445558,s3.651343,s350.734658
098_22,s1.312382,s1.774698,s127.411290
098_23,s3.433548,s4.948057,s302.187561
098_24,s2.652356,s5.625084,s23.944127
098_25,s4.573554,s4.860875,s15.414033
098_26,s2.361936,s4.934675,s316.186730
098_27,s4.904275,s4.694916,s264.327577
098_28,s5.651919,s2.630668,s168.853251
098_29,s4.892036,s4.151713,s246.083806
098_30,s1.267952,s5.644398,s346.478489
098_31,s6.431893,s2.272059,s207.286011
098_32,s5.306839,s5.262766,s83.689669
098_33,s5.461001,s4.238247,s312.787874
098_34,s4.742419,s5.727627,s288.188627
098_35,s5.610898,s4.967595,s282.302437
098_36,s5.908985,s4.037850,s218.658043
098_37,s3.508634,s5.449825,s346.387630
098_38,s4.059907,s5.570785,s318.427250
098_39,s6.380117,s4.780673,s170.984218
098_40,s5.859397,s1.995068,s249.437534
098_41,s5.742630,s3.175019,s217.191522
098_42,s5.589570,s5.509330,s331.841808
098_43,s4.156345,s6.172422,s37.735762
098_44,s2.130820,s5.934575,s56.416140
098_45,s6.380587,s3.326529,s251.127144
098_46,s6.217776,s5.473952,s4.710647
098_47,s4.889154,s6.162225,s338.974474
098_48,s2.160344,s6.556551,s281.912421
098_49,s6.660965,s7.153692,s63.657512
098_50,s4.354277,s1.474215,s131.186868
098_51,s6.618744,s3.797986,s357.177653
098_52,s7.292249,s5.768515,s75.726264
098_53,s6.594518,s2.843753,s215.283492
098_54,s2.167206,s3.574914,s107.702896
098_55,s5.719779,s6.313720,s41.862602
098_56,s2.948198,s6.006853,s354.954176
098_57,s3.408441,s6.663228,s53.238100
098_58,s1.948529,s4.595257,s117.790990
098_59,s6.267721,s1.402902,s93.697171
098_60,s6.683574,s4.961946,s332.521173
098_61,s3.578616,s0.927838,s69.943467
098_62,s4.376268,s6.566572,s294.177949
098_63,s4.819638,s1.170643,s234.424643
098_64,s7.033784,s4.203126,s243.586808
098_65,s7.118294,s2.768848,s250.457505
098_66,s7.262741,s3.417012,s218.118885
098_67,s7.159635,s4.932363,s239.378804
098_68,s5.243225,s1.706978,s187.061343
098_69,s4.126221,s0.841007,s181.229769
098_70,s1.768751,s3.856239,s67.051797
098_71,s1.876926,s2.993330,s64.262759
098_72,s5.574032,s0.944557,s276.110210
098_73,s7.077640,s1.940356,s311.144946
098_74,s3.195641,s0.527911,s254.108285
098_75,s4.916276,s0.645116,s143.745166
098_76,s1.404796,s2.557493,s34.061980
098_77,s6.660645,s1.455791,s212.354204
098_78,s2.833071,s0.896987,s107.365442
098_79,s0.957912,s6.335162,s157.963756
098_80,s6.319052,s0.601602,s115.436380
098_81,s2.545166,s1.376379,s82.636492
098_82,s1.245541,s3.554635,s27.368264
098_83,s1.702046,s2.155629,s90.940803
098_84,s0.663136,s3.344629,s30.527200
098_85,s1.364959,s4.670815,s40.000000
098_86,s0.886348,s4.486020,s79.590604
098_87,s0.914501,s2.589920,s64.115840
098_88,s2.809605,s0.345836,s107.182669
098_89,s3.997187,s6.895633,s0.000000
098_90,s5.494597,s7.005467,s325.299156
098_91,s1.756026,s1.246351,s107.956065
098_92,s3.427904,s7.121096,s7.510816
098_93,s4.498592,s7.159274,s260.000000
098_94,s6.332567,s6.280342,s0.000000
098_95,s0.692820,s5.141958,s60.000000
098_96,s2.360516,s7.006097,s0.000000
098_97,s1.709986,s6.617309,s0.000000
099_0,s2.902896,s2.968826,s155.083789
099_1,s3.792755,s3.044992,s208.480813
099_2,s3.046515,s4.098538,s146.259059
099_3,s2.607794,s2.021243,s100.990534
099_4,s3.353881,s2.076789,s130.425996
099_5,s3.549707,s2.512394,s98.146939
099_6,s3.469050,s3.946683,s333.894836
099_7,s3.704409,s3.614659,s245.830198
099_8,s4.404713,s1.989973,s224.211385
099_9,s5.107402,s2.496869,s175.051528
099_10,s3.899118,s2.270094,s158.924510
099_11,s3.434620,s3.089613,s60.741992
099_12,s4.347458,s3.033123,s316.598268
099_13,s2.266688,s2.718374,s155.379117
099_14,s4.022903,s4.128362,s306.122053
099_15,s5.093969,s3.557328,s287.151329
099_16,s4.429082,s2.625146,s222.360085
099_17,s4.843912,s3.005991,s276.592573
099_18,s3.970940,s4.618504,s340.532615
099_19,s2.516602,s3.954214,s64.270949
099_20,s3.190270,s4.418028,s46.530680
099_21,s4.445558,s3.651343,s350.734658
099_22,s1.312382,s1.774698,s127.411290
099_23,s3.433548,s4.948057,s302.187561
099_24,s2.652356,s5.625084,s23.944127
099_25,s4.573554,s4.860875,s15.414033
099_26,s2.361936,s4.934675,s316.186730
099_27,s4.904275,s4.694916,s264.327577
099_28,s5.651919,s2.630668,s168.853251
099_29,s4.892036,s4.151713,s246.083806
099_30,s1.267952,s5.644398,s346.478489
099_31,s6.431893,s2.272059,s207.286011
099_32,s5.306839,s5.262766,s83.689669
099_33,s5.461001,s4.238247,s312.787874
099_34,s4.742419,s5.727627,s288.188627
099_35,s5.610898,s4.967595,s282.302437
099_36,s5.908985,s4.037850,s218.658043
099_37,s3.508634,s5.449825,s346.387630
099_38,s4.059907,s5.570785,s318.427250
099_39,s6.380117,s4.780673,s170.984218
099_40,s5.859397,s1.995068,s249.437534
099_41,s5.742630,s3.175019,s217.191522
099_42,s5.589570,s5.509330,s331.841808
099_43,s4.156345,s6.172422,s37.735762
099_44,s2.130820,s5.934575,s56.416140
099_45,s6.380587,s3.326529,s251.127144
099_46,s6.217776,s5.473952,s4.710647
099_47,s4.889154,s6.162225,s338.974474
099_48,s2.160344,s6.556551,s281.912421
099_49,s6.650552,s7.141476,s63.657512
099_50,s4.354277,s1.474215,s131.186868
099_51,s6.618744,s3.797986,s357.177653
099_52,s7.292249,s5.768515,s75.726264
099_53,s6.594518,s2.843753,s215.283492
099_54,s2.167206,s3.574914,s107.702896
099_55,s5.710819,s6.301883,s41.862602
099_56,s2.948198,s6.006853,s354.954176
099_57,s3.408441,s6.663228,s53.238100
099_58,s1.948529,s4.595257,s117.790990
099_59,s6.267721,s1.402902,s93.697171
099_60,s6.683574,s4.961946,s332.521173
099_61,s3.578616,s0.927838,s69.943467
099_62,s4.376268,s6.566572,s294.177949
099_63,s4.819638,s1.170643,s234.424643
099_64,s7.033784,s4.203126,s243.586808
099_65,s7.118294,s2.768848,s250.457505
099_66,s7.262741,s3.417012,s218.118885
099_67,s7.159635,s4.932363,s239.378804
099_68,s5.243225,s1.706978,s187.061343
099_69,s4.126221,s0.841007,s181.229769
099_70,s1.768751,s3.856239,s67.051797
099_71,s1.876926,s2.993330,s64.262759
099_72,s5.574032,s0.944557,s276.110210
099_73,s7.077640,s1.940356,s311.144946
099_74,s3.198325,s0.540341,s254.108285
099_75,s4.916276,s0.645116,s143.745166
099_76,s1.404796,s2.557493,s34.061980
099_77,s6.660645,s1.455791,s212.354204
099_78,s2.833071,s0.896987,s107.365442
099_79,s0.957912,s6.335162,s157.963756
099_80,s6.319052,s0.601602,s115.436380
099_81,s2.545166,s1.376379,s82.636492
099_82,s1.245541,s3.554635,s27.368264
099_83,s1.702046,s2.155629,s90.940803
099_84,s0.663136,s3.344629,s30.527200
099_85,s1.384575,s4.665370,s40.000000
099_86,s0.886348,s4.486020,s79.590604
099_87,s0.914501,s2.589920,s64.115840
099_88,s2.809605,s0.345836,s107.182669
099_89,s3.997187,s6.895633,s0.000000
099_90,s5.486618,s6.989860,s325.299156
099_91,s1.756026,s1.246351,s107.956065
099_92,s3.427904,s7.121096,s7.510816
099_93,s4.498592,s7.159274,s260.000000
099_94,s6.332567,s6.280342,s0.000000
099_95,s0.692820,s5.141958,s60.000000
099_96,s2.360516,s7.006097,s0.000000
099_97,s1.709986,s6.617309,s0.000000
099_98,s0.831521,s2.025866,s60.000000
100_0,s2.890189,s2.968826,s155.083789
100_1,s3.780049,s3.044992,s208.480813
100_2,s3.033809,s4.098538,s146.259059
100_3,s2.595088,s2.021243,s100.990534
100_4,s3.341175,s2.076789,s130.425996
100_5,s3.537001,s2.512394,s98.146939
100_6,s3.456344,s3.946683,s333.894836
100_7,s3.691703,s3.614659,s245.830198
100_8,s4.392007,s1.989973,s224.211385
100_9,s5.094696,s2.496869,s175.051528
100_10,s3.886412,s2.270094,s158.924510
100_11,s3.421913,s3.089613,s60.741992
100_12,s4.334751,s3.033123,s316.598268
100_13,s2.253982,s2.718374,s155.379117
100_14,s4.010197,s4.128362,s306.122053
100_15,s5.081263,s3.557328,s287.151329
100_16,s4.416376,s2.625146,s222.360085
100_17,s4.831206,s3.005991,s276.592573
100_18,s3.958234,s4.618504,s340.532615
100_19,s2.503896,s3.954214,s64.270949
100_20,s3.177564,s4.418028,s46.530680
100_21,s4.432851,s3.651343,s350.734658
100_22,s1.299676,s1.774698,s127.411290
100_23,s3.420842,s4.948057,s302.187561
100_24,s2.639650,s5.625084,s23.944127
100_25,s4.560847,s4.860875,s15.414033
100_26,s2.349230,s4.934675,s316.186730
100_27,s4.891569,s4.694916,s264.327577
100_28,s5.639213,s2.630668,s168.853251
100_29,s4.879330,s4.151713,s246.083806
100_30,s1.255246,s5.644398,s346.478489
100_31,s6.419187,s2.272059,s207.286011
100_32,s5.294133,s5.262766,s83.689669
100_33,s5.448295,s4.238247,s312.787874
100_34,s4.729713,s5.727627,s288.188627
100_35,s5.598192,s4.967595,s282.302437
100_36,s5.896279,s4.037850,s218.658043
100_37,s3.495927,s5.449825,s346.387630
100_38,s4.047200,s5.570785,s318.427250
100_39,s6.367410,s4.780673,s170.984218
100_40,s5.846691,s1.995068,s249.437534
100_41,s5.729924,s3.175019,s217.191522
100_42,s5.576863,s5.509330,s331.841808
100_43,s4.143638,s6.172422,s37.735762
100_44,s2.118114,s5.934575,s56.416140
100_45,s6.367881,s3.326529,s251.127144
100_46,s6.205070,s5.473952,s4.710647
100_47,s4.876448,s6.162225,s338.974474
100_48,s2.147637,s6.556551,s281.912421
100_49,s6.637846,s7.141476,s63.657512
100_50,s4.341571,s1.474215,s131.186868
100_51,s6.606038,s3.797986,s357.177653
100_52,s7.279542,s5.768515,s75.726264
100_53,s6.581812,s2.843753,s215.283492
100_54,s2.154500,s3.574914,s107.702896
100_55,s5.698113,s6.301883,s41.862602
100_56,s2.935492,s6.006853,s354.954176
100_57,s3.395735,s6.663228,s53.238100
100_58,s1.935823,s4.595257,s117.790990
100_59,s6.255015,s1.402902,s93.697171
100_60,s6.670868,s4.961946,s332.521173
100_61,s3.565909,s0.927838,s69.943467
100_62,s4.363561,s6.566572,s294.177949
100_63,s4.806932,s1.170643,s234.424643
100_64,s7.021077,s4.203126,s243.586808
100_65,s7.105588,s2.768848,s250.457505
100_66,s7.250035,s3.417012,s218.118885
100_67,s7.146929,s4.932363,s239.378804
100_68,s5.230518,s1.706978,s187.061343
100_69,s4.113514,s0.841007,s181.229769
100_70,s1.756044,s3.856239,s67.051797
100_71,s1.864220,s2.993330,s64.262759
100_72,s5.561326,s0.944557,s276.110210
100_73,s7.064934,s1.940356,s311.144946
100_74,s3.185619,s0.540341,s254.108285
100_75,s4.903569,s0.645116,s143.745166
100_76,s1.392090,s2.557493,s34.061980
100_77,s6.647939,s1.455791,s212.354204
100_78,s2.820365,s0.896987,s107.365442
100_79,s0.945206,s6.335162,s157.963756
100_80,s6.306346,s0.601602,s115.436380
100_81,s2.532460,s1.376379,s82.636492
100_82,s1.232835,s3.554635,s27.368264
100_83,s1.689339,s2.155629,s90.940803
100_84,s0.650430,s3.344629,s30.527200
100_85,s1.371869,s4.665370,s40.000000
100_86,s0.893005,s4.482662,s79.590604
100_87,s0.901795,s2.589920,s64.115840
100_88,s2.796899,s0.345836,s107.182669
100_89,s3.984481,s6.895633,s0.000000
100_90,s5.473912,s6.989860,s325.299156
100_91,s1.743320,s1.246351,s107.956065
100_92,s3.415197,s7.121096,s7.510816
100_93,s4.485886,s7.159274,s260.000000
100_94,s6.319861,s6.280342,s0.000000
100_95,s0.692820,s5.137316,s60.000000
100_96,s2.347810,s7.006097,s0.000000
100_97,s1.697280,s6.617309,s0.000000
100_98,s0.818815,s2.025866,s60.000000
100_99,s4.913266,s7.476821,s300.000000
101_0,s3.425559,s2.980927,s155.083789
101_1,s4.303182,s3.066968,s208.480813
101_2,s3.559670,s4.098538,s146.259059
101_3,s3.120949,s2.021243,s100.990534
101_4,s3.867036,s2.076789,s130.425996
101_5,s4.064995,s2.536128,s98.146939
101_6,s3.982205,s3.946683,s333.894836
101_7,s4.217564,s3.614659,s245.830198
101_8,s4.917868,s1.989973,s224.211385
101_9,s5.620557,s2.496869,s175.051528
101_10,s4.407021,s2.310439,s158.924510
101_11,s3.960108,s3.133300,s60.741992
101_12,s4.860612,s3.033123,s316.598268
101_13,s2.779843,s2.718374,s155.379117
101_14,s4.526026,s4.123359,s306.122053
101_15,s5.607124,s3.557328,s287.151329
101_16,s4.942237,s2.625146,s222.360085
101_17,s5.357067,s3.005991,s276.592573
101_18,s4.484095,s4.618504,s340.532615
101_19,s3.029757,s3.954214,s64.270949
101_20,s3.703425,s4.418028,s46.530680
101_21,s4.958712,s3.651343,s350.734658
101_22,s1.833293,s1.781850,s127.411290
101_23,s3.946703,s4.948057,s302.187561
101_24,s3.165511,s5.625084,s23.944127
101_25,s5.086709,s4.860875,s15.414033
101_26,s2.875091,s4.934675,s316.186730
101_27,s5.417430,s4.694916,s264.327577
101_28,s6.165074,s2.630668,s168.853251
101_29,s5.405191,s4.151713,s246.083806
101_30,s1.781107,s5.644398,s346.478489
101_31,s6.945048,s2.272059,s207.286011
101_32,s5.819994,s5.262766,s83.689669
101_33,s5.974156,s4.238247,s312.787874
101_34,s5.255574,s5.727627,s288.188627
101_35,s6.124053,s4.967595,s282.302437
101_36,s6.422140,s4.037850,s218.658043
101_37,s4.021788,s5.449825,s346.387630
101_38,s4.573061,s5.570785,s318.427250
101_39,s6.893272,s4.780673,s170.984218
101_40,s6.372552,s1.995068,s249.437534
101_41,s6.255785,s3.175019,s217.191522
101_42,s6.102724,s5.509330,s331.841808
101_43,s4.669499,s6.172422,s37.735762
101_44,s2.643975,s5.934575,s56.416140
101_45,s6.893742,s3.326529,s251.127144
101_46,s6.730931,s5.473952,s4.710647
101_47,s5.402309,s6.162225,s338.974474
101_48,s2.673498,s6.556551,s281.912421
101_49,s7.140704,s7.116821,s63.657512
101_50,s4.867432,s1.474215,s131.186868
101_51,s7.131899,s3.797986,s357.177653
101_52,s7.805403,s5.768515,s75.726264
101_53,s7.098301,s2.847333,s215.283492
101_54,s2.680361,s3.574914,s107.702896
101_55,s6.223974,s6.301883,s41.862602
101_56,s3.461353,s6.006853,s354.954176
101_57,s3.921596,s6.663228,s53.238100
101_58,s2.461684,s4.595257,s117.790990
101_59,s6.780876,s1.402902,s93.697171
101_60,s7.196729,s4.961946,s332.521173
101_61,s4.091770,s0.927838,s69.943467
101_62,s4.889422,s6.566572,s294.177949
101_63,s5.332793,s1.170643,s234.424643
101_64,s7.546938,s4.203126,s243.586808
101_65,s7.631449,s2.768848,s250.457505
101_66,s7.775896,s3.417012,s218.118885
101_67,s7.672790,s4.932363,s239.378804
101_68,s5.756379,s1.706978,s187.061343
101_69,s4.639375,s0.841007,s181.229769
101_70,s2.281905,s3.856239,s67.051797
101_71,s2.390081,s2.993330,s64.262759
101_72,s6.087187,s0.944557,s276.110210
101_73,s7.590795,s1.940356,s311.144946
101_74,s3.711480,s0.540341,s254.108285
101_75,s5.429430,s0.645116,s143.745166
101_76,s1.917951,s2.557493,s34.061980
101_77,s7.173800,s1.455791,s212.354204
101_78,s3.346226,s0.896987,s107.365442
101_79,s1.471067,s6.335162,s157.963756
101_80,s6.832207,s0.601602,s115.436380
101_81,s3.058321,s1.376379,s82.636492
101_82,s1.758696,s3.554635,s27.368264
101_83,s2.215200,s2.155629,s90.940803
101_84,s1.176291,s3.344629,s30.527200
101_85,s1.897730,s4.665370,s40.000000
101_86,s1.418866,s4.482662,s79.590604
101_87,s1.427656,s2.589920,s64.115840
101_88,s3.322760,s0.345836,s107.182669
101_89,s4.510342,s6.895633,s0.000000
101_90,s5.999773,s6.989860,s325.299156
101_91,s2.269181,s1.246351,s107.956065
101_92,s3.941058,s7.121096,s7.510816
101_93,s5.011747,s7.159274,s260.000000
101_94,s6.845722,s6.280342,s0.000000
101_95,s1.227995,s5.133620,s60.000000
101_96,s2.873671,s7.006097,s0.000000
101_97,s2.223141,s6.617309,s0.000000
101_98,s1.344676,s2.025866,s60.000000
101_99,s5.439127,s7.476821,s300.000000
101_100,s0.692820,s4.330273,s120.000000
102_0,s3.056720,s2.969470,s155.083789
102_1,s3.934343,s3.055511,s208.480813
102_2,s3.190831,s4.087081,s146.259059
102_3,s2.794794,s2.084366,s124.051521
102_4,s3.498196,s2.065332,s130.425996
102_5,s3.700285,s2.545714,s103.076144
102_6,s3.613365,s3.935226,s333.894836
102_7,s3.848724,s3.603202,s245.830198
102_8,s4.549029,s1.978516,s224.211385
102_9,s5.251717,s2.485412,s175.051528
102_10,s4.018640,s2.060980,s157.792824
102_11,s3.591269,s3.121843,s68.254794
102_12,s4.491773,s3.021666,s316.598268
102_13,s2.346262,s2.735143,s155.379117
102_14,s4.157187,s4.111902,s306.122053
102_15,s5.238284,s3.545871,s287.151329
102_16,s4.573397,s2.613689,s222.360085
102_17,s4.988228,s2.994533,s276.592573
102_18,s4.115256,s4.607046,s341.541515
102_19,s2.660918,s3.942757,s64.270949
102_20,s3.334585,s4.406571,s46.530680
102_21,s4.562776,s3.660749,s346.480273
102_22,s1.312171,s1.279369,s177.188897
102_23,s3.577863,s4.936600,s302.187561
102_24,s2.859258,s5.534267,s23.944127
102_25,s4.717869,s4.849418,s15.414033
102_26,s1.945142,s5.129502,s316.186730
102_27,s5.048591,s4.683459,s264.327577
102_28,s5.796235,s2.619211,s168.853251
102_29,s5.036352,s4.140256,s246.083806
102_30,s1.412267,s5.632941,s346.478489
102_31,s6.576209,s2.260602,s207.286011
102_32,s5.451154,s5.251309,s83.689669
102_33,s5.605317,s4.226790,s308.767241
102_34,s4.886734,s5.716169,s288.188627
102_35,s5.755214,s4.956137,s282.302437
102_36,s6.038745,s4.027017,s218.658043
102_37,s3.652949,s5.438368,s346.387630
102_38,s4.204222,s5.559328,s318.427250
102_39,s6.524432,s4.769216,s170.984218
102_40,s6.003712,s1.983611,s249.437534
102_41,s5.886945,s3.163562,s217.191522
102_42,s5.733885,s5.497873,s331.841808
102_43,s4.300660,s6.160965,s35.710948
102_44,s2.307205,s5.889660,s56.416140
102_45,s6.524902,s3.315072,s251.127144
102_46,s6.362091,s5.462495,s4.710647
102_47,s5.033469,s6.150768,s338.974474
102_48,s2.330438,s6.508321,s281.912421
102_49,s7.165392,s6.945774,s75.247071
102_50,s4.498592,s1.462758,s131.186868
102_51,s6.750794,s3.787991,s357.177653
102_52,s7.413922,s5.807649,s75.726264
102_53,s6.729461,s2.835876,s215.283492
102_54,s2.311522,s3.563457,s107.520515
102_55,s5.855135,s6.290426,s41.862602
102_56,s3.101829,s5.975851,s354.954176
102_57,s3.552756,s6.651771,s53.238100
102_58,s2.092844,s4.583800,s117.790990
102_59,s6.412036,s1.391445,s93.697171
102_60,s6.827890,s4.950489,s332.521173
102_61,s3.722931,s0.916380,s69.943467
102_62,s4.520583,s6.555115,s295.314660
102_63,s4.963953,s1.159186,s234.424643
102_64,s7.154361,s4.191097,s250.273521
102_65,s7.262610,s2.757391,s250.457505
102_66,s7.407057,s3.405555,s218.118885
102_67,s7.289212,s4.864146,s224.735501
102_68,s5.387540,s1.695521,s187.061343
102_69,s4.270536,s0.829550,s181.229769
102_70,s1.913066,s3.844782,s67.051797
102_71,s2.021241,s2.981873,s64.262759
102_72,s5.718348,s0.933100,s276.110210
102_73,s7.221955,s1.928899,s311.144946
102_74,s3.342641,s0.528884,s254.108285
102_75,s5.060591,s0.633659,s134.606701
102_76,s1.770215,s2.186611,s48.904353
102_77,s7.112504,s1.415929,s246.953840
102_78,s2.977387,s0.885530,s108.661473
102_79,s1.113731,s6.314962,s165.688212
102_80,s6.452461,s0.482055,s85.771524
102_81,s2.717932,s1.424828,s83.608301
102_82,s1.389856,s3.543178,s27.368264
102_83,s0.934018,s1.942499,s127.421301
102_84,s0.892051,s3.646778,s106.351871
102_85,s1.528890,s4.653913,s40.000000
102_86,s1.050027,s4.471205,s79.590604
102_87,s0.848673,s2.811284,s60.952780
102_88,s2.953920,s0.334379,s107.182669
102_89,s4.140510,s6.869753,s10.683472
102_90,s5.630934,s6.978403,s325.299156
102_91,s1.717630,s0.718804,s134.586905
102_92,s3.562281,s7.123826,s4.680080
102_93,s4.542090,s7.190353,s260.097855
102_94,s6.476882,s6.268885,s0.000000
102_95,s0.830326,s5.137289,s66.933536
102_96,s2.504831,s6.994640,s0.000000
102_97,s1.151387,s6.830054,s33.780683
102_98,s0.958941,s0.560976,s56.858954
102_99,s5.298784,s7.903358,s248.872009
102_100,s0.323981,s4.318816,s157.768013
102_101,s0.418448,s5.990079,s342.670778
103_0,s3.056720,s2.969470,s155.083789
103_1,s3.934343,s3.055511,s208.480813
103_2,s3.190831,s4.087081,s146.259059
103_3,s2.807150,s2.105042,s124.051521
103_4,s3.502094,s2.080995,s130.425996
103_5,s3.700285,s2.545714,s103.076144
103_6,s3.613365,s3.935226,s333.894836
103_7,s3.848724,s3.603202,s245.830198
103_8,s4.549029,s1.978516,s224.211385
103_9,s5.251717,s2.485412,s175.051528
103_10,s4.018412,s2.106190,s157.792824
103_11,s3.591269,s3.121843,s68.254794
103_12,s4.491773,s3.021666,s316.598268
103_13,s2.346262,s2.735143,s155.379117
103_14,s4.157187,s4.111902,s306.122053
103_15,s5.238284,s3.545871,s287.151329
103_16,s4.573397,s2.613689,s222.360085
103_17,s4.988228,s2.994533,s276.592573
103_18,s4.115256,s4.607046,s341.541515
103_19,s2.660918,s3.942757,s64.270949
103_20,s3.334585,s4.406571,s46.530680
103_21,s4.562776,s3.660749,s346.480273
103_22,s1.322522,s1.290256,s177.188897
103_23,s3.577863,s4.936600,s302.187561
103_24,s2.859258,s5.534267,s23.944127
103_25,s4.717869,s4.849418,s15.414033
103_26,s1.987488,s5.108677,s316.186730
103_27,s5.048591,s4.683459,s264.327577
103_28,s5.796235,s2.619211,s168.853251
103_29,s5.036352,s4.140256,s246.083806
103_30,s1.443086,s5.614920,s346.478489
103_31,s6.576209,s2.260602,s207.286011
103_32,s5.451154,s5.251309,s83.689669
103_33,s5.605317,s4.226790,s308.767241
103_34,s4.886734,s5.716169,s288.188627
103_35,s5.755214,s4.956137,s282.302437
103_36,s6.038745,s4.027017,s218.658043
103_37,s3.652949,s5.438368,s346.387630
103_38,s4.204222,s5.559328,s318.427250
103_39,s6.524432,s4.769216,s170.984218
103_40,s6.003712,s1.983611,s249.437534
103_41,s5.886945,s3.163562,s217.191522
103_42,s5.733885,s5.497873,s331.841808
103_43,s4.300660,s6.160965,s35.710948
103_44,s2.337835,s5.857703,s56.416140
103_45,s6.524902,s3.315072,s251.127144
103_46,s6.362091,s5.462495,s4.710647
103_47,s5.033469,s6.150768,s338.974474
103_48,s2.330438,s6.508321,s281.912421
103_49,s7.165392,s6.945774,s75.247071
103_50,s4.498592,s1.462758,s131.186868
103_51,s6.750794,s3.787991,s357.177653
103_52,s7.404874,s5.803152,s75.726264
103_53,s6.729461,s2.835876,s215.283492
103_54,s2.311522,s3.563457,s107.520515
103_55,s5.855135,s6.290426,s41.862602
103_56,s3.106275,s5.966724,s354.954176
103_57,s3.552756,s6.651771,s53.238100
103_58,s2.092844,s4.583800,s117.790990
103_59,s6.412036,s1.391445,s93.697171
103_60,s6.827890,s4.950489,s332.521173
103_61,s3.722931,s0.916380,s69.943467
103_62,s4.520583,s6.555115,s295.314660
103_63,s4.963953,s1.159186,s234.424643
103_64,s7.139256,s4.190732,s250.273521
103_65,s7.262610,s2.757391,s250.457505
103_66,s7.407057,s3.405555,s218.118885
103_67,s7.289212,s4.864146,s224.735501
103_68,s5.387540,s1.695521,s187.061343
103_69,s4.270536,s0.829550,s181.229769
103_70,s1.913066,s3.844782,s67.051797
103_71,s2.021241,s2.981873,s64.262759
103_72,s5.718348,s0.933100,s276.110210
103_73,s7.221955,s1.928899,s311.144946
103_74,s3.342641,s0.528884,s254.108285
103_75,s5.060591,s0.633659,s134.606701
103_76,s1.815768,s2.225860,s48.904353
103_77,s7.112504,s1.415929,s246.953840
103_78,s2.977387,s0.885530,s108.661473
103_79,s1.135351,s6.298529,s165.688212
103_80,s6.452461,s0.482055,s85.771524
103_81,s2.717932,s1.424828,s83.608301
103_82,s1.389856,s3.543178,s27.368264
103_83,s0.979010,s1.974293,s127.421301
103_84,s0.892051,s3.646778,s106.351871
103_85,s1.528890,s4.653913,s40.000000
103_86,s1.050027,s4.471205,s79.590604
103_87,s0.886932,s2.827069,s60.952780
103_88,s2.953920,s0.334379,s107.182669
103_89,s4.140510,s6.869753,s10.683472
103_90,s5.630934,s6.978403,s325.299156
103_91,s1.824460,s0.877192,s134.586905
103_92,s3.564144,s7.111261,s4.680080
103_93,s4.542090,s7.190353,s260.097855
103_94,s6.476882,s6.268885,s0.000000
103_95,s0.845336,s5.132460,s66.933536
103_96,s2.513354,s6.978316,s0.000000
103_97,s1.183629,s6.799411,s33.780683
103_98,s0.958941,s0.560976,s56.858954
103_99,s5.298784,s7.903358,s248.872009
103_100,s0.323981,s4.318816,s157.768013
103_101,s0.495114,s5.950032,s342.670778
103_102,s2.041834,s6.777589,s60.000000
104_0,s3.056720,s2.969470,s155.083789
104_1,s3.934343,s3.055511,s208.480813
104_2,s3.190831,s4.087081,s146.259059
104_3,s2.807150,s2.105042,s124.051521
104_4,s3.502094,s2.080995,s130.425996
104_5,s3.700285,s2.545714,s103.076144
104_6,s3.613365,s3.935226,s333.894836
104_7,s3.848724,s3.603202,s245.830198
104_8,s4.549029,s1.978516,s224.211385
104_9,s5.251717,s2.485412,s175.051528
104_10,s4.018412,s2.106190,s157.792824
104_11,s3.595318,s3.131486,s68.254794
104_12,s4.491773,s3.021666,s316.598268
104_13,s2.346262,s2.735143,s155.379117
104_14,s4.157187,s4.111902,s306.122053
104_15,s5.238284,s3.545871,s287.151329
104_16,s4.573397,s2.613689,s222.360085
104_17,s4.988228,s2.994533,s276.592573
104_18,s4.115256,s4.607046,s341.541515
104_19,s2.660918,s3.942757,s64.270949
104_20,s3.334585,s4.406571,s46.530680
104_21,s4.562776,s3.660749,s346.480273
104_22,s1.373364,s1.343728,s177.188897
104_23,s3.577863,s4.936600,s302.187561
104_24,s2.870759,s5.520059,s23.944127
104_25,s4.717869,s4.849418,s15.414033
104_26,s2.013306,s5.095981,s316.186730
104_27,s5.048591,s4.683459,s264.327577
104_28,s5.796235,s2.619211,s168.853251
104_29,s5.036352,s4.140256,s246.083806
104_30,s1.443086,s5.614920,s346.478489
104_31,s6.576209,s2.260602,s207.286011
104_32,s5.451154,s5.251309,s83.689669
104_33,s5.605317,s4.226790,s308.767241
104_34,s4.886734,s5.716169,s288.188627
104_35,s5.755214,s4.956137,s282.302437
104_36,s6.038745,s4.027017,s218.658043
104_37,s3.652949,s5.438368,s346.387630
104_38,s4.204222,s5.559328,s318.427250
104_39,s6.524432,s4.769216,s170.984218
104_40,s6.003712,s1.983611,s249.437534
104_41,s5.886945,s3.163562,s217.191522
104_42,s5.733885,s5.497873,s331.841808
104_43,s4.300660,s6.160965,s35.710948
104_44,s2.337835,s5.857703,s56.416140
104_45,s6.524902,s3.315072,s251.127144
104_46,s6.362091,s5.462495,s4.710647
104_47,s5.033469,s6.150768,s338.974474
104_48,s2.330438,s6.508321,s281.912421
104_49,s7.156081,s6.937425,s75.247071
104_50,s4.498592,s1.462758,s131.186868
104_51,s6.750794,s3.787991,s357.177653
104_52,s7.404874,s5.803152,s75.726264
104_53,s6.729461,s2.835876,s215.283492
104_54,s2.311522,s3.563457,s107.520515
104_55,s5.855135,s6.290426,s41.862602
104_56,s3.111396,s5.956209,s354.954176
104_57,s3.552756,s6.651771,s53.238100
104_58,s2.092844,s4.583800,s117.790990
104_59,s6.412036,s1.391445,s93.697171
104_60,s6.827890,s4.950489,s332.521173
104_61,s3.722931,s0.916380,s69.943467
104_62,s4.520583,s6.555115,s295.314660
104_63,s4.963953,s1.159186,s234.424643
104_64,s7.139256,s4.190732,s250.273521
104_65,s7.262610,s2.757391,s250.457505
104_66,s7.407057,s3.405555,s218.118885
104_67,s7.289212,s4.864146,s224.735501
104_68,s5.387540,s1.695521,s187.061343
104_69,s4.270536,s0.829550,s181.229769
104_70,s1.913066,s3.844782,s67.051797
104_71,s2.021241,s2.981873,s64.262759
104_72,s5.718348,s0.933100,s276.110210
104_73,s7.221955,s1.928899,s311.144946
104_74,s3.342641,s0.528884,s254.108285
104_75,s5.060591,s0.633659,s134.606701
104_76,s1.815768,s2.225860,s48.904353
104_77,s7.112504,s1.415929,s246.953840
104_78,s2.977387,s0.885530,s108.661473
104_79,s1.150302,s6.287165,s165.688212
104_80,s6.452461,s0.482055,s85.771524
104_81,s2.740145,s1.471138,s83.608301
104_82,s1.389856,s3.543178,s27.368264
104_83,s1.033232,s2.012609,s127.421301
104_84,s0.892051,s3.646778,s106.351871
104_85,s1.528890,s4.653913,s40.000000
104_86,s1.050027,s4.471205,s79.590604
104_87,s1.040796,s2.890553,s60.952780
104_88,s2.953920,s0.334379,s107.182669
104_89,s4.140510,s6.869753,s10.683472
104_90,s5.630934,s6.978403,s325.299156
104_91,s1.863038,s0.934387,s134.586905
104_92,s3.564144,s7.111261,s4.680080
104_93,s4.542090,s7.190353,s260.097855
104_94,s6.476882,s6.268885,s0.000000
104_95,s0.845336,s5.132460,s66.933536
104_96,s2.520142,s6.965313,s0.000000
104_97,s1.231735,s6.753692,s33.780683
104_98,s1.013803,s0.624917,s56.858954
104_99,s5.298784,s7.903358,s248.872009
104_100,s0.323981,s4.318816,s157.768013
104_101,s0.532576,s5.930464,s342.670778
104_102,s2.049659,s6.766992,s60.000000
104_103,s4.340156,s7.580062,s300.000000
105_0,s3.246992,s2.965680,s155.083789
105_1,s4.124016,s3.064512,s206.180148
105_2,s3.381102,s4.083291,s146.259059
105_3,s2.997422,s2.101252,s124.051521
105_4,s3.696245,s2.098171,s137.776747
105_5,s3.892371,s2.557904,s103.076144
105_6,s3.803637,s3.931436,s333.894836
105_7,s4.038996,s3.599412,s245.830198
105_8,s4.739301,s1.974726,s224.211385
105_9,s5.441989,s2.481622,s175.051528
105_10,s4.208684,s2.102400,s176.635532
105_11,s3.785590,s3.127697,s68.254794
105_12,s4.682045,s3.017876,s316.598268
105_13,s2.536534,s2.731353,s159.451033
105_14,s4.347459,s4.108112,s306.122053
105_15,s5.428556,s3.542081,s287.151329
105_16,s4.763669,s2.609899,s222.360085
105_17,s5.178499,s2.990744,s276.592573
105_18,s4.305528,s4.603257,s341.541515
105_19,s2.851189,s3.938967,s64.270949
105_20,s3.524857,s4.402781,s36.529504
105_21,s4.753048,s3.656960,s346.480273
105_22,s1.667558,s1.555965,s188.073642
105_23,s3.735685,s4.943039,s296.109201
105_24,s3.078308,s5.492328,s23.944127
105_25,s4.908141,s4.845628,s15.414033
105_26,s2.263879,s5.060551,s323.762161
105_27,s5.238863,s4.679669,s264.327577
105_28,s5.986506,s2.615421,s168.853251
105_29,s5.226623,s4.136466,s246.083806
105_30,s1.633358,s5.611130,s346.478489
105_31,s6.766481,s2.256813,s207.286011
105_32,s5.641426,s5.247519,s83.689669
105_33,s5.795589,s4.223000,s309.954464
105_34,s5.077006,s5.712380,s288.188627
105_35,s5.945486,s4.952348,s282.302437
105_36,s6.229017,s4.023227,s218.658043
105_37,s3.843221,s5.434579,s346.387630
105_38,s4.394494,s5.555539,s318.427250
105_39,s6.701690,s4.762209,s170.984218
105_40,s6.193984,s1.979821,s249.437534
105_41,s6.077217,s3.159773,s217.191522
105_42,s5.924157,s5.494083,s331.841808
105_43,s4.490932,s6.157175,s35.710948
105_44,s2.540523,s5.839868,s55.051367
105_45,s6.704675,s3.314463,s251.127144
105_46,s6.552363,s5.458706,s4.710647
105_47,s5.223741,s6.146978,s338.974474
105_48,s2.399743,s6.443208,s281.912421
105_49,s7.874545,s6.731981,s52.639152
105_50,s4.688864,s1.458968,s131.186868
105_51,s6.941066,s3.784202,s0.434488
105_52,s7.857255,s5.491859,s24.003961
105_53,s6.919733,s2.832086,s215.283492
105_54,s2.501793,s3.559667,s107.520515
105_55,s6.045407,s6.286637,s41.862602
105_56,s3.308370,s5.936463,s311.367614
105_57,s3.743028,s6.647982,s53.238100
105_58,s2.283116,s4.580011,s117.790990
105_59,s6.602308,s1.387655,s93.697171
105_60,s6.997686,s5.015514,s332.521173
105_61,s3.913203,s0.912591,s69.943467
105_62,s4.710855,s6.551326,s295.314660
105_63,s5.154225,s1.155397,s234.424643
105_64,s7.329528,s4.186942,s273.594512
105_65,s7.452881,s2.753601,s250.457505
105_66,s7.597329,s3.401765,s218.118885
105_67,s7.479484,s4.860356,s224.735501
105_68,s5.577812,s1.691731,s187.061343
105_69,s4.460808,s0.825760,s181.229769
105_70,s2.103338,s3.840992,s67.051797
105_71,s2.211513,s2.978083,s64.262759
105_72,s5.908619,s0.929310,s276.110210
105_73,s7.412227,s1.925109,s311.144946
105_74,s3.532913,s0.525095,s254.108285
105_75,s5.250863,s0.629869,s134.606701
105_76,s1.979592,s2.046932,s63.390255
105_77,s7.091181,s1.383485,s248.277245
105_78,s3.167658,s0.881741,s108.661473
105_79,s1.340574,s6.283376,s165.688212
105_80,s6.642733,s0.478265,s98.391603
105_81,s2.930417,s1.467349,s83.608301
105_82,s1.580128,s3.539388,s27.368264
105_83,s1.248120,s2.026967,s138.698651
105_84,s1.082323,s3.642989,s106.351871
105_85,s1.719162,s4.650123,s40.000000
105_86,s1.240299,s4.467415,s79.590604
105_87,s1.231068,s2.886763,s60.952780
105_88,s3.144192,s0.330589,s109.171433
105_89,s4.330782,s6.865963,s10.683472
105_90,s5.821205,s6.974614,s314.674395
105_91,s2.413129,s1.114790,s156.165442
105_92,s3.754415,s7.107471,s4.680080
105_93,s4.732362,s7.186563,s260.097855
105_94,s6.667154,s6.265095,s0.000000
105_95,s0.959010,s5.284632,s71.460479
105_96,s2.460787,s7.360879,s10.618384
105_97,s0.748314,s6.922343,s66.675172
105_98,s1.198963,s0.618765,s40.982389
105_99,s5.489055,s7.899568,s257.498857
105_100,s0.514253,s4.315027,s157.768013
105_101,s0.722848,s5.926674,s347.631805
105_102,s1.468625,s6.733591,s44.228465
105_103,s4.530428,s7.576272,s303.899103
105_104,s0.731162,s2.719677,s113.942556
106_0,s3.136210,s2.962828,s155.083789
106_1,s4.006630,s3.053534,s206.180148
106_2,s3.276238,s4.072370,s146.259059
106_3,s2.880036,s2.090275,s124.051521
106_4,s3.587170,s2.122259,s140.639167
106_5,s3.774985,s2.546926,s103.076144
106_6,s3.686251,s3.920459,s333.894836
106_7,s3.921610,s3.588435,s245.830198
106_8,s4.621914,s1.963749,s224.211385
106_9,s5.324603,s2.470645,s175.051528
106_10,s4.089659,s2.157125,s176.635532
106_11,s3.668204,s3.116719,s68.254794
106_12,s4.564659,s3.006899,s316.598268
106_13,s2.454933,s2.750259,s168.804958
106_14,s4.230073,s4.097135,s306.122053
106_15,s5.311170,s3.531103,s287.151329
106_16,s4.646283,s2.598922,s222.360085
106_17,s5.061113,s2.979766,s276.592573
106_18,s4.188142,s4.592279,s341.541515
106_19,s2.733803,s3.927990,s64.270949
106_20,s3.430763,s4.380482,s36.757999
106_21,s4.635661,s3.645982,s346.480273
106_22,s1.575833,s1.570892,s175.664914
106_23,s3.624877,s4.918909,s296.109201
106_24,s3.021725,s5.401994,s23.944127
106_25,s4.790755,s4.834651,s15.414033
106_26,s2.146493,s5.049574,s323.762161
106_27,s5.121477,s4.668692,s264.327577
106_28,s5.869120,s2.604444,s168.853251
106_29,s5.109237,s4.125489,s246.083806
106_30,s1.556863,s5.564455,s347.055037
106_31,s6.649095,s2.245835,s207.286011
106_32,s5.524040,s5.236542,s83.689669
106_33,s5.678202,s4.212023,s309.954464
106_34,s4.959620,s5.701402,s289.256917
106_35,s5.828100,s4.941370,s282.302437
106_36,s6.111631,s4.012250,s218.658043
106_37,s3.729302,s5.373559,s342.842818
106_38,s4.277108,s5.544561,s318.427250
106_39,s6.584304,s4.751231,s170.984218
106_40,s6.076598,s1.968844,s249.437534
106_41,s5.959831,s3.148795,s217.727433
106_42,s5.806771,s5.483106,s331.841808
106_43,s4.373546,s6.146198,s35.710948
106_44,s2.423137,s5.828890,s55.051367
106_45,s6.587289,s3.303485,s251.127144
106_46,s6.420858,s5.475366,s0.911051
106_47,s5.106355,s6.136001,s338.974474
106_48,s1.492827,s6.937300,s287.650479
106_49,s7.856924,s6.689486,s59.078573
106_50,s4.571478,s1.447991,s131.186868
106_51,s6.853734,s3.749731,s5.962820
106_52,s7.235726,s5.957767,s59.128431
106_53,s6.802347,s2.821109,s215.283492
106_54,s2.384407,s3.548690,s107.520515
106_55,s5.928021,s6.275659,s41.862602
106_56,s3.190984,s5.925486,s311.367614
106_57,s3.471524,s6.572039,s37.899033
106_58,s2.165730,s4.569033,s117.790990
106_59,s6.484922,s1.376678,s93.697171
106_60,s6.867918,s5.000383,s332.687317
106_61,s3.795817,s0.901613,s69.943467
106_62,s4.593469,s6.540348,s295.314660
106_63,s5.036839,s1.144419,s234.424643
106_64,s7.194668,s4.175288,s295.414806
106_65,s7.335495,s2.742624,s250.514328
106_66,s7.287882,s3.607854,s237.702666
106_67,s7.449556,s5.091430,s224.735501
106_68,s5.460426,s1.680754,s187.061343
106_69,s4.343422,s0.814783,s181.229769
106_70,s1.985952,s3.830015,s67.051797
106_71,s2.094127,s2.967106,s64.262759
106_72,s5.791233,s0.918332,s276.110210
106_73,s7.232619,s1.955468,s253.515951
106_74,s3.415527,s0.514117,s254.108285
106_75,s5.133477,s0.618892,s134.606701
106_76,s2.003695,s2.168146,s52.676952
106_77,s6.911063,s1.056133,s272.882194
106_78,s3.050272,s0.870763,s108.661473
106_79,s1.252681,s6.249491,s165.688212
106_80,s6.740469,s0.503286,s99.180947
106_81,s2.823225,s1.478331,s83.608301
106_82,s1.462742,s3.528411,s27.368264
106_83,s1.260746,s2.108020,s138.698651
106_84,s0.964937,s3.632011,s90.481176
106_85,s1.762712,s4.847296,s38.173325
106_86,s1.122913,s4.456438,s79.590604
106_87,s1.114712,s2.741700,s62.321155
106_88,s3.029659,s0.330589,s109.171433
106_89,s4.213396,s6.854986,s10.683472
106_90,s5.866941,s7.042277,s310.420697
106_91,s2.243099,s1.117653,s176.627848
106_92,s3.637029,s7.096494,s4.680080
106_93,s4.614976,s7.175586,s260.097855
106_94,s6.690723,s6.722599,s15.015228
106_95,s0.864766,s5.265037,s71.460479
106_96,s2.513261,s7.099066,s30.179839
106_97,s1.443546,s7.624628,s77.647593
106_98,s0.639699,s1.145887,s32.694679
106_99,s5.342361,s7.804699,s239.577536
106_100,s0.412786,s4.303073,s148.936835
106_101,s0.638147,s6.274479,s327.268995
106_102,s0.490045,s6.778143,s22.158950
106_103,s4.411081,s7.548089,s306.513958
106_104,s0.606632,s2.530788,s132.716840
106_105,s3.163586,s7.335443,s25.287596
107_0,s3.374428,s2.962828,s155.083789
107_1,s4.244849,s3.053534,s206.180148
107_2,s3.514457,s4.072370,s146.259059
107_3,s3.118255,s2.090275,s124.051521
107_4,s3.825389,s2.122259,s140.639167
107_5,s4.013203,s2.546926,s103.076144
107_6,s3.924470,s3.920459,s333.894836
107_7,s4.159829,s3.588435,s245.830198
107_8,s4.860133,s1.963749,s224.211385
107_9,s5.562822,s2.470645,s175.051528
107_10,s4.327878,s2.157125,s176.635532
107_11,s3.909461,s3.128746,s68.254794
107_12,s4.802877,s3.006899,s316.598268
107_13,s2.693151,s2.750259,s168.804958
107_14,s4.468291,s4.097135,s306.122053
107_15,s5.549389,s3.531103,s287.151329
107_16,s4.884502,s2.598922,s222.360085
107_17,s5.299332,s2.979766,s276.592573
107_18,s4.426360,s4.592279,s341.541515
107_19,s2.972022,s3.927990,s64.270949
107_20,s3.668982,s4.380482,s36.757999
107_21,s4.873880,s3.645982,s346.480273
107_22,s1.850581,s1.609532,s175.664914
107_23,s3.863096,s4.918909,s296.109201
107_24,s3.394869,s5.197234,s23.944127
107_25,s5.028973,s4.834651,s15.414033
107_26,s2.579314,s4.938774,s323.762161
107_27,s5.359695,s4.668692,s264.327577
107_28,s6.107339,s2.604444,s168.853251
107_29,s5.347456,s4.125489,s246.083806
107_30,s1.839823,s5.535565,s347.055037
107_31,s6.887313,s2.245835,s207.286011
107_32,s5.762259,s5.236542,s83.689669
107_33,s5.916421,s4.212023,s309.954464
107_34,s5.197839,s5.701402,s289.256917
107_35,s6.066318,s4.941370,s282.302437
107_36,s6.349850,s4.012250,s218.658043
107_37,s3.967521,s5.373559,s342.842818
107_38,s4.515326,s5.544561,s318.427250
107_39,s6.822523,s4.751231,s170.984218
107_40,s6.314817,s1.968844,s249.437534
107_41,s6.198050,s3.148795,s217.727433
107_42,s6.044989,s5.483106,s331.841808
107_43,s4.611764,s6.146198,s35.710948
107_44,s2.696729,s5.786767,s55.051367
107_45,s6.825508,s3.303485,s251.127144
107_46,s6.659077,s5.475366,s0.911051
107_47,s5.344574,s6.136001,s338.974474
107_48,s1.760953,s6.901569,s287.650479
107_49,s7.966418,s6.602994,s59.078573
107_50,s4.809697,s1.447991,s131.186868
107_51,s7.091952,s3.749731,s5.962820
107_52,s7.389864,s5.909412,s59.128431
107_53,s7.040566,s2.821109,s215.283492
107_54,s2.622626,s3.548690,s107.520515
107_55,s6.166239,s6.275659,s41.862602
107_56,s3.447000,s5.879329,s311.367614
107_57,s3.714815,s6.543646,s37.899033
107_58,s2.403949,s4.569033,s117.790990
107_59,s6.723141,s1.376678,s93.697171
107_60,s7.082996,s4.992851,s332.687317
107_61,s4.034035,s0.901613,s69.943467
107_62,s4.831687,s6.540348,s295.314660
107_63,s5.275058,s1.144419,s234.424643
107_64,s7.432886,s4.175288,s295.414806
107_65,s7.573714,s2.742624,s250.514328
107_66,s7.526101,s3.607854,s237.702666
107_67,s7.647487,s5.079347,s224.735501
107_68,s5.698644,s1.680754,s187.061343
107_69,s4.581640,s0.814783,s181.229769
107_70,s2.224170,s3.830015,s67.051797
107_71,s2.332346,s2.967106,s64.262759
107_72,s6.029452,s0.918332,s276.110210
107_73,s7.446701,s1.970609,s253.515951
107_74,s3.653745,s0.514117,s254.108285
107_75,s5.371695,s0.618892,s134.606701
107_76,s2.241914,s2.168146,s52.676952
107_77,s7.091506,s1.113702,s272.882194
107_78,s3.288491,s0.870763,s108.661473
107_79,s1.540623,s6.208171,s165.688212
107_80,s6.868293,s0.641663,s99.180947
107_81,s3.065603,s1.487955,s83.608301
107_82,s1.700961,s3.528411,s27.368264
107_83,s1.576785,s2.164236,s138.698651
107_84,s1.203156,s3.632011,s90.481176
107_85,s2.000931,s4.847296,s38.173325
107_86,s1.361131,s4.456438,s79.590604
107_87,s1.425603,s2.775004,s62.321155
107_88,s3.267878,s0.330589,s109.171433
107_89,s4.451614,s6.854986,s10.683472
107_90,s6.044592,s6.948500,s310.420697
107_91,s2.481317,s1.117653,s176.627848
107_92,s3.875248,s7.096494,s4.680080
107_93,s4.853195,s7.175586,s260.097855
107_94,s6.844931,s6.641670,s15.015228
107_95,s1.174830,s5.236225,s71.460479
107_96,s2.770932,s7.056560,s30.179839
107_97,s1.702043,s7.595257,s77.647593
107_98,s0.991594,s1.246405,s32.694679
107_99,s5.558895,s7.747426,s239.577536
107_100,s0.661652,s4.302280,s148.936835
107_101,s0.914851,s6.248310,s327.268995
107_102,s0.764832,s6.748909,s22.158950
107_103,s4.649300,s7.548089,s306.513958
107_104,s0.862472,s2.538922,s132.716840
107_105,s3.401804,s7.335443,s25.287596
107_106,s0.514230,s3.073107,s40.000000
108_0,s3.374195,s2.962828,s155.083789
108_1,s4.243378,s3.067404,s206.180148
108_2,s3.514224,s4.072370,s146.259059
108_3,s3.124987,s2.103270,s124.051521
108_4,s3.825155,s2.122259,s140.639167
108_5,s4.012970,s2.546926,s103.076144
108_6,s3.924236,s3.920459,s333.894836
108_7,s4.159595,s3.588435,s245.830198
108_8,s4.859900,s1.963749,s224.211385
108_9,s5.562588,s2.470645,s175.051528
108_10,s4.326706,s2.167450,s176.635532
108_11,s3.909227,s3.128746,s68.254794
108_12,s4.802644,s3.006899,s316.598268
108_13,s2.701758,s2.758023,s168.804958
108_14,s4.468058,s4.097135,s306.122053
108_15,s5.549155,s3.531103,s287.151329
108_16,s4.884268,s2.598922,s222.360085
108_17,s5.299099,s2.979766,s276.592573
108_18,s4.426127,s4.592279,s341.541515
108_19,s2.971789,s3.927990,s64.270949
108_20,s3.680960,s4.371559,s36.757999
108_21,s4.873647,s3.645982,s346.480273
108_22,s1.925052,s1.688087,s175.664914
108_23,s3.867002,s4.906412,s296.109201
108_24,s3.440410,s5.126580,s23.944127
108_25,s5.028740,s4.834651,s15.414033
108_26,s2.588722,s4.933220,s323.762161
108_27,s5.359462,s4.668692,s264.327577
108_28,s6.107106,s2.604444,s168.853251
108_29,s5.347223,s4.125489,s246.083806
108_30,s1.856829,s5.524363,s347.055037
108_31,s6.887080,s2.245835,s207.286011
108_32,s5.762025,s5.236542,s83.689669
108_33,s5.916188,s4.212023,s309.954464
108_34,s5.197606,s5.701402,s289.256917
108_35,s6.066085,s4.941370,s282.302437
108_36,s6.349616,s4.012250,s218.658043
108_37,s3.967287,s5.373559,s344.892013
108_38,s4.515093,s5.544561,s318.427250
108_39,s6.822289,s4.751231,s170.984218
108_40,s6.314583,s1.968844,s249.437534
108_41,s6.197816,s3.148795,s217.727433
108_42,s6.044756,s5.483106,s331.841808
108_43,s4.611531,s6.146198,s38.217527
108_44,s2.727449,s5.749491,s55.051367
108_45,s6.825275,s3.303485,s251.127144
108_46,s6.658843,s5.475366,s0.911051
108_47,s5.344340,s6.136001,s338.974474
108_48,s1.767199,s6.893777,s287.650479
108_49,s7.225791,s7.682728,s57.121071
108_50,s4.809463,s1.447991,s131.186868
108_51,s7.091719,s3.749731,s5.962820
108_52,s7.328727,s5.874042,s59.128431
108_53,s7.040332,s2.821109,s215.283492
108_54,s2.622393,s3.548690,s107.520515
108_55,s6.166006,s6.275659,s41.862602
108_56,s3.473001,s5.810689,s311.367614
108_57,s3.727205,s6.471990,s31.504801
108_58,s2.403715,s4.569033,s117.790990
108_59,s6.722907,s1.376678,s93.697171
108_60,s7.082762,s4.992851,s332.687317
108_61,s4.033802,s0.901613,s69.943467
108_62,s4.831454,s6.540348,s295.314660
108_63,s5.274824,s1.144419,s234.424643
108_64,s7.421256,s4.174781,s295.414806
108_65,s7.573481,s2.742624,s250.514328
108_66,s7.510990,s3.609716,s237.702666
108_67,s7.647253,s5.079347,s229.953269
108_68,s5.698411,s1.680754,s187.061343
108_69,s4.581407,s0.814783,s181.229769
108_70,s2.223937,s3.830015,s67.051797
108_71,s2.332112,s2.967106,s64.262759
108_72,s6.029219,s0.918332,s276.110210
108_73,s7.446467,s1.970609,s253.515951
108_74,s3.653512,s0.514117,s254.108285
108_75,s5.371462,s0.618892,s134.606701
108_76,s2.257918,s2.183989,s52.676952
108_77,s7.184266,s1.073719,s290.566146
108_78,s3.288258,s0.870763,s108.661473
108_79,s1.556709,s6.194585,s165.688212
108_80,s6.868060,s0.641663,s100.551441
108_81,s3.065370,s1.487955,s83.608301
108_82,s1.700727,s3.528411,s27.368264
108_83,s1.661754,s2.225895,s138.698651
108_84,s1.202922,s3.632011,s90.481176
108_85,s2.000697,s4.847296,s38.259903
108_86,s1.360898,s4.456438,s79.590604
108_87,s1.445152,s2.784087,s62.321155
108_88,s3.267644,s0.330589,s109.171433
108_89,s4.451381,s6.854986,s10.683472
108_90,s6.032774,s6.930656,s310.420697
108_91,s2.359411,s1.157139,s185.761133
108_92,s3.875015,s7.096494,s4.680080
108_93,s4.850327,s7.163806,s260.097855
108_94,s7.223571,s6.533875,s15.015228
108_95,s0.949359,s5.428095,s71.460479
108_96,s2.798813,s7.322009,s30.179839
108_97,s1.888823,s7.685305,s72.261077
108_98,s0.383733,s0.886406,s28.663578
108_99,s6.081269,s7.837015,s239.577536
108_100,s0.661419,s4.302280,s148.936835
108_101,s0.960857,s6.216590,s342.149047
108_102,s0.764599,s6.748909,s22.158950
108_103,s4.184657,s7.863487,s306.513958
108_104,s0.913328,s2.562030,s98.567709
108_105,s3.401571,s7.335443,s25.287596
108_106,s0.569062,s3.087560,s40.000000
108_107,s0.680218,s4.968293,s127.483023
109_0,s3.304412,s2.962828,s155.083789
109_1,s4.173595,s3.067404,s206.180148
109_2,s3.444441,s4.072370,s146.259059
109_3,s3.055204,s2.103270,s124.051521
109_4,s3.755372,s2.122259,s140.639167
109_5,s3.943187,s2.546926,s103.076144
109_6,s3.854454,s3.920459,s333.894836
109_7,s4.089812,s3.588435,s245.830198
109_8,s4.790117,s1.963749,s224.211385
109_9,s5.492805,s2.470645,s175.051528
109_10,s4.256923,s2.167450,s176.635532
109_11,s3.839444,s3.128746,s68.254794
109_12,s4.732861,s3.006899,s316.598268
109_13,s2.631975,s2.758023,s168.804958
109_14,s4.398275,s4.097135,s306.122053
109_15,s5.479372,s3.531103,s287.151329
109_16,s4.814485,s2.598922,s222.360085
109_17,s5.229316,s2.979766,s276.592573
109_18,s4.356344,s4.592279,s341.541515
109_19,s2.902006,s3.927990,s64.270949
109_20,s3.611178,s4.371559,s36.757999
109_21,s4.803864,s3.645982,s346.480273
109_22,s1.889549,s1.725763,s175.664914
109_23,s3.797219,s4.906412,s296.109201
109_24,s3.370628,s5.126580,s23.944127
109_25,s4.958957,s4.834651,s15.414033
109_26,s2.518939,s4.933220,s323.762161
109_27,s5.289679,s4.668692,s264.327577
109_28,s6.037323,s2.604444,s168.853251
109_29,s5.277440,s4.125489,s246.083806
109_30,s1.787046,s5.524363,s347.055037
109_31,s6.817297,s2.245835,s207.286011
109_32,s5.692242,s5.236542,s83.689669
109_33,s5.846405,s4.212023,s309.954464
109_34,s5.127823,s5.701402,s289.256917
109_35,s5.996302,s4.941370,s282.302437
109_36,s6.279833,s4.012250,s218.658043
109_37,s3.897504,s5.373559,s344.892013
109_38,s4.445310,s5.544561,s318.427250
109_39,s6.752506,s4.751231,s170.984218
109_40,s6.244800,s1.968844,s249.437534
109_41,s6.128034,s3.148795,s217.727433
109_42,s5.974973,s5.483106,s331.841808
109_43,s4.541748,s6.146198,s38.217527
109_44,s2.704126,s5.698300,s55.051367
109_45,s6.755492,s3.303485,s251.127144
109_46,s6.589061,s5.475366,s0.911051
109_47,s5.274558,s6.136001,s338.974474
109_48,s1.765505,s6.816264,s287.650479
109_49,s7.045677,s7.554308,s57.121071
109_50,s4.739681,s1.447991,s131.186868
109_51,s7.021936,s3.749731,s5.962820
109_52,s7.258945,s5.874042,s59.128431
109_53,s6.970549,s2.821109,s215.283492
109_54,s2.552610,s3.548690,s107.520515
109_55,s6.096223,s6.275659,s41.862602
109_56,s3.408179,s5.798747,s311.367614
109_57,s3.664241,s6.437830,s31.504801
109_58,s2.333933,s4.569033,s117.790990
109_59,s6.653125,s1.376678,s93.697171
109_60,s7.012979,s4.992851,s332.687317
109_61,s3.964019,s0.901613,s69.943467
109_62,s4.761671,s6.540348,s295.314660
109_63,s5.205042,s1.144419,s234.424643
109_64,s7.351473,s4.174781,s295.414806
109_65,s7.503698,s2.742624,s250.514328
109_66,s7.441207,s3.609716,s237.702666
109_67,s7.523356,s5.065042,s229.953269
109_68,s5.628628,s1.680754,s187.061343
109_69,s4.511624,s0.814783,s181.229769
109_70,s2.154154,s3.830015,s67.051797
109_71,s2.262329,s2.967106,s64.262759
109_72,s5.959436,s0.918332,s276.110210
109_73,s7.376685,s1.970609,s253.515951
109_74,s3.583729,s0.514117,s254.108285
109_75,s5.301679,s0.618892,s134.606701
109_76,s2.197192,s2.193319,s52.676952
109_77,s7.114483,s1.073719,s290.566146
109_78,s3.218475,s0.870763,s108.661473
109_79,s1.486926,s6.194585,s165.688212
109_80,s6.798277,s0.641663,s100.551441
109_81,s2.995587,s1.487955,s83.608301
109_82,s1.630944,s3.528411,s27.368264
109_83,s1.591971,s2.225895,s138.698651
109_84,s1.133140,s3.632011,s90.481176
109_85,s1.930915,s4.847296,s38.259903
109_86,s1.291115,s4.456438,s79.590604
109_87,s1.395935,s2.794399,s62.321155
109_88,s3.197862,s0.330589,s109.171433
109_89,s4.380099,s6.839380,s10.683472
109_90,s5.962991,s6.930656,s310.420697
109_91,s2.315077,s1.199008,s185.761133
109_92,s3.805232,s7.096494,s4.680080
109_93,s4.780544,s7.163806,s260.097855
109_94,s7.075968,s6.472896,s15.015228
109_95,s1.120993,s5.332382,s71.460479
109_96,s2.761588,s7.247770,s30.179839
109_97,s1.942112,s7.494722,s72.261077
109_98,s0.479379,s1.028405,s28.663578
109_99,s6.011486,s7.837015,s239.577536
109_100,s0.591636,s4.302280,s148.936835
109_101,s0.891074,s6.216590,s342.149047
109_102,s0.694816,s6.748909,s22.158950
109_103,s4.114622,s7.818735,s306.513958
109_104,s0.887007,s2.583228,s98.567709
109_105,s3.331788,s7.335443,s25.287596
109_106,s0.514230,s3.091934,s40.000000
109_107,s0.704605,s4.946260,s127.483023
109_108,s1.497306,s1.332488,s80.000000
110_0,s3.304412,s2.962828,s155.083789
110_1,s4.173595,s3.067404,s206.180148
110_2,s3.444441,s4.072370,s146.259059
110_3,s3.055204,s2.103270,s124.051521
110_4,s3.755372,s2.122259,s140.639167
110_5,s3.944440,s2.557676,s103.076144
110_6,s3.854454,s3.920459,s333.894836
110_7,s4.089812,s3.588435,s245.830198
110_8,s4.790117,s1.963749,s224.211385
110_9,s5.492805,s2.470645,s175.051528
110_10,s4.256923,s2.167450,s176.635532
110_11,s3.839444,s3.128746,s68.254794
110_12,s4.732861,s3.006899,s316.598268
110_13,s2.631975,s2.758023,s168.804958
110_14,s4.398275,s4.097135,s306.122053
110_15,s5.479372,s3.531103,s287.151329
110_16,s4.814485,s2.598922,s222.360085
110_17,s5.229316,s2.979766,s276.592573
110_18,s4.356344,s4.592279,s341.541515
110_19,s2.902006,s3.927990,s64.270949
110_20,s3.611178,s4.371559,s36.757999
110_21,s4.803864,s3.645982,s346.480273
110_22,s1.889549,s1.725763,s175.664914
110_23,s3.797219,s4.906412,s296.109201
110_24,s3.370628,s5.126580,s23.944127
110_25,s4.958957,s4.834651,s15.414033
110_26,s2.518939,s4.933220,s323.762161
110_27,s5.289679,s4.668692,s264.327577
110_28,s6.037323,s2.604444,s168.853251
110_29,s5.277440,s4.125489,s246.083806
110_30,s1.802853,s5.515028,s347.055037
110_31,s6.817297,s2.245835,s207.286011
110_32,s5.692242,s5.236542,s83.689669
110_33,s5.846405,s4.212023,s309.954464
110_34,s5.127823,s5.701402,s289.256917
110_35,s5.996302,s4.941370,s282.302437
110_36,s6.279833,s4.012250,s218.658043
110_37,s3.899876,s5.360992,s344.892013
110_38,s4.445310,s5.544561,s318.427250
110_39,s6.752506,s4.751231,s170.984218
110_40,s6.244800,s1.968844,s249.437534
110_41,s6.128034,s3.148795,s217.727433
110_42,s5.974973,s5.483106,s331.841808
110_43,s4.541748,s6.146198,s38.217527
110_44,s2.725947,s5.674548,s55.051367
110_45,s6.755492,s3.303485,s251.127144
110_46,s6.589061,s5.475366,s0.911051
110_47,s5.274558,s6.136001,s338.974474
110_48,s1.812316,s6.763283,s287.650479
110_49,s7.010207,s7.512840,s57.121071
110_50,s4.739681,s1.447991,s131.186868
110_51,s7.021936,s3.749731,s5.962820
110_52,s7.258945,s5.874042,s59.128431
110_53,s6.970549,s2.821109,s215.283492
110_54,s2.552610,s3.548690,s107.520515
110_55,s6.096223,s6.275659,s41.862602
110_56,s3.408179,s5.798747,s311.367614
110_57,s3.664241,s6.437830,s31.504801
110_58,s2.333933,s4.569033,s117.790990
110_59,s6.653125,s1.376678,s93.697171
110_60,s7.012979,s4.992851,s332.687317
110_61,s3.964019,s0.901613,s69.943467
110_62,s4.761671,s6.540348,s295.314660
110_63,s5.205042,s1.144419,s234.424643
110_64,s7.351473,s4.174781,s295.414806
110_65,s7.503698,s2.742624,s250.514328
110_66,s7.441207,s3.609716,s237.702666
110_67,s7.523356,s5.065042,s229.953269
110_68,s5.628628,s1.680754,s187.061343
110_69,s4.511624,s0.814783,s181.229769
110_70,s2.154154,s3.830015,s67.051797
110_71,s2.262329,s2.967106,s64.262759
110_72,s5.959436,s0.918332,s276.110210
110_73,s7.376685,s1.970609,s253.515951
110_74,s3.583729,s0.514117,s254.108285
110_75,s5.301679,s0.618892,s134.606701
110_76,s2.197192,s2.193319,s52.676952
110_77,s7.026784,s1.163908,s290.566146
110_78,s3.218475,s0.870763,s108.661473
110_79,s1.486926,s6.194585,s165.688212
110_80,s6.798277,s0.641663,s100.551441
110_81,s2.995587,s1.487955,s83.608301
110_82,s1.630944,s3.528411,s27.368264
110_83,s1.591971,s2.225895,s138.698651
110_84,s1.133140,s3.632011,s90.481176
110_85,s1.930915,s4.847296,s38.259903
110_86,s1.291115,s4.456438,s79.590604
110_87,s1.395935,s2.794399,s62.321155
110_88,s3.197862,s0.330589,s109.171433
110_89,s4.380099,s6.839380,s10.683472
110_90,s5.956582,s6.920909,s310.420697
110_91,s2.315077,s1.199008,s185.761133
110_92,s3.806980,s7.080565,s4.680080
110_93,s4.780544,s7.163806,s260.097855
110_94,s7.068060,s6.466655,s15.015228
110_95,s1.120993,s5.332382,s71.460479
110_96,s2.761588,s7.247770,s30.179839
110_97,s1.975392,s7.443747,s72.261077
110_98,s0.479379,s1.028405,s28.663578
110_99,s6.011486,s7.837015,s239.577536
110_100,s0.591636,s4.302280,s148.936835
110_101,s0.902657,s6.209188,s342.149047
110_102,s0.694816,s6.748909,s22.158950
110_103,s4.114670,s7.806586,s306.513958
110_104,s0.912022,s2.595250,s98.567709
110_105,s3.331788,s7.335443,s25.287596
110_106,s0.514230,s3.091934,s40.000000
110_107,s0.704605,s4.946260,s127.483023
110_108,s1.504601,s1.340291,s80.000000
110_109,s5.227444,s7.456477,s0.000000
111_0,s3.570829,s2.962828,s155.083789
111_1,s4.440012,s3.067404,s206.180148
111_2,s3.710858,s4.072370,s146.259059
111_3,s3.321621,s2.103270,s124.051521
111_4,s4.021789,s2.122259,s140.639167
111_5,s4.210857,s2.557676,s103.076144
111_6,s4.120870,s3.920459,s333.894836
111_7,s4.356229,s3.588435,s245.830198
111_8,s5.056534,s1.963749,s224.211385
111_9,s5.759222,s2.470645,s175.051528
111_10,s4.523340,s2.167450,s176.635532
111_11,s4.105861,s3.128746,s68.254794
111_12,s4.999278,s3.006899,s316.598268
111_13,s2.898392,s2.758023,s168.804958
111_14,s4.664692,s4.097135,s306.122053
111_15,s5.745789,s3.531103,s287.151329
111_16,s5.080902,s2.598922,s222.360085
111_17,s5.495733,s2.979766,s276.592573
111_18,s4.622761,s4.592279,s341.541515
111_19,s3.168423,s3.927990,s64.270949
111_20,s3.877595,s4.371559,s36.757999
111_21,s5.070281,s3.645982,s346.480273
111_22,s2.155966,s1.725763,s175.664914
111_23,s4.063636,s4.906412,s296.109201
111_24,s3.637045,s5.126580,s23.944127
111_25,s5.225374,s4.834651,s15.414033
111_26,s2.785356,s4.933220,s323.762161
111_27,s5.556096,s4.668692,s264.327577
111_28,s6.303740,s2.604444,s168.853251
111_29,s5.543857,s4.125489,s246.083806
111_30,s2.121503,s5.482107,s347.055037
111_31,s7.083714,s2.245835,s207.286011
111_32,s5.958659,s5.236542,s83.689669
111_33,s6.112822,s4.212023,s309.954464
111_34,s5.394240,s5.701402,s289.256917
111_35,s6.262719,s4.941370,s282.302437
111_36,s6.546250,s4.012250,s218.658043
111_37,s4.166293,s5.360992,s344.892013
111_38,s4.711727,s5.544561,s318.427250
111_39,s7.018923,s4.751231,s170.984218
111_40,s6.511217,s1.968844,s249.437534
111_41,s6.394450,s3.148795,s217.727433
111_42,s6.241390,s5.483106,s331.841808
111_43,s4.808165,s6.146198,s38.217527
111_44,s2.992364,s5.674548,s55.051367
111_45,s7.021909,s3.303485,s251.127144
111_46,s6.855478,s5.475366,s0.911051
111_47,s5.540975,s6.136001,s338.974474
111_48,s2.103649,s6.733243,s287.650479
111_49,s7.276624,s7.512840,s57.121071
111_50,s5.006098,s1.447991,s131.186868
111_51,s7.288353,s3.749731,s5.962820
111_52,s7.525362,s5.874042,s59.128431
111_53,s7.236966,s2.821109,s215.283492
111_54,s2.819027,s3.548690,s107.520515
111_55,s6.362640,s6.275659,s41.862602
111_56,s3.674596,s5.798747,s311.367614
111_57,s3.930658,s6.437830,s31.504801
111_58,s2.600350,s4.569033,s117.790990
111_59,s6.919542,s1.376678,s93.697171
111_60,s7.279396,s4.992851,s332.687317
111_61,s4.230436,s0.901613,s69.943467
111_62,s5.028088,s6.540348,s295.314660
111_63,s5.471458,s1.144419,s234.424643
111_64,s7.617890,s4.174781,s295.414806
111_65,s7.760555,s2.746421,s250.514328
111_66,s7.707624,s3.609716,s237.702666
111_67,s7.789773,s5.065042,s229.953269
111_68,s5.895045,s1.680754,s187.061343
111_69,s4.778041,s0.814783,s181.229769
111_70,s2.420571,s3.830015,s67.051797
111_71,s2.528746,s2.967106,s64.262759
111_72,s6.225853,s0.918332,s276.110210
111_73,s7.643101,s1.970609,s253.515951
111_74,s3.850146,s0.514117,s254.108285
111_75,s5.568096,s0.618892,s134.606701
111_76,s2.463609,s2.193319,s52.676952
111_77,s7.197319,s1.257730,s290.566146
111_78,s3.484892,s0.870763,s108.661473
111_79,s1.799842,s6.156366,s165.688212
111_80,s7.064694,s0.641663,s100.551441
111_81,s3.262004,s1.487955,s83.608301
111_82,s1.897361,s3.528411,s27.368264
111_83,s1.869452,s2.234719,s138.698651
111_84,s1.399557,s3.632011,s90.481176
111_85,s2.197332,s4.847296,s38.259903
111_86,s1.557532,s4.456438,s79.590604
111_87,s1.662352,s2.794399,s62.321155
111_88,s3.464279,s0.330589,s109.171433
111_89,s4.646516,s6.839380,s10.683472
111_90,s6.222999,s6.920909,s310.420697
111_91,s2.581494,s1.199008,s185.761133
111_92,s4.073397,s7.080565,s4.680080
111_93,s5.046961,s7.163806,s260.097855
111_94,s7.264779,s6.413881,s15.015228
111_95,s1.387410,s5.332382,s71.460479
111_96,s3.041485,s7.213621,s30.179839
111_97,s2.329251,s7.300091,s72.261077
111_98,s0.828653,s1.101853,s28.663578
111_99,s6.277903,s7.837015,s239.577536
111_100,s0.858053,s4.302280,s148.936835
111_101,s1.169074,s6.209188,s342.149047
111_102,s0.972869,s6.739674,s22.158950
111_103,s4.380714,s7.795883,s306.513958
111_104,s1.178439,s2.595250,s98.567709
111_105,s3.598205,s7.335443,s25.287596
111_106,s0.780647,s3.091934,s40.000000
111_107,s0.981393,s4.943703,s127.483023
111_108,s1.771018,s1.340291,s80.000000
111_109,s5.493861,s7.456477,s0.000000
111_110,s0.692820,s5.766027,s60.000000
112_0,s3.521162,s3.142286,s155.083789
112_1,s4.390344,s3.246862,s206.180148
112_2,s3.661190,s4.251829,s146.259059
112_3,s3.271954,s2.282728,s124.051521
112_4,s3.972122,s2.301717,s140.639167
112_5,s4.161189,s2.737135,s103.076144
112_6,s4.071203,s4.099917,s333.894836
112_7,s4.306562,s3.767893,s245.830198
112_8,s5.006866,s2.143207,s224.211385
112_9,s5.709555,s2.650103,s175.051528
112_10,s4.473673,s2.346908,s187.114910
112_11,s4.056194,s3.308204,s68.254794
112_12,s4.949610,s3.186357,s316.598268
112_13,s2.848725,s2.937481,s168.804958
112_14,s4.615024,s4.276593,s306.122053
112_15,s5.696122,s3.710562,s287.151329
112_16,s5.031235,s2.778380,s222.360085
112_17,s5.446065,s3.159225,s276.592573
112_18,s4.573093,s4.771738,s341.541515
112_19,s3.118755,s4.107448,s64.270949
112_20,s3.827927,s4.551017,s36.757999
112_21,s5.020613,s3.825440,s346.480273
112_22,s2.106299,s1.905221,s175.664914
112_23,s4.016547,s5.075616,s296.109201
112_24,s3.587377,s5.306038,s23.944127
112_25,s5.175707,s5.014109,s15.414033
112_26,s2.735689,s5.112678,s323.762161
112_27,s5.506428,s4.848150,s264.327577
112_28,s6.254072,s2.783902,s168.853251
112_29,s5.494189,s4.304947,s246.083806
112_30,s2.071835,s5.661565,s347.055037
112_31,s7.034046,s2.425293,s207.286011
112_32,s5.908992,s5.416000,s83.689669
112_33,s6.063154,s4.391481,s309.954464
112_34,s5.344572,s5.880861,s289.256917
112_35,s6.213051,s5.120829,s282.302437
112_36,s6.496583,s4.191708,s218.658043
112_37,s4.116626,s5.540450,s345.289643
112_38,s4.662060,s5.724019,s318.427250
112_39,s6.969256,s4.930689,s170.984218
112_40,s6.461550,s2.148302,s249.437534
112_41,s6.344783,s3.328253,s217.727433
112_42,s6.191722,s5.662564,s331.841808
112_43,s4.758498,s6.325656,s38.217527
112_44,s2.942697,s5.854006,s55.051367
112_45,s6.972241,s3.482943,s251.127144
112_46,s6.805810,s5.654825,s0.911051
112_47,s5.491307,s6.315459,s338.974474
112_48,s2.597698,s6.645676,s287.650479
112_49,s7.226957,s7.692298,s57.121071
112_50,s4.956430,s1.627449,s131.186868
112_51,s7.238685,s3.929189,s5.962820
112_52,s7.475694,s6.053500,s59.128431
112_53,s7.187299,s3.000567,s215.283492
112_54,s2.769359,s3.728148,s107.520515
112_55,s6.312972,s6.455117,s41.862602
112_56,s3.624928,s5.978205,s311.367614
112_57,s3.880991,s6.617288,s31.504801
112_58,s2.550682,s4.748491,s117.790990
112_59,s6.869874,s1.556136,s93.697171
112_60,s7.229729,s5.172309,s332.687317
112_61,s4.180768,s1.081072,s69.943467
112_62,s4.978421,s6.719806,s295.314660
112_63,s5.421791,s1.323877,s234.424643
112_64,s7.568223,s4.354239,s295.414806
112_65,s7.710888,s2.925879,s250.514328
112_66,s7.657956,s3.789174,s237.702666
112_67,s7.740105,s5.244500,s229.953269
112_68,s5.845378,s1.860212,s187.061343
112_69,s4.728374,s0.994241,s181.229769
112_70,s2.370904,s4.009473,s67.051797
112_71,s2.479079,s3.146564,s64.262759
112_72,s6.176185,s1.097791,s276.110210
112_73,s7.593434,s2.150067,s253.515951
112_74,s3.800478,s0.693575,s254.108285
112_75,s5.518429,s0.798350,s183.680760
112_76,s2.413941,s2.372777,s52.676952
112_77,s7.147651,s1.437188,s290.566146
112_78,s3.435224,s1.050221,s108.661473
112_79,s1.750175,s6.335824,s165.688212
112_80,s7.015026,s0.821121,s100.551441
112_81,s3.216468,s1.678269,s83.608301
112_82,s1.847694,s3.707869,s27.368264
112_83,s1.819785,s2.414177,s138.698651
112_84,s1.302210,s3.822962,s90.481176
112_85,s2.147664,s5.026755,s38.259903
112_86,s1.507865,s4.635896,s79.590604
112_87,s1.612685,s2.973857,s62.321155
112_88,s3.414611,s0.510047,s109.171433
112_89,s4.596848,s7.018838,s10.683472
112_90,s6.173332,s7.100368,s310.420697
112_91,s2.531827,s1.378466,s185.761133
112_92,s4.023730,s7.260023,s4.680080
112_93,s4.997293,s7.343264,s260.097855
112_94,s7.190026,s6.574338,s15.015228
112_95,s1.381060,s5.493782,s71.460479
112_96,s2.998189,s7.376952,s30.179839
112_97,s2.299865,s7.446266,s72.261077
112_98,s0.828518,s1.325109,s28.663578
112_99,s6.228235,s8.016473,s239.577536
112_100,s0.808386,s4.481738,s148.936835
112_101,s1.162234,s6.359943,s39.514379
112_102,s0.861688,s7.398693,s22.158950
112_103,s4.331046,s7.975341,s306.661725
112_104,s1.128772,s2.774708,s98.567709
112_105,s3.552696,s7.494717,s25.287596
112_106,s0.730980,s3.271392,s40.000000
112_107,s0.931726,s5.123161,s127.483023
112_108,s1.721350,s1.519749,s80.000000
112_109,s5.444193,s7.635936,s0.000000
112_110,s0.667745,s5.934239,s56.582650
112_111,s0.980420,s2.139789,s60.000000
113_0,s3.505442,s3.142286,s155.083789
113_1,s4.374625,s3.246862,s206.180148
113_2,s3.645471,s4.251829,s146.259059
113_3,s3.256235,s2.282728,s124.051521
113_4,s3.956403,s2.301717,s140.639167
113_5,s4.145470,s2.737135,s103.076144
113_6,s4.055484,s4.099917,s333.894836
113_7,s4.290843,s3.767893,s245.830198
113_8,s4.991147,s2.143207,s224.211385
113_9,s5.693836,s2.650103,s175.051528
113_10,s4.451147,s2.401752,s187.114910
113_11,s4.040475,s3.308204,s68.254794
113_12,s4.933891,s3.186357,s316.598268
113_13,s2.833006,s2.937481,s168.804958
113_14,s4.599305,s4.276593,s306.122053
113_15,s5.680403,s3.710562,s287.151329
113_16,s5.015516,s2.778380,s222.360085
113_17,s5.430346,s3.159225,s276.592573
113_18,s4.557374,s4.771738,s341.541515
113_19,s3.103036,s4.107448,s64.270949
113_20,s3.812208,s4.551017,s36.757999
113_21,s5.004894,s3.825440,s346.480273
113_22,s2.090580,s1.905221,s175.664914
113_23,s4.000828,s5.075616,s296.109201
113_24,s3.571658,s5.306038,s23.944127
113_25,s5.159988,s5.014109,s15.414033
113_26,s2.719970,s5.112678,s323.762161
113_27,s5.490709,s4.848150,s264.327577
113_28,s6.238353,s2.783902,s168.853251
113_29,s5.478470,s4.304947,s246.083806
113_30,s2.056116,s5.661565,s347.055037
113_31,s7.018327,s2.425293,s207.286011
113_32,s5.893273,s5.416000,s83.689669
113_33,s6.047435,s4.391481,s309.954464
113_34,s5.328853,s5.880861,s289.256917
113_35,s6.197332,s5.120829,s282.302437
113_36,s6.480864,s4.191708,s218.658043
113_37,s4.100907,s5.540450,s345.289643
113_38,s4.646341,s5.724019,s318.427250
113_39,s6.953537,s4.930689,s170.984218
113_40,s6.445831,s2.148302,s249.437534
113_41,s6.329064,s3.328253,s217.727433
113_42,s6.176003,s5.662564,s331.841808
113_43,s4.742779,s6.325656,s38.217527
113_44,s2.926978,s5.854006,s55.051367
113_45,s6.956522,s3.482943,s251.127144
113_46,s6.790091,s5.654825,s0.911051
113_47,s5.475588,s6.315459,s338.974474
113_48,s2.621714,s6.587034,s287.650479
113_49,s7.211238,s7.692298,s57.121071
113_50,s4.940711,s1.627449,s131.186868
113_51,s7.222966,s3.929189,s5.962820
113_52,s7.459975,s6.053500,s59.128431
113_53,s7.171580,s3.000567,s215.283492
113_54,s2.753640,s3.728148,s107.520515
113_55,s6.297253,s6.455117,s41.862602
113_56,s3.609209,s5.978205,s311.367614
113_57,s3.865272,s6.617288,s31.504801
113_58,s2.534963,s4.748491,s117.790990
113_59,s6.854155,s1.556136,s93.697171
113_60,s7.214010,s5.172309,s332.687317
113_61,s4.165049,s1.081072,s69.943467
113_62,s4.962701,s6.719806,s295.314660
113_63,s5.406072,s1.323877,s234.424643
113_64,s7.552504,s4.354239,s295.414806
113_65,s7.695169,s2.925879,s250.514328
113_66,s7.642237,s3.789174,s237.702666
113_67,s7.724386,s5.244500,s229.953269
113_68,s5.829659,s1.860212,s187.061343
113_69,s4.712654,s0.994241,s181.229769
113_70,s2.355184,s4.009473,s67.051797
113_71,s2.463360,s3.146564,s64.262759
113_72,s6.160466,s1.097791,s276.110210
113_73,s7.577715,s2.150067,s253.515951
113_74,s3.784759,s0.693575,s254.108285
113_75,s5.502709,s0.798350,s183.680760
113_76,s2.398222,s2.372777,s52.676952
113_77,s7.131932,s1.437188,s290.566146
113_78,s3.419505,s1.050221,s108.661473
113_79,s1.734456,s6.335824,s165.688212
113_80,s6.999307,s0.821121,s100.551441
113_81,s3.200749,s1.678269,s83.608301
113_82,s1.831975,s3.707869,s27.368264
113_83,s1.804065,s2.414177,s138.698651
113_84,s1.330716,s3.829036,s90.481176
113_85,s2.131945,s5.026755,s38.259903
113_86,s1.492146,s4.635896,s79.590604
113_87,s1.596966,s2.973857,s62.321155
113_88,s3.398892,s0.510047,s109.171433
113_89,s4.581129,s7.018838,s10.683472
113_90,s6.157613,s7.100368,s310.420697
113_91,s2.516108,s1.378466,s185.761133
113_92,s4.008010,s7.260023,s4.680080
113_93,s4.981574,s7.343264,s260.097855
113_94,s7.174307,s6.574338,s15.015228
113_95,s1.385636,s5.484762,s71.460479
113_96,s2.982470,s7.376952,s30.179839
113_97,s2.301429,s7.417473,s72.261077
113_98,s0.836353,s1.345186,s28.663578
113_99,s6.212516,s8.016473,s239.577536
113_100,s0.792666,s4.481738,s148.936835
113_101,s1.235970,s6.297872,s39.514379
113_102,s0.945881,s7.304669,s22.158950
113_103,s4.315327,s7.975341,s306.661725
113_104,s1.113053,s2.774708,s98.567709
113_105,s3.536977,s7.494717,s25.287596
113_106,s0.715260,s3.271392,s40.000000
113_107,s0.916007,s5.123161,s127.483023
113_108,s1.705631,s1.519749,s80.000000
113_109,s5.428474,s7.635936,s0.000000
113_110,s0.667745,s5.926709,s56.582650
113_111,s0.964701,s2.139789,s60.000000
113_112,s2.093854,s0.984799,s120.000000
114_0,s3.342192,s3.013709,s155.083789
114_1,s4.211375,s3.118284,s206.180148
114_2,s3.482221,s4.123251,s146.259059
114_3,s3.092984,s2.154150,s124.051521
114_4,s3.795134,s2.187687,s148.795008
114_5,s3.982219,s2.608557,s103.076144
114_6,s3.892233,s3.971339,s333.894836
114_7,s4.127592,s3.639315,s245.830198
114_8,s4.827897,s2.014629,s224.211385
114_9,s5.530585,s2.521525,s175.051528
114_10,s4.287896,s2.273175,s187.114910
114_11,s3.877224,s3.179627,s68.254794
114_12,s4.770641,s3.057779,s316.598268
114_13,s2.678365,s2.817155,s173.024415
114_14,s4.436055,s4.148016,s306.122053
114_15,s5.517152,s3.581984,s287.151329
114_16,s4.852265,s2.649803,s222.360085
114_17,s5.267095,s3.030647,s276.592573
114_18,s4.394124,s4.643160,s341.541515
114_19,s2.939785,s3.978871,s64.270949
114_20,s3.648957,s4.422439,s37.588747
114_21,s4.841644,s3.696863,s346.480273
114_22,s1.927329,s1.776643,s175.664914
114_23,s3.837577,s4.947038,s296.109201
114_24,s3.412786,s5.270532,s32.026723
114_25,s4.996737,s4.885531,s15.414033
114_26,s2.556719,s4.984100,s323.762161
114_27,s5.327459,s4.719573,s264.327577
114_28,s6.075102,s2.655324,s168.853251
114_29,s5.315219,s4.176369,s246.083806
114_30,s1.892865,s5.532988,s347.055037
114_31,s6.855077,s2.296716,s207.286011
114_32,s5.730022,s5.287423,s83.689669
114_33,s5.884185,s4.262904,s312.851340
114_34,s5.165602,s5.752283,s289.256917
114_35,s6.034082,s4.992251,s282.302437
114_36,s6.317613,s4.063131,s218.658043
114_37,s3.938754,s5.400615,s345.289643
114_38,s4.483090,s5.595442,s318.427250
114_39,s6.790286,s4.802112,s170.984218
114_40,s6.282580,s2.019725,s249.437534
114_41,s6.165813,s3.199676,s217.727433
114_42,s6.012753,s5.533987,s331.841808
114_43,s4.579528,s6.197078,s38.217527
114_44,s2.763727,s5.725428,s55.051367
114_45,s6.793272,s3.354366,s251.127144
114_46,s6.626840,s5.526247,s0.911051
114_47,s5.312337,s6.186881,s338.974474
114_48,s2.550308,s6.545861,s268.485934
114_49,s7.396829,s7.948979,s67.311322
114_50,s4.777460,s1.498871,s131.186868
114_51,s7.059716,s3.800612,s5.962820
114_52,s7.915206,s6.497098,s59.128431
114_53,s7.008329,s2.871990,s215.283492
114_54,s2.590389,s3.599570,s107.520515
114_55,s6.134003,s6.326540,s41.862602
114_56,s3.445959,s5.849627,s311.367614
114_57,s3.702021,s6.488711,s31.504801
114_58,s2.371712,s4.619914,s117.790990
114_59,s6.690904,s1.427558,s93.697171
114_60,s7.050759,s5.043732,s332.687317
114_61,s4.001799,s0.952494,s69.943467
114_62,s4.799451,s6.591229,s295.314660
114_63,s5.242821,s1.195300,s234.424643
114_64,s7.389253,s4.225662,s295.414806
114_65,s7.531918,s2.797301,s250.514328
114_66,s7.478986,s3.660596,s237.702666
114_67,s7.561136,s5.115923,s229.712072
114_68,s5.666408,s1.731635,s187.061343
114_69,s4.549404,s0.865663,s187.543438
114_70,s2.191934,s3.880896,s67.051797
114_71,s2.361050,s2.991986,s72.559698
114_72,s5.997215,s0.969213,s276.110210
114_73,s7.414464,s2.021490,s243.139529
114_74,s3.621509,s0.564998,s247.290030
114_75,s5.203475,s0.708959,s152.399403
114_76,s2.234972,s2.244199,s52.676952
114_77,s6.968681,s1.308610,s290.566146
114_78,s3.256254,s0.921644,s108.661473
114_79,s1.571205,s6.207246,s165.688212
114_80,s6.596605,s0.455220,s100.551441
114_81,s3.037498,s1.549692,s83.608301
114_82,s1.668724,s3.579292,s27.368264
114_83,s1.383312,s2.409365,s173.938437
114_84,s1.167466,s3.700458,s102.055081
114_85,s1.968694,s4.898177,s38.259903
114_86,s1.328895,s4.507318,s79.590604
114_87,s1.433715,s2.845280,s61.703502
114_88,s3.235641,s0.381470,s109.171433
114_89,s4.417879,s6.890261,s10.683472
114_90,s5.994362,s6.971790,s307.542326
114_91,s2.352857,s1.249889,s185.761133
114_92,s3.844760,s7.131446,s4.680080
114_93,s4.818324,s7.214687,s260.097855
114_94,s7.059766,s6.579406,s5.237428
114_95,s1.222385,s5.356185,s71.460479
114_96,s2.819219,s7.248375,s39.926778
114_97,s2.040263,s7.362000,s32.559454
114_98,s0.736669,s1.271502,s55.137895
114_99,s6.388819,s7.862938,s257.956732
114_100,s0.629416,s4.353160,s148.936835
114_101,s1.072720,s6.169294,s53.222528
114_102,s0.912879,s7.055589,s22.158950
114_103,s4.152077,s7.846763,s306.661725
114_104,s0.961522,s2.659457,s99.487250
114_105,s3.373726,s7.366140,s25.287596
114_106,s0.444962,s3.027636,s28.292105
114_107,s0.752756,s4.994583,s127.483023
114_108,s1.116085,s0.673281,s81.003722
114_109,s5.265223,s7.507358,s0.000000
114_110,s0.581454,s5.903321,s46.620270
114_111,s0.801451,s2.011212,s60.000000
114_112,s1.930604,s0.856222,s120.000000
114_113,s1.396131,s6.539355,s3.127286
115_0,s3.385296,s2.963062,s155.083789
115_1,s4.254479,s3.067637,s206.180148
115_2,s3.525325,s4.072604,s146.259059
115_3,s3.136088,s2.103503,s124.051521
115_4,s3.838238,s2.137040,s148.795008
115_5,s4.025323,s2.557910,s103.076144
115_6,s3.935337,s3.920693,s333.894836
115_7,s4.170696,s3.588668,s245.830198
115_8,s4.871001,s1.963982,s224.211385
115_9,s5.573689,s2.470878,s175.051528
115_10,s4.331000,s2.222528,s187.114910
115_11,s3.920328,s3.128980,s68.254794
115_12,s4.813745,s3.007132,s316.598268
115_13,s2.752898,s2.796338,s173.024415
115_14,s4.479159,s4.097369,s306.122053
115_15,s5.560256,s3.531337,s287.151329
115_16,s4.895369,s2.599156,s222.360085
115_17,s5.310199,s2.980000,s276.592573
115_18,s4.437228,s4.592513,s341.541515
115_19,s2.982889,s3.928224,s64.270949
115_20,s3.692061,s4.371793,s37.588747
115_21,s4.884748,s3.646216,s346.480273
115_22,s1.970433,s1.725996,s175.664914
115_23,s3.880681,s4.896392,s296.109201
115_24,s3.482462,s5.181307,s32.026723
115_25,s5.039841,s4.834884,s15.414033
115_26,s2.599823,s4.933453,s323.762161
115_27,s5.370563,s4.668926,s264.327577
115_28,s6.118206,s2.604678,s168.853251
115_29,s5.358323,s4.125722,s246.083806
115_30,s1.935969,s5.482341,s347.055037
115_31,s6.898181,s2.246069,s207.286011
115_32,s5.773126,s5.236776,s83.689669
115_33,s5.927289,s4.212257,s312.851340
115_34,s5.208706,s5.701636,s289.256917
115_35,s6.077186,s4.941604,s282.302437
115_36,s6.360717,s4.012484,s218.658043
115_37,s3.981858,s5.349968,s345.289643
115_38,s4.526194,s5.544795,s318.427250
115_39,s6.833390,s4.751465,s170.984218
115_40,s6.325684,s1.969078,s249.437534
115_41,s6.208917,s3.149029,s217.727433
115_42,s6.055857,s5.483340,s331.841808
115_43,s4.622632,s6.146432,s38.217527
115_44,s2.806831,s5.674782,s55.051367
115_45,s6.836376,s3.303719,s251.127144
115_46,s6.669944,s5.475600,s0.911051
115_47,s5.355441,s6.136234,s338.974474
115_48,s2.656187,s6.403006,s268.485934
115_49,s7.379575,s7.828905,s67.311322
115_50,s4.820564,s1.448224,s131.186868
115_51,s7.102820,s3.749965,s5.962820
115_52,s7.887050,s6.403194,s59.128431
115_53,s7.051433,s2.821343,s215.283492
115_54,s2.633494,s3.548923,s107.520515
115_55,s6.177107,s6.275893,s41.862602
115_56,s3.489063,s5.798980,s311.367614
115_57,s3.745125,s6.438064,s31.504801
115_58,s2.414816,s4.569267,s117.790990
115_59,s6.734008,s1.376911,s93.697171
115_60,s7.093863,s4.993085,s332.687317
115_61,s4.044903,s0.901847,s69.943467
115_62,s4.842555,s6.540582,s295.314660
115_63,s5.285925,s1.144653,s234.424643
115_64,s7.432357,s4.175015,s295.414806
115_65,s7.575022,s2.746654,s250.514328
115_66,s7.522090,s3.609949,s237.702666
115_67,s7.604240,s5.065276,s229.712072
115_68,s5.709512,s1.680988,s187.061343
115_69,s4.592508,s0.815016,s187.543438
115_70,s2.235038,s3.830249,s67.051797
115_71,s2.431049,s2.959738,s72.559698
115_72,s6.040319,s0.918566,s276.110210
115_73,s7.429449,s1.989631,s243.139529
115_74,s3.664613,s0.514351,s247.290030
115_75,s5.388475,s0.558200,s134.246748
115_76,s2.278076,s2.193553,s52.676952
115_77,s7.011785,s1.257964,s290.566146
115_78,s3.299358,s0.870997,s108.661473
115_79,s1.625491,s6.147892,s165.688212
115_80,s6.558129,s0.529328,s100.551441
115_81,s3.080602,s1.499045,s83.608301
115_82,s1.711828,s3.528645,s27.368264
115_83,s1.497863,s2.405225,s173.938437
115_84,s1.210570,s3.649811,s102.055081
115_85,s2.011798,s4.847530,s38.259903
115_86,s1.371999,s4.456672,s79.590604
115_87,s1.476819,s2.794633,s61.703502
115_88,s3.278745,s0.330823,s109.171433
115_89,s4.460983,s6.839614,s10.683472
115_90,s6.037466,s6.921143,s307.542326
115_91,s2.395961,s1.199242,s185.761133
115_92,s3.887864,s7.080799,s4.680080
115_93,s4.861428,s7.164040,s260.097855
115_94,s7.030649,s6.470022,s5.237428
115_95,s1.265489,s5.305538,s71.460479
115_96,s2.895230,s7.122067,s39.926778
115_97,s2.097629,s7.289938,s32.559454
115_98,s0.891486,s1.317186,s55.137895
115_99,s6.387654,s7.740230,s239.011116
115_100,s0.672520,s4.302513,s148.936835
115_101,s1.115824,s6.118648,s53.222528
115_102,s0.971008,s6.991693,s22.158950
115_103,s4.195151,s7.784307,s306.661725
115_104,s1.004626,s2.608810,s99.487250
115_105,s3.416830,s7.315493,s25.287596
115_106,s0.379174,s2.949987,s28.292105
115_107,s0.795860,s4.943937,s127.483023
115_108,s1.255412,s0.735036,s81.003722
115_109,s5.308327,s7.456711,s0.000000
115_110,s0.624558,s5.852674,s46.620270
115_111,s0.861470,s1.971620,s60.000000
115_112,s1.973708,s0.805575,s120.000000
115_113,s1.460958,s6.470258,s3.127286
115_114,s3.514768,s7.920179,s300.000000
116_0,s3.469051,s2.962828,s155.083789
116_1,s4.338234,s3.067404,s206.180148
116_2,s3.609080,s4.072370,s146.259059
116_3,s3.219843,s2.103270,s124.051521
116_4,s3.921993,s2.136806,s148.795008
116_5,s4.109079,s2.557676,s103.076144
116_6,s4.019093,s3.920459,s333.894836
116_7,s4.254451,s3.588435,s245.830198
116_8,s4.954756,s1.963749,s224.211385
116_9,s5.657444,s2.470645,s174.780695
116_10,s4.413137,s2.236297,s187.114910
116_11,s4.004083,s3.128746,s68.254794
116_12,s4.897500,s3.006899,s316.598268
116_13,s2.836653,s2.796104,s173.024415
116_14,s4.562914,s4.097135,s306.122053
116_15,s5.644011,s3.531103,s287.151329
116_16,s4.979124,s2.598922,s222.360085
116_17,s5.393955,s2.979766,s276.592573
116_18,s4.520983,s4.592279,s341.541515
116_19,s3.066645,s3.927990,s64.270949
116_20,s3.775817,s4.371559,s37.588747
116_21,s4.968503,s3.645982,s346.480273
116_22,s2.054189,s1.725763,s175.664914
116_23,s3.964437,s4.896158,s296.109201
116_24,s3.566218,s5.181073,s32.026723
116_25,s5.123596,s4.834651,s15.414033
116_26,s2.683578,s4.933220,s323.762161
116_27,s5.454318,s4.668692,s264.327577
116_28,s6.201962,s2.604444,s168.853251
116_29,s5.442079,s4.125489,s246.083806
116_30,s2.128231,s5.419065,s347.055037
116_31,s6.981936,s2.245835,s207.286011
116_32,s5.856881,s5.236542,s83.689669
116_33,s6.011044,s4.212023,s312.851340
116_34,s5.292462,s5.701402,s289.256917
116_35,s6.160941,s4.941370,s282.302437
116_36,s6.444472,s4.012250,s218.658043
116_37,s4.065613,s5.349734,s345.289643
116_38,s4.609949,s5.544561,s318.427250
116_39,s6.917146,s4.751231,s170.984218
116_40,s6.409440,s1.968844,s249.437534
116_41,s6.292673,s3.148795,s217.980655
116_42,s6.139612,s5.483106,s331.841808
116_43,s4.706387,s6.146198,s38.217527
116_44,s2.890587,s5.674548,s47.065366
116_45,s6.920131,s3.303485,s251.127144
116_46,s6.775507,s5.816531,s17.603216
116_47,s5.439197,s6.136001,s338.974474
116_48,s2.749456,s6.388645,s284.720925
116_49,s7.438530,s7.731548,s320.930060
116_50,s4.904320,s1.447991,s131.186868
116_51,s7.186575,s3.749731,s5.962820
116_52,s8.090543,s6.490644,s54.922071
116_53,s7.135189,s2.821109,s215.283492
116_54,s2.717249,s3.548690,s107.520515
116_55,s6.260862,s6.275659,s41.862602
116_56,s3.578600,s5.783928,s311.367614
116_57,s3.828880,s6.437830,s31.504801
116_58,s2.498572,s4.569033,s117.790990
116_59,s6.817764,s1.376678,s93.697171
116_60,s7.369997,s5.450024,s332.400200
116_61,s4.128658,s0.901613,s69.345801
116_62,s4.926310,s6.540348,s295.314660
116_63,s5.369681,s1.144419,s234.424643
116_64,s7.516112,s4.174781,s295.414806
116_65,s7.670298,s2.891325,s250.514328
116_66,s7.605846,s3.609716,s237.702666
116_67,s7.564472,s5.034708,s229.712072
116_68,s5.793267,s1.680754,s187.061343
116_69,s4.676263,s0.814783,s177.971525
116_70,s2.318793,s3.830015,s67.051797
116_71,s2.530203,s2.971098,s72.559698
116_72,s6.411473,s0.851950,s279.158900
116_73,s7.513205,s1.989397,s243.139529
116_74,s3.748368,s0.514117,s247.290030
116_75,s5.391009,s0.410842,s116.397207
116_76,s2.361831,s2.193319,s52.676952
116_77,s7.615582,s1.339746,s290.566146
116_78,s3.383114,s0.870763,s108.661473
116_79,s1.709246,s6.147658,s165.688212
116_80,s7.424895,s0.433522,s101.290280
116_81,s3.164357,s1.498811,s83.608301
116_82,s1.795584,s3.528411,s26.622383
116_83,s1.595728,s2.336684,s173.938437
116_84,s1.281101,s3.693210,s97.496175
116_85,s2.095554,s4.847296,s38.259903
116_86,s1.474783,s4.454845,s79.590604
116_87,s1.643751,s2.857616,s61.703502
116_88,s3.362501,s0.330589,s109.171433
116_89,s4.544738,s6.839380,s10.683472
116_90,s6.121222,s6.920909,s307.542326
116_91,s2.508248,s1.249530,s165.815169
116_92,s3.972393,s7.068925,s333.848083
116_93,s4.945183,s7.163806,s260.097855
116_94,s7.233424,s6.163139,s359.427807
116_95,s1.075024,s5.353796,s57.497321
116_96,s3.021311,s7.020334,s54.170981
116_97,s2.216846,s6.840773,s32.559454
116_98,s0.878259,s1.362572,s63.939704
116_99,s6.334904,s7.714039,s249.715134
116_100,s0.837084,s4.160118,s143.774582
116_101,s0.320313,s6.730280,s326.156112
116_102,s1.054763,s6.991459,s16.530965
116_103,s4.543435,s7.928122,s292.399964
116_104,s1.165135,s2.648260,s99.696236
116_105,s3.513467,s7.256040,s25.287596
116_106,s0.585113,s2.991729,s47.003170
116_107,s0.879616,s4.943703,s127.483023
116_108,s0.955062,s0.681212,s62.850372
116_109,s5.392083,s7.456477,s0.000000
116_110,s1.145129,s5.903637,s18.937085
116_111,s0.972748,s1.990154,s60.000000
116_112,s1.996305,s0.664696,s138.906072
116_113,s1.615957,s6.563841,s7.209944
116_114,s3.558089,s7.953400,s300.000000
116_115,s2.559389,s7.711808,s329.109730
117_0,s3.396917,s2.962828,s155.083789
117_1,s4.266100,s3.067404,s206.180148
117_2,s3.536946,s4.072370,s146.259059
117_3,s3.147709,s2.103270,s124.051521
117_4,s3.849859,s2.136806,s148.795008
117_5,s4.036945,s2.557676,s103.076144
117_6,s3.946959,s3.920459,s333.894836
117_7,s4.182317,s3.588435,s245.830198
117_8,s4.882622,s1.963749,s224.211385
117_9,s5.585310,s2.470645,s174.780695
117_10,s4.341003,s2.236297,s187.114910
117_11,s3.931949,s3.128746,s68.254794
117_12,s4.825366,s3.006899,s316.598268
117_13,s2.764519,s2.796104,s173.024415
117_14,s4.490780,s4.097135,s306.122053
117_15,s5.571877,s3.531103,s287.151329
117_16,s4.906990,s2.598922,s222.360085
117_17,s5.321821,s2.979766,s276.592573
117_18,s4.448849,s4.592279,s341.541515
117_19,s2.994511,s3.927990,s64.270949
117_20,s3.703683,s4.371559,s37.588747
117_21,s4.896369,s3.645982,s346.480273
117_22,s1.989019,s1.733645,s175.664914
117_23,s3.892303,s4.896158,s296.109201
117_24,s3.494084,s5.181073,s32.026723
117_25,s5.051462,s4.834651,s15.414033
117_26,s2.611444,s4.933220,s323.762161
117_27,s5.382184,s4.668692,s264.327577
117_28,s6.129828,s2.604444,s168.853251
117_29,s5.369945,s4.125489,s246.083806
117_30,s2.056097,s5.419065,s347.055037
117_31,s6.909802,s2.245835,s207.286011
117_32,s5.784747,s5.236542,s83.689669
117_33,s5.938910,s4.212023,s312.851340
117_34,s5.220328,s5.701402,s289.256917
117_35,s6.088807,s4.941370,s282.302437
117_36,s6.372338,s4.012250,s218.658043
117_37,s3.993479,s5.349734,s345.289643
117_38,s4.537815,s5.544561,s318.427250
117_39,s6.845011,s4.751231,s170.984218
117_40,s6.337306,s1.968844,s249.437534
117_41,s6.220539,s3.148795,s217.980655
117_42,s6.067478,s5.483106,s331.841808
117_43,s4.634253,s6.146198,s38.217527
117_44,s2.818452,s5.674548,s47.065366
117_45,s6.847997,s3.303485,s251.127144
117_46,s6.703373,s5.816531,s17.603216
117_47,s5.367063,s6.136001,s338.974474
117_48,s2.677322,s6.388645,s284.720925
117_49,s7.216760,s7.566312,s320.930060
117_50,s4.832186,s1.447991,s131.186868
117_51,s7.114441,s3.749731,s5.962820
117_52,s7.933259,s6.439674,s54.922071
117_53,s7.063055,s2.821109,s215.283492
117_54,s2.645115,s3.548690,s107.520515
117_55,s6.188728,s6.275659,s41.862602
117_56,s3.506466,s5.783928,s311.367614
117_57,s3.756746,s6.437830,s31.504801
117_58,s2.426438,s4.569033,s117.790990
117_59,s6.745630,s1.376678,s93.697171
117_60,s7.131665,s5.382922,s332.400200
117_61,s4.056524,s0.901613,s69.345801
117_62,s4.854176,s6.540348,s295.314660
117_63,s5.297547,s1.144419,s234.424643
117_64,s7.443978,s4.174781,s295.414806
117_65,s7.598164,s2.891325,s250.514328
117_66,s7.533712,s3.609716,s237.702666
117_67,s7.492338,s5.034708,s229.712072
117_68,s5.721133,s1.680754,s187.061343
117_69,s4.604129,s0.814783,s177.971525
117_70,s2.246659,s3.830015,s67.051797
117_71,s2.458069,s2.971098,s72.559698
117_72,s6.333856,s0.860326,s279.158900
117_73,s7.441071,s1.989397,s243.139529
117_74,s3.676234,s0.514117,s247.290030
117_75,s5.318875,s0.410842,s116.397207
117_76,s2.309877,s2.214726,s52.676952
117_77,s7.543447,s1.339746,s290.566146
117_78,s3.310980,s0.870763,s108.661473
117_79,s1.637112,s6.147658,s165.688212
117_80,s7.252736,s0.550264,s101.290280
117_81,s3.092223,s1.498811,s83.608301
117_82,s1.723450,s3.528411,s26.622383
117_83,s1.558294,s2.361136,s173.938437
117_84,s1.222338,s3.695464,s97.496175
117_85,s2.023420,s4.847296,s38.259903
117_86,s1.402649,s4.454845,s79.590604
117_87,s1.571617,s2.857616,s61.703502
117_88,s3.290367,s0.330589,s109.171433
117_89,s4.472604,s6.839380,s10.683472
117_90,s6.049088,s6.920909,s307.542326
117_91,s2.436114,s1.249530,s165.815169
117_92,s3.900259,s7.068925,s333.848083
117_93,s4.873049,s7.163806,s260.097855
117_94,s7.142225,s6.150671,s359.427807
117_95,s1.013259,s5.349907,s57.497321
117_96,s2.964985,s6.982744,s54.170981
117_97,s2.144712,s6.840773,s32.559454
117_98,s0.827150,s1.380343,s63.939704
117_99,s6.256245,s7.703131,s249.715134
117_100,s0.764950,s4.160118,s143.774582
117_101,s0.347747,s6.665147,s326.156112
117_102,s1.022459,s6.956086,s16.530965
117_103,s4.468563,s7.896819,s292.399964
117_104,s1.107694,s2.655681,s99.696236
117_105,s3.441333,s7.256040,s25.287596
117_106,s0.585113,s3.015172,s47.003170
117_107,s0.807482,s4.943703,s127.483023
117_108,s0.942410,s0.744540,s62.850372
117_109,s5.319949,s7.456477,s0.000000
117_110,s1.086956,s5.895811,s18.937085
117_111,s0.926800,s2.007914,s60.000000
117_112,s1.970985,s0.738996,s138.906072
117_113,s1.543823,s6.563841,s7.209944
117_114,s3.496056,s7.895257,s300.000000
117_115,s2.530513,s7.620258,s329.109730
117_116,s5.624313,s7.936102,s300.000000
118_0,s3.350261,s2.962828,s155.083789
118_1,s4.219443,s3.067404,s206.180148
118_2,s3.490289,s4.072370,s146.259059
118_3,s3.101053,s2.103270,s124.051521
118_4,s3.803202,s2.136806,s148.795008
118_5,s3.991373,s2.569128,s103.076144
118_6,s3.900302,s3.920459,s333.894836
118_7,s4.135661,s3.588435,s245.830198
118_8,s4.835965,s1.963749,s224.211385
118_9,s5.538654,s2.470645,s174.780695
118_10,s4.294346,s2.236297,s187.114910
118_11,s3.888465,s3.140482,s68.254794
118_12,s4.778709,s3.006899,s316.598268
118_13,s2.717862,s2.796104,s173.024415
118_14,s4.444123,s4.097135,s306.122053
118_15,s5.525221,s3.531103,s287.151329
118_16,s4.860334,s2.598922,s222.360085
118_17,s5.275164,s2.979766,s276.592573
118_18,s4.402192,s4.592279,s341.541515
118_19,s2.947854,s3.927990,s64.270949
118_20,s3.657026,s4.371559,s37.588747
118_21,s4.849712,s3.645982,s346.480273
118_22,s1.951363,s1.743498,s175.664914
118_23,s3.845646,s4.896158,s296.109201
118_24,s3.447427,s5.181073,s32.026723
118_25,s5.004806,s4.834651,s15.414033
118_26,s2.564788,s4.933220,s323.762161
118_27,s5.335527,s4.668692,s264.327577
118_28,s6.083171,s2.604444,s168.853251
118_29,s5.323288,s4.125489,s246.083806
118_30,s2.009440,s5.419065,s347.055037
118_31,s6.863145,s2.245835,s207.286011
118_32,s5.738091,s5.236542,s83.689669
118_33,s5.892253,s4.212023,s312.851340
118_34,s5.173671,s5.701402,s289.256917
118_35,s6.042150,s4.941370,s282.302437
118_36,s6.325682,s4.012250,s218.658043
118_37,s3.946823,s5.349734,s345.289643
118_38,s4.491159,s5.544561,s318.427250
118_39,s6.798355,s4.751231,s170.984218
118_40,s6.290649,s1.968844,s249.437534
118_41,s6.173882,s3.148795,s217.980655
118_42,s6.020821,s5.483106,s331.841808
118_43,s4.587597,s6.146198,s38.217527
118_44,s2.771796,s5.674548,s47.065366
118_45,s6.801340,s3.303485,s251.127144
118_46,s6.656716,s5.816531,s17.603216
118_47,s5.320406,s6.136001,s338.974474
118_48,s2.630666,s6.388645,s284.720925
118_49,s7.150583,s7.544398,s320.930060
118_50,s4.785529,s1.447991,s131.186868
118_51,s7.067784,s3.749731,s5.962820
118_52,s7.840778,s6.411772,s54.922071
118_53,s7.016398,s2.821109,s215.283492
118_54,s2.598458,s3.548690,s107.520515
118_55,s6.142071,s6.275659,s41.862602
118_56,s3.459809,s5.783928,s311.367614
118_57,s3.712689,s6.424201,s31.504801
118_58,s2.379781,s4.569033,s117.790990
118_59,s6.698973,s1.376678,s93.697171
118_60,s7.061761,s5.373322,s332.400200
118_61,s4.009867,s0.901613,s69.345801
118_62,s4.807520,s6.540348,s295.314660
118_63,s5.250890,s1.144419,s234.424643
118_64,s7.397322,s4.174781,s295.414806
118_65,s7.551507,s2.891325,s250.514328
118_66,s7.487055,s3.609716,s237.702666
118_67,s7.435292,s5.031982,s229.712072
118_68,s5.674477,s1.680754,s187.061343
118_69,s4.557473,s0.814783,s177.971525
118_70,s2.200002,s3.830015,s67.051797
118_71,s2.411412,s2.971098,s72.559698
118_72,s6.287200,s0.860326,s279.158900
118_73,s7.394414,s1.989397,s243.139529
118_74,s3.629577,s0.514117,s247.290030
118_75,s5.272219,s0.410842,s116.397207
118_76,s2.263221,s2.214726,s52.676952
118_77,s7.496791,s1.339746,s290.566146
118_78,s3.264323,s0.870763,s108.661473
118_79,s1.590456,s6.147658,s165.688212
118_80,s7.177289,s0.584268,s101.290280
118_81,s3.045567,s1.498811,s83.608301
118_82,s1.676793,s3.528411,s26.622383
118_83,s1.522450,s2.368561,s173.938437
118_84,s1.175681,s3.695464,s97.496175
118_85,s1.976763,s4.847296,s38.259903
118_86,s1.355992,s4.454845,s79.590604
118_87,s1.524961,s2.857616,s61.703502
118_88,s3.243710,s0.330589,s109.171433
118_89,s4.425947,s6.839380,s10.683472
118_90,s6.002431,s6.920909,s307.542326
118_91,s2.389458,s1.249530,s165.815169
118_92,s3.853603,s7.068925,s333.848083
118_93,s4.826392,s7.163806,s260.097855
118_94,s7.095569,s6.150671,s359.427807
118_95,s0.979615,s5.345066,s57.497321
118_96,s2.929459,s6.957638,s54.170981
118_97,s2.119831,s6.812311,s32.559454
118_98,s0.864121,s1.449571,s63.939704
118_99,s6.209589,s7.703131,s249.715134
118_100,s0.718293,s4.160118,s143.774582
118_101,s0.301091,s6.665147,s326.156112
118_102,s0.975802,s6.956086,s16.530965
118_103,s4.417197,s7.833875,s292.399964
118_104,s1.061037,s2.655681,s99.696236
118_105,s3.399073,s7.238445,s25.287596
118_106,s0.585113,s3.030095,s47.003170
118_107,s0.774425,s4.940584,s127.483023
118_108,s0.986691,s0.840323,s62.850372
118_109,s5.273292,s7.456477,s0.000000
118_110,s1.040300,s5.895811,s18.937085
118_111,s0.911038,s2.028368,s60.000000
118_112,s1.924329,s0.738996,s138.906072
118_113,s1.497166,s6.563841,s7.209944
118_114,s3.449399,s7.895257,s300.000000
118_115,s2.483856,s7.620258,s329.109730
118_116,s5.577656,s7.936102,s300.000000
118_117,s7.639657,s5.734359,s240.000000
119_0,s3.299336,s2.973568,s155.083789
119_1,s4.162376,s3.079309,s206.180148
119_2,s3.431130,s4.072370,s146.259059
119_3,s3.041893,s2.103270,s124.051521
119_4,s3.747858,s2.150085,s148.795008
119_5,s3.932214,s2.569128,s103.076144
119_6,s3.841142,s3.920459,s333.894836
119_7,s4.076501,s3.588435,s245.830198
119_8,s4.776806,s1.963749,s224.211385
119_9,s5.479494,s2.470645,s174.780695
119_10,s4.235994,s2.248789,s187.114910
119_11,s3.829306,s3.140482,s68.254794
119_12,s4.719550,s3.006899,s316.598268
119_13,s2.658703,s2.796104,s173.024415
119_14,s4.384964,s4.097135,s306.122053
119_15,s5.466061,s3.531103,s287.151329
119_16,s4.801174,s2.598922,s222.360085
119_17,s5.216005,s2.979766,s276.592573
119_18,s4.343033,s4.592279,s341.541515
119_19,s2.888695,s3.927990,s64.270949
119_20,s3.597867,s4.371559,s37.588747
119_21,s4.790553,s3.645982,s346.480273
119_22,s1.892203,s1.743498,s146.524303
119_23,s3.786487,s4.896158,s296.109201
119_24,s3.388268,s5.181073,s32.026723
119_25,s4.945646,s4.834651,s15.414033
119_26,s2.505628,s4.933220,s323.762161
119_27,s5.276368,s4.668692,s264.327577
119_28,s6.024012,s2.604444,s168.853251
119_29,s5.264129,s4.125489,s246.083806
119_30,s1.950281,s5.419065,s347.055037
119_31,s6.803986,s2.245835,s207.286011
119_32,s5.678931,s5.236542,s83.689669
119_33,s5.833094,s4.212023,s312.851340
119_34,s5.114512,s5.701402,s289.256917
119_35,s5.982991,s4.941370,s282.302437
119_36,s6.266522,s4.012250,s218.658043
119_37,s3.887663,s5.349734,s345.289643
119_38,s4.431999,s5.544561,s318.427250
119_39,s6.739195,s4.751231,s170.984218
119_40,s6.231489,s1.968844,s249.437534
119_41,s6.114722,s3.148795,s219.726726
119_42,s5.961662,s5.483106,s331.841808
119_43,s4.528437,s6.146198,s38.217527
119_44,s2.712636,s5.674548,s47.065366
119_45,s6.742181,s3.303485,s251.127144
119_46,s6.597557,s5.816531,s17.603216
119_47,s5.261246,s6.136001,s338.974474
119_48,s2.571506,s6.388645,s246.250312
119_49,s7.601652,s7.761018,s285.971792
119_50,s4.726370,s1.447991,s131.186868
119_51,s6.997698,s3.752465,s5.151134
119_52,s7.933572,s6.595025,s42.738067
119_53,s6.957238,s2.821109,s215.283492
119_54,s2.539299,s3.548690,s112.539257
119_55,s6.082912,s6.275659,s41.862602
119_56,s3.409017,s5.772301,s311.367614
119_57,s3.659420,s6.408136,s31.504801
119_58,s2.331504,s4.568152,s117.790990
119_59,s6.639814,s1.376678,s93.697171
119_60,s7.002601,s5.373322,s332.400200
119_61,s3.950708,s0.901613,s69.345801
119_62,s4.748360,s6.540348,s295.314660
119_63,s5.191730,s1.144419,s234.424643
119_64,s7.573149,s4.071554,s293.747812
119_65,s7.490508,s2.736190,s250.514328
119_66,s8.047325,s3.768004,s231.809091
119_67,s7.202549,s4.995459,s229.712072
119_68,s5.615317,s1.680754,s187.061343
119_69,s4.498313,s0.814783,s177.971525
119_70,s2.140843,s3.830015,s67.051797
119_71,s2.352253,s2.971098,s72.559698
119_72,s6.228040,s0.860326,s236.666077
119_73,s7.335254,s1.989397,s243.139529
119_74,s3.572573,s0.524472,s250.522667
119_75,s5.213059,s0.410842,s116.397207
119_76,s2.204061,s2.214726,s52.676952
119_77,s7.533251,s1.051012,s278.048526
119_78,s3.205164,s0.870763,s108.435310
119_79,s1.580415,s6.117625,s165.688212
119_80,s7.261064,s0.390420,s112.239885
119_81,s2.986407,s1.498811,s83.608301
119_82,s1.617633,s3.528411,s26.622383
119_83,s1.485744,s2.384137,s144.959423
119_84,s1.116522,s3.695464,s97.496175
119_85,s1.917603,s4.847296,s50.057610
119_86,s1.296833,s4.454845,s79.590604
119_87,s1.465801,s2.857616,s61.703502
119_88,s3.184551,s0.330589,s109.171433
119_89,s4.366788,s6.839380,s10.683472
119_90,s6.498486,s7.062346,s295.502448
119_91,s2.330298,s1.249530,s170.658269
119_92,s3.794443,s7.068925,s333.848083
119_93,s4.767233,s7.163806,s260.097855
119_94,s6.932779,s6.410912,s351.908428
119_95,s0.920456,s5.345066,s57.119127
119_96,s2.876336,s6.947289,s54.170981
119_97,s1.777775,s7.702294,s27.052738
119_98,s0.804962,s1.449571,s63.939704
119_99,s6.093124,s7.595794,s263.790046
119_100,s0.704967,s4.163181,s140.338597
119_101,s0.441439,s6.451045,s320.823732
119_102,s0.891105,s7.482652,s79.715847
119_103,s4.358285,s7.785825,s357.517046
119_104,s1.001877,s2.655681,s99.696236
119_105,s3.348445,s7.214911,s25.287596
119_106,s0.564470,s3.043824,s44.876991
119_107,s0.715265,s4.940584,s127.483023
119_108,s0.927531,s0.840323,s62.850372
119_109,s4.920741,s7.995426,s296.513691
119_110,s1.038172,s5.870822,s18.937085
119_111,s0.851879,s2.028368,s60.000000
119_112,s1.917277,s0.814339,s123.787534
119_113,s1.750538,s6.532617,s326.414700
119_114,s3.599149,s7.970370,s301.113318
119_115,s2.505531,s7.697034,s320.708898
119_116,s6.054393,s8.329289,s300.000000
119_117,s7.567949,s5.729092,s237.074500
119_118,s7.971715,s4.925650,s280.000000
120_0,s3.395079,s2.973568,s155.083789
120_1,s4.258120,s3.079309,s206.180148
120_2,s3.526873,s4.072370,s146.259059
120_3,s3.137637,s2.103270,s124.051521
120_4,s3.843601,s2.150085,s148.795008
120_5,s4.030748,s2.580221,s103.076144
120_6,s3.936886,s3.920459,s333.894836
120_7,s4.172244,s3.588435,s245.830198
120_8,s4.872549,s1.963749,s224.211385
120_9,s5.575238,s2.470645,s174.780695
120_10,s4.332460,s2.260420,s187.114910
120_11,s3.925049,s3.140482,s68.254794
120_12,s4.815293,s3.006899,s316.598268
120_13,s2.754446,s2.796104,s173.024415
120_14,s4.480416,s4.111202,s306.122053
120_15,s5.561804,s3.531103,s287.151329
120_16,s4.896917,s2.598922,s222.360085
120_17,s5.311748,s2.979766,s276.592573
120_18,s4.438776,s4.592279,s341.541515
120_19,s2.984438,s3.927990,s64.270949
120_20,s3.693610,s4.371559,s37.588747
120_21,s4.886296,s3.645982,s346.480273
120_22,s1.998861,s1.755169,s146.524303
120_23,s3.882230,s4.896158,s296.109201
120_24,s3.484011,s5.181073,s32.026723
120_25,s5.041389,s4.834651,s15.414033
120_26,s2.613521,s4.929364,s323.762161
120_27,s5.372111,s4.668692,s264.327577
120_28,s6.119755,s2.604444,s168.853251
120_29,s5.359872,s4.125489,s246.083806
120_30,s2.046024,s5.419065,s347.055037
120_31,s6.899729,s2.245835,s207.286011
120_32,s5.774674,s5.236542,s83.689669
120_33,s5.928837,s4.212023,s312.851340
120_34,s5.210255,s5.701402,s289.256917
120_35,s6.078734,s4.941370,s282.302437
120_36,s6.362265,s4.012250,s218.658043
120_37,s3.983406,s5.349734,s345.289643
120_38,s4.527742,s5.544561,s318.427250
120_39,s6.834939,s4.751231,s170.984218
120_40,s6.327233,s1.968844,s249.437534
120_41,s6.210466,s3.148795,s219.726726
120_42,s6.057405,s5.483106,s331.841808
120_43,s4.624180,s6.146198,s38.217527
120_44,s2.808380,s5.674548,s47.065366
120_45,s6.837924,s3.303485,s251.127144
120_46,s6.693300,s5.816531,s17.603216
120_47,s5.356990,s6.136001,s338.974474
120_48,s2.682118,s6.371583,s246.250312
120_49,s7.621904,s7.681096,s291.148813
120_50,s4.822113,s1.447991,s131.186868
120_51,s7.093441,s3.752465,s5.151134
120_52,s7.955322,s6.548486,s42.738067
120_53,s7.052982,s2.821109,s215.283492
120_54,s2.635042,s3.548690,s112.539257
120_55,s6.178655,s6.275659,s41.862602
120_56,s3.504760,s5.772301,s311.367614
120_57,s3.755163,s6.408136,s31.504801
120_58,s2.427248,s4.568152,s117.790990
120_59,s6.735557,s1.376678,s93.697171
120_60,s6.934592,s5.309922,s332.400200
120_61,s4.046451,s0.901613,s69.345801
120_62,s4.844103,s6.540348,s295.314660
120_63,s5.287474,s1.144419,s234.424643
120_64,s7.609197,s4.076722,s293.747812
120_65,s7.586251,s2.736190,s264.087240
120_66,s7.936282,s3.658156,s236.307221
120_67,s7.270620,s4.989142,s229.712072
120_68,s5.711060,s1.680754,s187.061343
120_69,s4.594056,s0.814783,s177.971525
120_70,s2.236586,s3.830015,s67.051797
120_71,s2.447996,s2.971098,s72.559698
120_72,s6.323784,s0.860326,s236.666077
120_73,s7.430998,s1.989397,s243.139529
120_74,s3.668317,s0.524472,s250.522667
120_75,s5.308802,s0.410842,s116.397207
120_76,s2.299804,s2.214726,s52.676952
120_77,s7.575200,s1.106466,s278.048526
120_78,s3.300907,s0.870763,s108.435310
120_79,s1.693431,s6.106653,s165.688212
120_80,s7.876508,s0.381432,s112.239885
120_81,s3.082150,s1.498811,s83.608301
120_82,s1.713377,s3.528411,s26.622383
120_83,s1.581487,s2.384137,s144.959423
120_84,s1.212265,s3.695464,s97.496175
120_85,s2.013347,s4.847296,s56.019509
120_86,s1.392576,s4.454845,s79.590604
120_87,s1.561544,s2.857616,s61.703502
120_88,s3.280294,s0.330589,s109.171433
120_89,s4.462531,s6.839380,s10.683472
120_90,s6.545323,s7.000104,s295.502448
120_91,s2.426041,s1.249530,s170.658269
120_92,s3.890186,s7.068925,s333.848083
120_93,s4.862976,s7.163806,s260.097855
120_94,s7.028523,s6.410912,s351.908428
120_95,s1.016199,s5.345066,s57.119127
120_96,s2.977956,s6.937193,s54.170981
120_97,s1.986141,s7.556291,s27.052738
120_98,s0.900705,s1.449571,s63.939704
120_99,s6.166027,s7.553130,s263.790046
120_100,s0.812583,s4.163778,s140.338597
120_101,s0.537182,s6.451045,s320.823732
120_102,s0.569473,s7.671855,s45.384898
120_103,s4.454028,s7.785825,s357.517046
120_104,s1.097621,s2.655681,s99.696236
120_105,s3.485405,s7.203221,s25.287596
120_106,s0.660213,s3.043824,s44.876991
120_107,s0.811008,s4.940584,s127.483023
120_108,s1.023274,s0.840323,s62.850372
120_109,s5.009949,s7.955645,s296.513691
120_110,s1.133915,s5.870822,s18.937085
120_111,s0.947622,s2.028368,s60.000000
120_112,s2.013020,s0.814339,s123.787534
120_113,s1.987385,s6.414264,s326.414700
120_114,s3.471874,s8.228557,s287.694952
120_115,s2.798057,s7.955329,s332.665431
120_116,s6.129564,s8.281052,s290.733947
120_117,s7.584546,s5.695285,s237.074500
120_118,s7.877391,s4.895285,s280.000000
120_119,s1.688199,s6.975706,s20.000000
121_0,s3.299336,s2.973568,s155.083789
121_1,s4.162376,s3.079309,s206.180148
121_2,s3.431130,s4.072370,s146.259059
121_3,s3.041893,s2.103270,s124.051521
121_4,s3.747858,s2.150085,s148.795008
121_5,s3.935005,s2.580221,s103.076144
121_6,s3.841142,s3.920459,s333.894836
121_7,s4.076501,s3.588435,s245.830198
121_8,s4.776806,s1.963749,s224.211385
121_9,s5.479494,s2.470645,s174.780695
121_10,s4.236717,s2.260420,s187.114910
121_11,s3.829306,s3.140482,s68.254794
121_12,s4.719550,s3.006899,s316.598268
121_13,s2.658703,s2.796104,s173.024415
121_14,s4.384673,s4.111202,s306.122053
121_15,s5.466061,s3.531103,s287.151329
121_16,s4.801174,s2.598922,s222.360085
121_17,s5.216005,s2.979766,s276.592573
121_18,s4.343033,s4.592279,s341.541515
121_19,s2.888695,s3.927990,s64.270949
121_20,s3.597867,s4.371559,s37.588747
121_21,s4.783833,s3.655855,s346.480273
121_22,s1.903118,s1.755169,s146.524303
121_23,s3.786487,s4.896158,s296.109201
121_24,s3.388268,s5.181073,s32.026723
121_25,s4.945646,s4.834651,s15.414033
121_26,s2.517778,s4.929364,s323.762161
121_27,s5.276368,s4.668692,s264.327577
121_28,s6.024012,s2.604444,s168.853251
121_29,s5.264129,s4.125489,s246.083806
121_30,s1.950281,s5.419065,s347.055037
121_31,s6.790589,s2.256967,s207.286011
121_32,s5.678931,s5.236542,s83.689669
121_33,s5.833094,s4.212023,s312.851340
121_34,s5.114512,s5.701402,s289.256917
121_35,s5.982991,s4.941370,s282.302437
121_36,s6.266522,s4.012250,s218.658043
121_37,s3.887663,s5.349734,s345.289643
121_38,s4.431999,s5.544561,s318.427250
121_39,s6.739195,s4.751231,s170.984218
121_40,s6.231489,s1.968844,s249.437534
121_41,s6.114722,s3.148795,s219.726726
121_42,s5.961662,s5.483106,s331.841808
121_43,s4.528437,s6.146198,s38.217527
121_44,s2.721705,s5.666919,s47.065366
121_45,s6.742181,s3.303485,s251.127144
121_46,s6.597557,s5.816531,s17.603216
121_47,s5.261246,s6.136001,s338.974474
121_48,s2.586374,s6.371583,s246.250312
121_49,s7.526161,s7.681096,s291.148813
121_50,s4.726370,s1.447991,s131.186868
121_51,s6.997698,s3.752465,s5.151134
121_52,s7.821134,s6.523856,s42.738067
121_53,s6.957238,s2.821109,s215.283492
121_54,s2.539299,s3.548690,s112.539257
121_55,s6.082912,s6.275659,s41.862602
121_56,s3.409017,s5.772301,s311.367614
121_57,s3.659420,s6.408136,s31.504801
121_58,s2.331504,s4.568152,s117.790990
121_59,s6.639814,s1.376678,s93.697171
121_60,s6.838849,s5.309922,s332.400200
121_61,s3.950708,s0.901613,s69.345801
121_62,s4.748360,s6.540348,s295.314660
121_63,s5.191730,s1.144419,s234.424643
121_64,s7.379225,s4.086496,s293.747812
121_65,s7.490508,s2.736190,s264.087240
121_66,s7.763689,s3.672321,s236.307221
121_67,s7.174877,s4.989142,s229.712072
121_68,s5.615317,s1.680754,s187.061343
121_69,s4.498313,s0.814783,s177.971525
121_70,s2.140843,s3.830015,s67.051797
121_71,s2.352253,s2.971098,s72.559698
121_72,s6.220830,s0.873420,s236.666077
121_73,s7.335254,s1.989397,s243.139529
121_74,s3.572573,s0.524472,s250.522667
121_75,s5.213059,s0.410842,s116.397207
121_76,s2.204061,s2.214726,s52.676952
121_77,s7.401991,s1.185157,s278.048526
121_78,s3.205164,s0.870763,s108.435310
121_79,s1.632958,s6.083389,s165.688212
121_80,s7.678854,s0.497547,s112.239885
121_81,s2.986407,s1.498811,s83.608301
121_82,s1.617633,s3.528411,s26.622383
121_83,s1.485744,s2.384137,s144.959423
121_84,s1.116522,s3.695464,s97.496175
121_85,s1.929464,s4.844666,s56.019509
121_86,s1.296833,s4.454845,s79.590604
121_87,s1.465801,s2.857616,s61.703502
121_88,s3.184551,s0.330589,s109.171433
121_89,s4.366788,s6.839380,s10.683472
121_90,s6.449579,s7.000104,s295.502448
121_91,s2.336647,s1.259128,s170.658269
121_92,s3.794443,s7.068925,s333.848083
121_93,s4.767233,s7.163806,s260.097855
121_94,s6.932779,s6.410912,s351.908428
121_95,s0.920456,s5.345066,s57.119127
121_96,s2.891245,s6.920712,s54.170981
121_97,s1.911416,s7.528412,s27.052738
121_98,s0.804962,s1.449571,s63.939704
121_99,s6.063692,s7.541056,s263.790046
121_100,s0.716840,s4.163778,s140.338597
121_101,s0.441439,s6.451045,s320.823732
121_102,s0.643014,s7.524234,s45.384898
121_103,s4.358285,s7.785825,s357.517046
121_104,s1.001877,s2.655681,s99.696236
121_105,s3.393802,s7.190268,s25.287596
121_106,s0.564470,s3.043824,s44.876991
121_107,s0.715265,s4.940584,s127.483023
121_108,s0.927531,s0.840323,s62.850372
121_109,s4.899938,s7.867831,s296.513691
121_110,s1.038172,s5.870822,s18.937085
121_111,s0.851879,s2.028368,s60.000000
121_112,s1.929513,s0.831885,s123.787534
121_113,s1.891641,s6.414264,s326.414700
121_114,s3.408256,s8.096537,s287.694952
121_115,s2.733623,s7.885299,s332.665431
121_116,s5.998397,s8.198519,s290.733947
121_117,s7.465206,s5.684792,s237.074500
121_118,s7.765269,s4.892437,s280.000000
121_119,s1.659962,s6.909884,s20.000000
121_120,s7.905761,s6.003407,s260.000000
122_0,s3.299336,s2.973568,s155.083789
122_1,s4.162376,s3.079309,s206.180148
122_2,s3.431130,s4.072370,s146.259059
122_3,s3.041893,s2.103270,s124.051521
122_4,s3.747858,s2.150085,s148.795008
122_5,s3.935005,s2.580221,s103.076144
122_6,s3.841142,s3.920459,s333.894836
122_7,s4.076501,s3.588435,s245.830198
122_8,s4.776806,s1.963749,s224.211385
122_9,s5.479494,s2.470645,s174.780695
122_10,s4.236717,s2.260420,s187.114910
122_11,s3.829306,s3.140482,s68.254794
122_12,s4.719550,s3.006899,s316.598268
122_13,s2.658703,s2.796104,s173.024415
122_14,s4.384673,s4.111202,s306.122053
122_15,s5.466061,s3.531103,s287.151329
122_16,s4.801174,s2.598922,s222.360085
122_17,s5.216005,s2.979766,s276.592573
122_18,s4.343033,s4.592279,s341.541515
122_19,s2.888695,s3.927990,s64.270949
122_20,s3.597867,s4.371559,s37.588747
122_21,s4.783833,s3.655855,s346.480273
122_22,s1.903118,s1.755169,s146.524303
122_23,s3.786487,s4.896158,s296.109201
122_24,s3.388268,s5.181073,s32.026723
122_25,s4.945646,s4.834651,s15.414033
122_26,s2.517778,s4.929364,s323.762161
122_27,s5.276368,s4.668692,s264.327577
122_28,s6.024012,s2.604444,s168.853251
122_29,s5.264129,s4.125489,s246.083806
122_30,s1.965557,s5.411883,s347.055037
122_31,s6.790589,s2.256967,s207.286011
122_32,s5.678931,s5.236542,s83.689669
122_33,s5.833094,s4.212023,s312.851340
122_34,s5.114512,s5.701402,s289.256917
122_35,s5.982991,s4.941370,s282.302437
122_36,s6.266522,s4.012250,s218.658043
122_37,s3.887663,s5.349734,s345.289643
122_38,s4.431999,s5.544561,s318.427250
122_39,s6.739195,s4.751231,s170.984218
122_40,s6.231489,s1.968844,s249.437534
122_41,s6.114722,s3.148795,s219.726726
122_42,s5.961662,s5.483106,s331.841808
122_43,s4.528437,s6.146198,s38.217527
122_44,s2.721705,s5.666919,s47.065366
122_45,s6.742181,s3.303485,s251.127144
122_46,s6.597557,s5.816531,s17.603216
122_47,s5.261246,s6.136001,s338.974474
122_48,s2.586374,s6.371583,s246.250312
122_49,s7.445015,s7.594610,s291.148813
122_50,s4.726370,s1.447991,s131.186868
122_51,s6.997698,s3.752465,s5.151134
122_52,s7.794098,s6.506492,s42.738067
122_53,s6.957238,s2.821109,s215.283492
122_54,s2.539299,s3.548690,s112.539257
122_55,s6.082912,s6.275659,s41.862602
122_56,s3.409017,s5.772301,s311.367614
122_57,s3.659420,s6.408136,s31.504801
122_58,s2.331504,s4.568152,s117.790990
122_59,s6.639814,s1.376678,s93.697171
122_60,s6.829095,s5.305940,s332.400200
122_61,s3.950708,s0.901613,s69.345801
122_62,s4.748360,s6.540348,s295.314660
122_63,s5.191730,s1.144419,s234.424643
122_64,s7.365838,s4.087406,s293.747812
122_65,s7.490508,s2.736190,s264.087240
122_66,s7.704552,s3.683047,s236.307221
122_67,s7.174877,s4.989142,s229.712072
122_68,s5.615317,s1.680754,s187.061343
122_69,s4.498313,s0.814783,s177.971525
122_70,s2.140843,s3.830015,s67.051797
122_71,s2.352253,s2.971098,s72.559698
122_72,s6.220830,s0.873420,s236.666077
122_73,s7.335254,s1.989397,s243.139529
122_74,s3.572573,s0.524472,s250.522667
122_75,s5.213059,s0.410842,s116.397207
122_76,s2.204061,s2.214726,s52.676952
122_77,s7.335900,s1.252377,s278.048526
122_78,s3.205164,s0.870763,s108.435310
122_79,s1.641552,s6.077690,s165.688212
122_80,s7.612817,s0.572779,s112.239885
122_81,s2.986407,s1.498811,s83.608301
122_82,s1.617633,s3.528411,s26.622383
122_83,s1.485744,s2.384137,s144.959423
122_84,s1.116522,s3.695464,s97.496175
122_85,s1.929464,s4.844666,s56.019509
122_86,s1.296833,s4.454845,s79.590604
122_87,s1.465801,s2.857616,s61.703502
122_88,s3.184551,s0.330589,s109.171433
122_89,s4.366788,s6.839380,s10.683472
122_90,s6.449579,s7.000104,s295.502448
122_91,s2.336647,s1.259128,s170.658269
122_92,s3.794443,s7.068925,s333.848083
122_93,s4.767233,s7.163806,s260.097855
122_94,s6.932779,s6.410912,s351.908428
122_95,s0.920456,s5.345066,s57.119127
122_96,s2.891245,s6.920712,s54.170981
122_97,s1.942077,s7.487673,s27.052738
122_98,s0.804962,s1.449571,s63.939704
122_99,s6.063692,s7.541056,s263.790046
122_100,s0.716840,s4.163778,s140.338597
122_101,s0.483689,s6.427693,s320.823732
122_102,s0.705228,s7.469985,s45.384898
122_103,s4.358285,s7.785825,s357.517046
122_104,s1.001877,s2.655681,s99.696236
122_105,s3.393802,s7.190268,s25.287596
122_106,s0.564470,s3.043824,s44.876991
122_107,s0.715265,s4.940584,s127.483023
122_108,s0.927531,s0.840323,s62.850372
122_109,s4.899938,s7.867831,s296.513691
122_110,s1.081563,s5.850123,s18.937085
122_111,s0.851879,s2.028368,s60.000000
122_112,s1.942240,s0.850105,s123.787534
122_113,s1.944544,s6.368546,s326.414700
122_114,s3.444035,s7.951547,s287.694952
122_115,s2.749238,s7.850575,s332.665431
122_116,s5.998397,s8.198519,s290.733947
122_117,s7.393665,s5.652851,s237.074500
122_118,s7.765269,s4.892437,s280.000000
122_119,s1.683190,s6.887257,s20.000000
122_120,s7.879050,s5.990566,s260.000000
122_121,s7.897399,s2.260325,s200.000000
123_0,s3.299336,s2.973568,s155.083789
123_1,s4.162376,s3.079309,s206.180148
123_2,s3.431130,s4.072370,s146.259059
123_3,s3.047013,s2.113035,s124.051521
123_4,s3.751447,s2.164899,s148.795008
123_5,s3.935005,s2.580221,s103.076144
123_6,s3.841142,s3.920459,s333.894836
123_7,s4.076501,s3.588435,s245.830198
123_8,s4.776806,s1.963749,s224.211385
123_9,s5.479494,s2.470645,s174.780695
123_10,s4.236717,s2.260420,s187.114910
123_11,s3.829306,s3.140482,s68.254794
123_12,s4.719550,s3.006899,s316.598268
123_13,s2.667648,s2.805562,s173.024415
123_14,s4.384673,s4.111202,s306.122053
123_15,s5.466061,s3.531103,s287.151329
123_16,s4.801174,s2.598922,s222.360085
123_17,s5.216005,s2.979766,s276.592573
123_18,s4.343033,s4.592279,s341.541515
123_19,s2.888695,s3.927990,s64.270949
123_20,s3.597867,s4.371559,s37.588747
123_21,s4.783833,s3.655855,s346.480273
123_22,s1.903118,s1.755169,s146.524303
123_23,s3.786487,s4.896158,s296.109201
123_24,s3.388268,s5.181073,s32.026723
123_25,s4.945646,s4.834651,s15.414033
123_26,s2.517778,s4.929364,s323.762161
123_27,s5.276368,s4.668692,s264.327577
123_28,s6.024012,s2.604444,s168.853251
123_29,s5.264129,s4.125489,s246.083806
123_30,s1.965557,s5.411883,s347.055037
123_31,s6.790589,s2.256967,s207.286011
123_32,s5.678931,s5.236542,s83.689669
123_33,s5.833094,s4.212023,s312.851340
123_34,s5.114512,s5.701402,s289.256917
123_35,s5.982991,s4.941370,s282.302437
123_36,s6.266522,s4.012250,s218.658043
123_37,s3.887663,s5.349734,s345.289643
123_38,s4.431999,s5.544561,s318.427250
123_39,s6.739195,s4.751231,s170.984218
123_40,s6.231489,s1.968844,s249.437534
123_41,s6.114722,s3.148795,s219.182966
123_42,s5.961662,s5.483106,s331.841808
123_43,s4.528437,s6.146198,s38.217527
123_44,s2.721705,s5.666919,s47.065366
123_45,s6.742181,s3.303485,s251.127144
123_46,s6.597557,s5.816531,s17.603216
123_47,s5.261246,s6.136001,s338.974474
123_48,s2.595199,s6.362424,s246.250312
123_49,s7.850736,s7.843790,s302.318686
123_50,s4.726370,s1.447991,s131.186868
123_51,s6.997698,s3.752465,s5.151134
123_52,s7.749045,s6.481280,s42.738067
123_53,s6.957238,s2.821109,s215.283492
123_54,s2.539299,s3.548690,s112.539257
123_55,s6.082912,s6.275659,s41.862602
123_56,s3.409017,s5.772301,s311.367614
123_57,s3.659420,s6.408136,s31.504801
123_58,s2.417770,s4.568096,s117.790990
123_59,s6.648378,s1.331320,s80.149118
123_60,s6.829095,s5.305940,s332.400200
123_61,s3.950708,s0.901613,s69.345801
123_62,s4.748360,s6.540348,s295.314660
123_63,s5.191730,s1.144419,s234.424643
123_64,s7.365838,s4.087406,s293.747812
123_65,s7.480655,s2.741904,s264.087240
123_66,s7.704552,s3.683047,s236.307221
123_67,s7.174877,s4.989142,s229.712072
123_68,s5.615317,s1.680754,s187.061343
123_69,s4.498313,s0.814783,s177.971525
123_70,s2.140843,s3.830015,s67.051797
123_71,s2.352253,s2.971098,s72.559698
123_72,s6.145693,s1.019077,s195.925165
123_73,s7.335254,s1.989397,s243.139529
123_74,s3.572573,s0.524472,s250.522667
123_75,s5.213059,s0.410842,s116.397207
123_76,s2.204061,s2.214726,s52.676952
123_77,s7.305193,s1.286276,s278.048526
123_78,s3.205164,s0.870763,s108.435310
123_79,s1.641552,s6.077690,s165.688212
123_80,s7.550204,s0.649038,s112.239885
123_81,s2.986407,s1.498811,s83.608301
123_82,s1.617633,s3.528411,s26.622383
123_83,s1.485744,s2.384137,s144.959423
123_84,s1.116522,s3.695464,s97.496175
123_85,s2.005568,s4.835764,s56.019509
123_86,s1.296833,s4.454845,s79.590604
123_87,s1.465801,s2.857616,s61.703502
123_88,s3.184551,s0.330589,s109.171433
123_89,s4.366788,s6.839380,s10.683472
123_90,s6.430493,s6.978453,s295.502448
123_91,s2.336647,s1.259128,s170.658269
123_92,s3.794443,s7.068925,s333.848083
123_93,s4.767233,s7.163806,s260.097855
123_94,s6.932779,s6.410912,s351.908428
123_95,s0.920456,s5.345066,s57.119127
123_96,s2.897675,s6.910004,s54.170981
123_97,s1.942077,s7.487673,s27.052738
123_98,s0.804962,s1.449571,s63.939704
123_99,s6.003140,s7.437780,s287.356210
123_100,s0.716840,s4.163778,s140.338597
123_101,s0.483689,s6.427693,s320.823732
123_102,s0.816350,s7.380941,s42.240728
123_103,s4.358285,s7.785825,s357.517046
123_104,s1.001877,s2.655681,s99.696236
123_105,s3.393802,s7.190268,s25.287596
123_106,s0.564470,s3.043824,s44.876991
123_107,s0.715265,s4.940584,s127.483023
123_108,s0.969346,s0.634610,s60.710540
123_109,s4.897431,s7.853220,s296.513691
123_110,s1.081563,s5.850123,s18.937085
123_111,s0.851879,s2.028368,s60.000000
123_112,s1.942240,s0.850105,s123.787534
123_113,s1.944544,s6.368546,s326.414700
123_114,s3.459312,s7.892776,s287.694952
123_115,s2.749238,s7.850575,s332.665431
123_116,s5.947068,s8.087183,s337.948278
123_117,s7.393665,s5.652851,s237.074500
123_118,s7.749022,s4.890895,s290.079996
123_119,s1.700115,s6.872438,s20.000000
123_120,s7.821339,s5.967431,s260.000000
123_121,s7.897399,s2.260325,s200.000000
123_122,s4.942533,s8.327736,s352.595479
124_0,s3.299336,s2.973568,s155.083789
124_1,s4.162376,s3.079309,s206.180148
124_2,s3.431130,s4.072370,s146.259059
124_3,s3.047013,s2.113035,s124.051521
124_4,s3.751447,s2.164899,s148.795008
124_5,s3.935005,s2.580221,s103.076144
124_6,s3.841142,s3.920459,s333.894836
124_7,s4.076501,s3.588435,s245.830198
124_8,s4.776806,s1.963749,s224.211385
124_9,s5.479494,s2.470645,s174.780695
124_10,s4.236717,s2.260420,s187.114910
124_11,s3.829306,s3.140482,s68.254794
124_12,s4.719550,s3.006899,s316.598268
124_13,s2.667648,s2.805562,s173.024415
124_14,s4.384673,s4.111202,s306.122053
124_15,s5.466061,s3.531103,s287.151329
124_16,s4.801174,s2.598922,s222.360085
124_17,s5.216005,s2.979766,s276.592573
124_18,s4.343033,s4.592279,s341.541515
124_19,s2.888695,s3.927990,s64.270949
124_20,s3.597867,s4.371559,s37.588747
124_21,s4.783833,s3.655855,s346.480273
124_22,s1.903118,s1.755169,s146.524303
124_23,s3.786487,s4.896158,s296.109201
124_24,s3.388268,s5.181073,s32.026723
124_25,s4.945646,s4.834651,s15.414033
124_26,s2.532998,s4.926222,s323.762161
124_27,s5.276368,s4.668692,s264.327577
124_28,s6.024012,s2.604444,s168.853251
124_29,s5.264129,s4.125489,s246.083806
124_30,s1.965557,s5.411883,s347.055037
124_31,s6.790589,s2.256967,s207.286011
124_32,s5.678931,s5.236542,s83.689669
124_33,s5.833094,s4.212023,s312.851340
124_34,s5.114512,s5.701402,s289.256917
124_35,s5.982991,s4.941370,s282.302437
124_36,s6.266522,s4.012250,s218.658043
124_37,s3.887663,s5.349734,s345.289643
124_38,s4.431999,s5.544561,s318.427250
124_39,s6.739195,s4.751231,s170.984218
124_40,s6.231489,s1.968844,s249.437534
124_41,s6.114722,s3.148795,s219.182966
124_42,s5.961662,s5.483106,s331.841808
124_43,s4.528437,s6.146198,s38.217527
124_44,s2.733685,s5.658546,s47.065366
124_45,s6.742181,s3.303485,s251.127144
124_46,s6.597557,s5.816531,s17.603216
124_47,s5.261246,s6.136001,s338.974474
124_48,s2.595199,s6.362424,s246.250312
124_49,s7.762693,s7.762274,s302.318686
124_50,s4.726370,s1.447991,s131.186868
124_51,s6.997698,s3.752465,s5.151134
124_52,s7.648019,s6.424945,s42.738067
124_53,s6.957238,s2.821109,s215.283492
124_54,s2.539299,s3.548690,s112.539257
124_55,s6.082912,s6.275659,s41.862602
124_56,s3.409017,s5.772301,s311.367614
124_57,s3.659420,s6.408136,s31.504801
124_58,s2.474580,s4.567868,s117.790990
124_59,s6.648378,s1.331320,s80.149118
124_60,s6.829095,s5.305940,s332.400200
124_61,s3.950708,s0.901613,s69.345801
124_62,s4.748360,s6.540348,s295.314660
124_63,s5.191730,s1.144419,s234.424643
124_64,s7.365838,s4.087406,s293.747812
124_65,s7.480655,s2.741904,s264.087240
124_66,s7.704552,s3.683047,s236.307221
124_67,s7.174877,s4.989142,s229.712072
124_68,s5.615317,s1.680754,s187.061343
124_69,s4.498313,s0.814783,s177.971525
124_70,s2.140843,s3.830015,s67.051797
124_71,s2.352253,s2.971098,s72.559698
124_72,s6.128865,s1.051447,s195.925165
124_73,s7.335254,s1.989397,s243.139529
124_74,s3.572573,s0.524472,s250.522667
124_75,s5.210565,s0.422236,s116.397207
124_76,s2.204061,s2.214726,s52.676952
124_77,s7.277875,s1.316085,s278.048526
124_78,s3.205164,s0.870763,s108.435310
124_79,s1.641552,s6.077690,s165.688212
124_80,s7.536280,s0.665819,s112.239885
124_81,s2.986407,s1.498811,s83.608301
124_82,s1.617633,s3.528411,s26.622383
124_83,s1.485744,s2.384137,s144.959423
124_84,s1.116522,s3.695464,s97.496175
124_85,s2.031999,s4.832600,s56.019509
124_86,s1.296833,s4.454845,s79.590604
124_87,s1.465801,s2.857616,s61.703502
124_88,s3.184551,s0.330589,s109.171433
124_89,s4.366788,s6.839380,s10.683472
124_90,s6.423371,s6.970353,s295.502448
124_91,s2.336647,s1.259128,s170.658269
124_92,s3.794443,s7.068925,s333.848083
124_93,s4.767233,s7.163806,s260.097855
124_94,s6.932779,s6.410912,s351.908428
124_95,s0.920456,s5.345066,s57.119127
124_96,s2.897675,s6.910004,s54.170981
124_97,s1.942077,s7.487673,s27.052738
124_98,s0.804962,s1.449571,s63.939704
124_99,s5.985991,s7.408731,s287.356210
124_100,s0.716840,s4.163778,s140.338597
124_101,s0.483689,s6.427693,s320.823732
124_102,s0.837403,s7.363919,s42.240728
124_103,s4.358285,s7.785825,s357.517046
124_104,s1.001877,s2.655681,s99.696236
124_105,s3.393802,s7.190268,s25.287596
124_106,s0.564470,s3.043824,s44.876991
124_107,s0.715265,s4.940584,s127.483023
124_108,s1.072472,s0.756000,s60.710540
124_109,s4.897431,s7.853220,s296.513691
124_110,s1.081563,s5.850123,s18.937085
124_111,s0.851879,s2.028368,s60.000000
124_112,s1.942240,s0.850105,s123.787534
124_113,s1.953478,s6.361702,s326.414700
124_114,s3.459312,s7.892776,s287.694952
124_115,s2.749238,s7.850575,s332.665431
124_116,s5.874658,s7.931708,s337.948278
124_117,s7.393665,s5.652851,s237.074500
124_118,s7.749022,s4.890895,s290.079996
124_119,s1.700115,s6.872438,s20.000000
124_120,s7.821339,s5.967431,s260.000000
124_121,s7.897399,s2.260325,s200.000000
124_122,s4.942533,s8.327736,s352.595479
124_123,s8.226424,s4.209609,s200.000000
125_0,s3.352666,s2.973568,s155.083789
125_1,s4.215706,s3.079309,s206.180148
125_2,s3.484460,s4.072370,s146.259059
125_3,s3.100343,s2.113035,s124.051521
125_4,s3.804777,s2.164899,s148.795008
125_5,s3.988335,s2.580221,s103.076144
125_6,s3.894473,s3.920459,s333.894836
125_7,s4.129831,s3.588435,s245.830198
125_8,s4.830136,s1.963749,s224.211385
125_9,s5.532824,s2.470645,s174.780695
125_10,s4.290047,s2.260420,s187.114910
125_11,s3.882636,s3.140482,s68.254794
125_12,s4.772880,s3.006899,s316.598268
125_13,s2.720978,s2.805562,s172.763098
125_14,s4.438003,s4.111202,s306.122053
125_15,s5.519391,s3.531103,s287.151329
125_16,s4.854504,s2.598922,s222.360085
125_17,s5.269335,s2.979766,s276.592573
125_18,s4.396363,s4.592279,s341.541515
125_19,s2.942025,s3.927990,s64.270949
125_20,s3.651197,s4.371559,s37.588747
125_21,s4.837163,s3.655855,s346.480273
125_22,s1.956448,s1.755169,s146.524303
125_23,s3.839817,s4.896158,s296.109201
125_24,s3.441598,s5.181073,s32.026723
125_25,s4.998976,s4.834651,s15.414033
125_26,s2.586328,s4.926222,s319.825773
125_27,s5.329698,s4.668692,s264.327577
125_28,s6.077342,s2.604444,s168.853251
125_29,s5.317459,s4.125489,s246.083806
125_30,s2.018888,s5.411883,s347.055037
125_31,s6.843919,s2.256967,s207.286011
125_32,s5.732261,s5.236542,s83.689669
125_33,s5.886424,s4.212023,s312.851340
125_34,s5.167842,s5.701402,s289.256917
125_35,s6.036321,s4.941370,s282.302437
125_36,s6.319852,s4.012250,s218.658043
125_37,s3.940993,s5.349734,s345.289643
125_38,s4.485329,s5.544561,s318.427250
125_39,s6.792525,s4.751231,s170.984218
125_40,s6.284819,s1.968844,s249.437534
125_41,s6.168053,s3.148795,s219.182966
125_42,s6.014992,s5.483106,s331.841808
125_43,s4.581767,s6.146198,s38.217527
125_44,s2.787015,s5.658546,s47.065366
125_45,s6.795511,s3.303485,s251.127144
125_46,s6.650887,s5.816531,s21.116615
125_47,s5.314577,s6.136001,s338.974474
125_48,s2.648529,s6.362424,s246.250312
125_49,s7.707715,s8.249337,s292.778726
125_50,s4.779700,s1.447991,s131.186868
125_51,s7.051028,s3.752465,s5.151134
125_52,s7.701349,s6.424945,s42.738067
125_53,s7.010568,s2.821109,s215.283492
125_54,s2.592629,s3.548690,s112.539257
125_55,s6.137471,s6.523485,s33.865921
125_56,s3.468592,s5.763852,s311.367614
125_57,s3.712750,s6.408136,s31.504801
125_58,s2.527910,s4.567868,s117.790990
125_59,s6.701708,s1.331320,s80.149118
125_60,s6.882425,s5.305940,s332.400200
125_61,s4.004038,s0.901613,s69.345801
125_62,s4.801690,s6.540348,s295.314660
125_63,s5.245061,s1.144419,s223.631840
125_64,s7.419169,s4.087406,s293.747812
125_65,s7.533985,s2.741904,s264.087240
125_66,s8.324580,s4.704286,s236.307221
125_67,s7.228207,s4.989142,s229.712072
125_68,s5.668647,s1.680754,s186.459209
125_69,s4.551643,s0.814783,s177.971525
125_70,s2.194173,s3.830015,s67.051797
125_71,s2.405583,s2.971098,s72.559698
125_72,s6.167869,s1.079004,s178.099093
125_73,s7.388585,s1.989397,s243.139529
125_74,s3.625903,s0.524472,s250.522667
125_75,s5.263895,s0.422236,s116.397207
125_76,s2.257391,s2.214726,s34.692047
125_77,s7.313783,s1.335096,s263.943459
125_78,s3.262137,s0.882989,s108.435310
125_79,s1.694883,s6.077690,s165.688212
125_80,s7.444969,s0.670722,s90.651056
125_81,s3.039737,s1.498811,s83.608301
125_82,s1.670964,s3.528411,s26.622383
125_83,s1.607093,s2.279358,s144.959423
125_84,s1.169852,s3.695464,s97.496175
125_85,s2.118429,s4.828637,s56.019509
125_86,s1.350163,s4.454845,s79.590604
125_87,s1.519131,s2.857616,s61.703502
125_88,s3.237881,s0.330589,s109.171433
125_89,s4.420118,s6.839380,s10.683472
125_90,s6.465386,s6.957484,s295.502448
125_91,s2.389977,s1.259128,s170.658269
125_92,s3.847773,s7.068925,s333.848083
125_93,s4.820563,s7.163806,s272.003200
125_94,s6.986110,s6.410912,s351.908428
125_95,s0.973786,s5.345066,s57.149068
125_96,s2.951005,s6.910004,s54.170981
125_97,s1.805170,s8.345012,s319.022513
125_98,s0.858292,s1.449571,s61.408391
125_99,s6.039321,s7.408731,s287.356210
125_100,s0.770170,s4.163778,s140.338597
125_101,s0.537019,s6.427693,s320.823732
125_102,s0.963495,s7.305087,s76.162694
125_103,s4.411615,s7.785825,s357.517046
125_104,s1.055208,s2.655681,s100.267082
125_105,s3.447132,s7.190268,s25.287596
125_106,s0.617800,s3.043824,s50.556341
125_107,s0.768595,s4.940584,s127.483023
125_108,s0.938895,s0.684867,s59.162813
125_109,s4.950761,s7.853220,s296.513691
125_110,s1.134893,s5.850123,s18.937085
125_111,s0.905209,s2.028368,s64.375611
125_112,s1.922733,s0.748875,s149.181582
125_113,s2.006808,s6.361702,s326.414700
125_114,s3.512642,s7.892776,s318.674649
125_115,s3.184669,s8.400132,s311.100576
125_116,s5.882282,s7.833570,s337.948278
125_117,s7.536846,s5.714230,s241.284563
125_118,s7.802352,s4.890895,s290.079996
125_119,s1.753445,s6.872438,s30.810782
125_120,s7.866154,s6.117262,s260.000000
125_121,s8.609343,s1.305947,s200.000000
125_122,s4.995863,s8.327736,s340.557634
125_123,s8.258193,s4.211538,s200.000000
125_124,s6.562956,s7.897871,s352.261797
126_0,s3.339586,s2.973568,s155.083789
126_1,s4.202626,s3.079309,s206.180148
126_2,s3.471380,s4.072370,s146.259059
126_3,s3.087263,s2.113035,s124.051521
126_4,s3.791697,s2.164899,s148.795008
126_5,s3.975254,s2.580221,s103.076144
126_6,s3.881392,s3.920459,s333.894836
126_7,s4.116751,s3.588435,s245.830198
126_8,s4.817056,s1.963749,s224.211385
126_9,s5.519744,s2.470645,s174.780695
126_10,s4.276967,s2.260420,s187.114910
126_11,s3.869556,s3.140482,s68.254794
126_12,s4.759800,s3.006899,s316.598268
126_13,s2.707898,s2.805562,s172.763098
126_14,s4.424923,s4.111202,s306.122053
126_15,s5.506311,s3.531103,s287.151329
126_16,s4.841424,s2.598922,s222.360085
126_17,s5.256254,s2.979766,s276.592573
126_18,s4.383283,s4.592279,s341.541515
126_19,s2.928944,s3.927990,s64.270949
126_20,s3.638116,s4.371559,s37.588747
126_21,s4.824083,s3.655855,s346.480273
126_22,s1.989246,s1.805409,s146.524303
126_23,s3.826736,s4.896158,s296.109201
126_24,s3.428517,s5.181073,s32.026723
126_25,s4.985896,s4.834651,s15.414033
126_26,s2.596210,s4.921503,s319.825773
126_27,s5.316618,s4.668692,s264.327577
126_28,s6.064261,s2.604444,s168.853251
126_29,s5.304378,s4.125489,s246.083806
126_30,s2.005807,s5.411883,s347.055037
126_31,s6.821682,s2.265896,s207.286011
126_32,s5.719181,s5.236542,s83.689669
126_33,s5.873344,s4.212023,s312.851340
126_34,s5.154761,s5.701402,s289.256917
126_35,s6.023241,s4.941370,s282.302437
126_36,s6.306772,s4.012250,s218.658043
126_37,s3.927913,s5.349734,s345.289643
126_38,s4.472249,s5.544561,s318.427250
126_39,s6.779445,s4.751231,s170.984218
126_40,s6.271739,s1.968844,s249.437534
126_41,s6.154972,s3.148795,s219.182966
126_42,s6.001912,s5.483106,s331.841808
126_43,s4.568687,s6.146198,s38.217527
126_44,s2.773934,s5.658546,s47.065366
126_45,s6.782431,s3.303485,s251.127144
126_46,s6.637806,s5.816531,s21.116615
126_47,s5.301496,s6.136001,s338.974474
126_48,s2.643944,s6.354015,s246.250312
126_49,s7.679479,s8.231807,s292.778726
126_50,s4.766619,s1.447991,s131.186868
126_51,s7.037948,s3.752465,s5.151134
126_52,s7.688269,s6.424945,s42.738067
126_53,s6.997488,s2.821109,s215.283492
126_54,s2.579548,s3.548690,s112.539257
126_55,s6.041469,s6.423252,s33.865921
126_56,s3.455512,s5.763852,s311.367614
126_57,s3.699669,s6.408136,s31.504801
126_58,s2.514830,s4.567868,s117.790990
126_59,s6.688628,s1.331320,s80.149118
126_60,s6.869345,s5.305940,s332.400200
126_61,s3.990958,s0.901613,s69.345801
126_62,s4.788610,s6.540348,s295.314660
126_63,s5.221681,s1.191103,s223.631840
126_64,s7.406088,s4.087406,s293.747812
126_65,s7.520905,s2.741904,s264.087240
126_66,s8.299589,s4.703777,s236.307221
126_67,s7.215127,s4.989142,s229.712072
126_68,s5.655567,s1.680754,s186.459209
126_69,s4.538563,s0.814783,s177.971525
126_70,s2.181093,s3.830015,s67.051797
126_71,s2.392503,s2.971098,s72.559698
126_72,s6.154788,s1.079004,s178.099093
126_73,s7.375504,s1.989397,s243.139529
126_74,s3.612823,s0.524472,s250.522667
126_75,s5.250815,s0.422236,s116.397207
126_76,s2.244311,s2.214726,s34.692047
126_77,s7.291697,s1.345342,s263.943459
126_78,s3.249056,s0.882989,s108.435310
126_79,s1.681802,s6.077690,s165.688212
126_80,s7.377632,s0.741923,s90.651056
126_81,s3.026657,s1.498811,s83.608301
126_82,s1.657883,s3.528411,s26.622383
126_83,s1.689097,s2.353807,s144.959423
126_84,s1.156772,s3.695464,s97.496175
126_85,s2.105349,s4.828637,s56.019509
126_86,s1.337083,s4.454845,s79.590604
126_87,s1.506051,s2.857616,s61.703502
126_88,s3.224800,s0.330589,s109.171433
126_89,s4.407038,s6.839380,s10.683472
126_90,s6.452306,s6.957484,s295.502448
126_91,s2.376897,s1.259128,s170.658269
126_92,s3.834693,s7.068925,s333.848083
126_93,s4.805691,s7.149345,s272.003200
126_94,s6.973029,s6.410912,s351.908428
126_95,s0.960706,s5.345066,s57.149068
126_96,s2.937925,s6.910004,s54.170981
126_97,s1.842995,s8.273034,s319.022513
126_98,s0.845212,s1.449571,s61.408391
126_99,s6.026241,s7.408731,s287.356210
126_100,s0.757089,s4.163778,s140.338597
126_101,s0.523939,s6.427693,s320.823732
126_102,s0.950415,s7.305087,s76.162694
126_103,s4.398535,s7.785825,s357.517046
126_104,s1.042127,s2.655681,s100.267082
126_105,s3.434052,s7.190268,s25.287596
126_106,s0.617800,s3.048875,s50.556341
126_107,s0.755515,s4.940584,s127.483023
126_108,s1.013520,s0.779901,s59.162813
126_109,s4.936193,s7.842396,s296.513691
126_110,s1.121813,s5.850123,s18.937085
126_111,s0.892128,s2.028368,s64.375611
126_112,s1.916654,s0.759170,s149.181582
126_113,s1.993728,s6.361702,s326.414700
126_114,s3.521209,s7.818970,s318.674649
126_115,s3.190223,s8.345282,s311.100576
126_116,s5.857436,s7.805510,s337.948278
126_117,s7.440235,s5.681937,s241.284563
126_118,s7.789272,s4.890895,s290.079996
126_119,s1.764702,s6.851683,s30.810782
126_120,s7.853074,s6.117262,s260.000000
126_121,s8.579079,s1.319471,s200.000000
126_122,s4.980861,s8.313189,s340.557634
126_123,s8.245113,s4.211538,s200.000000
126_124,s6.535654,s7.874778,s352.261797
126_125,s2.790282,s7.461444,s0.000000
127_0,s3.391721,s2.973568,s155.083789
127_1,s4.254761,s3.079309,s206.180148
127_2,s3.523515,s4.072370,s146.259059
127_3,s3.139398,s2.113035,s124.051521
127_4,s3.843832,s2.164899,s148.795008
127_5,s4.027389,s2.580221,s103.076144
127_6,s3.933527,s3.920459,s333.894836
127_7,s4.168886,s3.588435,s245.830198
127_8,s4.869191,s1.963749,s224.211385
127_9,s5.571879,s2.470645,s174.780695
127_10,s4.329102,s2.260420,s187.114910
127_11,s3.921691,s3.140482,s68.254794
127_12,s4.811935,s3.006899,s316.598268
127_13,s2.760033,s2.805562,s172.763098
127_14,s4.478956,s4.121449,s306.122053
127_15,s5.558446,s3.531103,s287.151329
127_16,s4.893559,s2.598922,s222.360085
127_17,s5.308389,s2.979766,s276.592573
127_18,s4.435418,s4.592279,s341.541515
127_19,s2.981079,s3.927990,s64.270949
127_20,s3.690251,s4.371559,s37.588747
127_21,s4.876218,s3.655855,s348.079736
127_22,s2.135395,s1.908096,s146.524303
127_23,s3.878871,s4.896158,s296.109201
127_24,s3.480652,s5.181073,s32.026723
127_25,s5.038031,s4.834651,s15.414033
127_26,s2.648345,s4.921503,s319.825773
127_27,s5.368753,s4.668692,s264.327577
127_28,s6.116396,s2.604444,s168.853251
127_29,s5.356513,s4.125489,s246.083806
127_30,s2.057942,s5.411883,s347.055037
127_31,s6.873817,s2.265896,s207.286011
127_32,s5.771316,s5.236542,s83.689669
127_33,s5.925479,s4.212023,s312.851340
127_34,s5.206896,s5.701402,s289.256917
127_35,s6.075376,s4.941370,s282.302437
127_36,s6.358907,s4.012250,s218.658043
127_37,s3.980048,s5.349734,s345.289643
127_38,s4.524384,s5.544561,s318.427250
127_39,s6.831580,s4.751231,s170.984218
127_40,s6.323874,s1.968844,s249.437534
127_41,s6.207107,s3.148795,s219.182966
127_42,s6.054047,s5.483106,s331.841808
127_43,s4.620822,s6.146198,s38.217527
127_44,s2.826069,s5.658546,s47.065366
127_45,s6.834566,s3.303485,s251.127144
127_46,s6.689941,s5.816531,s21.116615
127_47,s5.353631,s6.136001,s338.974474
127_48,s2.696079,s6.354015,s246.250312
127_49,s8.070810,s8.165329,s257.989879
127_50,s4.818754,s1.447991,s131.186868
127_51,s7.090083,s3.752465,s5.151134
127_52,s7.970023,s7.141652,s55.511269
127_53,s7.049623,s2.821109,s215.283492
127_54,s2.631683,s3.548690,s112.539257
127_55,s6.093604,s6.423252,s25.160732
127_56,s3.507647,s5.763852,s311.367614
127_57,s3.751804,s6.408136,s31.504801
127_58,s2.579386,s4.567656,s117.790990
127_59,s6.740763,s1.331320,s80.149118
127_60,s6.921480,s5.305940,s332.400200
127_61,s4.043093,s0.901613,s69.345801
127_62,s4.840745,s6.540348,s295.314660
127_63,s5.273816,s1.191103,s223.631840
127_64,s7.458223,s4.087406,s293.747812
127_65,s7.573040,s2.741904,s256.844202
127_66,s8.351724,s4.703777,s236.307221
127_67,s7.257012,s4.987421,s229.712072
127_68,s5.707702,s1.680754,s186.459209
127_69,s4.590698,s0.814783,s177.971525
127_70,s2.233228,s3.830015,s67.051797
127_71,s2.444638,s2.971098,s72.559698
127_72,s6.206923,s1.079004,s178.099093
127_73,s7.427639,s1.989397,s243.139529
127_74,s3.664958,s0.524472,s250.522667
127_75,s5.302950,s0.422236,s116.397207
127_76,s2.305290,s2.223806,s34.692047
127_77,s7.343832,s1.345342,s253.744183
127_78,s3.301191,s0.882989,s108.435310
127_79,s1.746523,s6.070803,s165.688212
127_80,s7.429767,s0.741923,s90.651056
127_81,s3.078792,s1.498811,s83.608301
127_82,s1.710018,s3.528411,s26.622383
127_83,s1.741232,s2.353807,s140.221341
127_84,s1.208907,s3.695464,s97.496175
127_85,s2.157484,s4.828637,s56.019509
127_86,s1.389218,s4.454845,s79.590604
127_87,s1.558186,s2.857616,s61.703502
127_88,s3.276935,s0.330589,s109.171433
127_89,s4.459173,s6.839380,s10.683472
127_90,s6.504441,s6.957484,s295.502448
127_91,s2.429032,s1.259128,s170.658269
127_92,s3.886828,s7.068925,s333.848083
127_93,s4.857826,s7.149345,s272.003200
127_94,s7.025164,s6.410912,s351.908428
127_95,s1.012841,s5.345066,s57.683170
127_96,s2.990060,s6.910004,s54.170981
127_97,s1.946996,s8.199824,s319.022513
127_98,s0.746101,s1.278065,s68.847877
127_99,s6.070287,s7.393666,s287.356210
127_100,s0.809224,s4.163778,s140.338597
127_101,s0.576074,s6.427693,s320.823732
127_102,s1.002550,s7.305087,s76.162694
127_103,s4.450670,s7.785825,s350.195454
127_104,s1.094262,s2.655681,s100.267082
127_105,s3.486187,s7.190268,s25.287596
127_106,s0.711088,s3.064687,s50.556341
127_107,s0.807650,s4.940584,s127.483023
127_108,s0.878485,s0.375570,s36.590901
127_109,s4.988328,s7.842396,s296.513691
127_110,s1.173948,s5.850123,s18.937085
127_111,s0.944263,s2.028368,s64.375611
127_112,s1.968789,s0.759170,s149.181582
127_113,s2.045863,s6.361702,s327.947400
127_114,s3.595100,s7.746183,s327.446472
127_115,s3.251842,s8.317749,s313.159382
127_116,s5.893464,s7.767179,s337.948278
127_117,s7.492370,s5.681937,s241.284563
127_118,s7.830752,s4.889737,s290.079996
127_119,s1.846673,s6.826304,s30.810782
127_120,s7.895959,s6.112889,s260.000000
127_121,s8.610022,s1.336099,s200.000000
127_122,s5.032996,s8.313189,s340.386986
127_123,s8.499340,s3.796437,s200.000000
127_124,s6.587789,s7.874778,s352.261797
127_125,s2.854174,s7.441350,s0.000000
127_126,s7.837207,s3.283412,s0.000000
128_0,s3.298433,s2.973568,s155.083789
128_1,s4.161473,s3.079309,s206.180148
128_2,s3.430226,s4.072370,s146.259059
128_3,s3.046109,s2.113035,s124.051521
128_4,s3.750544,s2.164899,s148.795008
128_5,s3.934101,s2.580221,s103.076144
128_6,s3.840239,s3.920459,s333.894836
128_7,s4.075598,s3.588435,s245.830198
128_8,s4.775902,s1.963749,s224.211385
128_9,s5.478591,s2.470645,s174.780695
128_10,s4.235813,s2.260420,s187.114910
128_11,s3.828402,s3.140482,s68.254794
128_12,s4.718646,s3.006899,s316.598268
128_13,s2.666745,s2.805562,s172.763098
128_14,s4.385667,s4.121449,s306.122053
128_15,s5.465158,s3.531103,s287.151329
128_16,s4.800271,s2.598922,s222.360085
128_17,s5.215101,s2.979766,s276.592573
128_18,s4.342129,s4.592279,s341.541515
128_19,s2.887791,s3.927990,s64.270949
128_20,s3.596963,s4.371559,s37.588747
128_21,s4.782930,s3.655855,s348.079736
128_22,s2.059819,s1.927578,s146.524303
128_23,s3.785583,s4.896158,s296.109201
128_24,s3.387364,s5.181073,s32.026723
128_25,s4.944743,s4.834651,s15.414033
128_26,s2.555057,s4.921503,s319.825773
128_27,s5.275464,s4.668692,s264.327577
128_28,s6.023108,s2.604444,s168.853251
128_29,s5.263225,s4.125489,s246.083806
128_30,s1.964654,s5.411883,s347.055037
128_31,s6.780529,s2.265896,s207.286011
128_32,s5.678028,s5.236542,s83.689669
128_33,s5.832190,s4.212023,s312.851340
128_34,s5.113608,s5.701402,s289.256917
128_35,s5.982087,s4.941370,s282.302437
128_36,s6.265619,s4.012250,s218.658043
128_37,s3.886760,s5.349734,s345.289643
128_38,s4.431096,s5.544561,s318.427250
128_39,s6.738292,s4.751231,s170.984218
128_40,s6.230586,s1.968844,s249.437534
128_41,s6.113819,s3.148795,s219.182966
128_42,s5.960758,s5.483106,s331.841808
128_43,s4.527534,s6.146198,s38.217527
128_44,s2.750541,s5.646765,s47.065366
128_45,s6.741277,s3.303485,s251.127144
128_46,s6.596653,s5.816531,s21.116615
128_47,s5.260343,s6.136001,s338.974474
128_48,s2.602791,s6.354015,s246.250312
128_49,s7.953372,s8.140612,s257.989879
128_50,s4.725466,s1.447991,s131.186868
128_51,s6.996795,s3.752465,s5.151134
128_52,s7.779402,s7.067964,s55.511269
128_53,s6.956335,s2.821109,s215.283492
128_54,s2.538395,s3.548690,s112.539257
128_55,s5.957943,s6.371988,s25.160732
128_56,s3.414358,s5.763852,s311.367614
128_57,s3.658516,s6.408136,s31.504801
128_58,s2.486097,s4.567656,s117.790990
128_59,s6.647475,s1.331320,s80.149118
128_60,s6.828191,s5.305940,s332.400200
128_61,s3.949804,s0.901613,s69.345801
128_62,s4.747456,s6.540348,s295.314660
128_63,s5.171616,s1.230029,s223.631840
128_64,s7.364935,s4.087406,s293.747812
128_65,s7.479751,s2.741904,s256.844202
128_66,s8.258436,s4.703777,s236.307221
128_67,s7.163724,s4.987421,s229.712072
128_68,s5.614414,s1.680754,s186.459209
128_69,s4.497409,s0.814783,s177.971525
128_70,s2.139939,s3.830015,s67.051797
128_71,s2.351349,s2.971098,s72.559698
128_72,s6.113635,s1.079004,s178.099093
128_73,s7.334351,s1.989397,s243.139529
128_74,s3.571670,s0.524472,s250.522667
128_75,s5.209661,s0.422236,s116.397207
128_76,s2.212002,s2.223806,s34.692047
128_77,s7.239234,s1.358120,s253.744183
128_78,s3.207903,s0.882989,s108.435310
128_79,s1.653234,s6.070803,s165.688212
128_80,s7.328545,s0.752269,s90.651056
128_81,s2.985504,s1.498811,s83.608301
128_82,s1.616730,s3.528411,s26.622383
128_83,s1.666482,s2.368407,s140.221341
128_84,s1.115618,s3.695464,s97.496175
128_85,s2.075808,s4.827187,s56.019509
128_86,s1.295929,s4.454845,s79.590604
128_87,s1.464897,s2.857616,s61.703502
128_88,s3.183647,s0.330589,s109.171433
128_89,s4.365884,s6.839380,s10.683472
128_90,s6.411153,s6.957484,s295.502448
128_91,s2.335743,s1.259128,s170.658269
128_92,s3.793540,s7.068925,s333.848083
128_93,s4.764538,s7.149345,s272.003200
128_94,s6.931876,s6.410912,s351.908428
128_95,s0.919552,s5.345066,s57.683170
128_96,s2.896771,s6.910004,s54.170981
128_97,s1.853708,s8.199824,s319.022513
128_98,s0.751170,s1.362793,s68.847877
128_99,s5.976999,s7.393666,s287.356210
128_100,s0.715936,s4.163778,s140.338597
128_101,s0.482785,s6.427693,s320.823732
128_102,s0.909262,s7.305087,s76.162694
128_103,s4.357781,s7.767654,s350.195454
128_104,s1.000974,s2.655681,s100.267082
128_105,s3.392898,s7.190268,s25.287596
128_106,s0.617800,s3.064687,s50.556341
128_107,s0.714362,s4.940584,s127.483023
128_108,s0.821544,s0.417046,s36.590901
128_109,s4.889379,s7.802205,s296.513691
128_110,s1.080660,s5.850123,s18.937085
128_111,s0.850975,s2.028368,s64.375611
128_112,s1.875500,s0.759170,s149.181582
128_113,s1.993872,s6.331256,s327.947400
128_114,s3.504698,s7.736034,s327.446472
128_115,s3.158554,s8.317749,s313.159382
128_116,s5.800175,s7.767179,s337.948278
128_117,s7.399082,s5.681937,s241.284563
128_118,s7.737464,s4.889737,s290.079996
128_119,s1.769227,s6.812727,s30.810782
128_120,s7.705882,s6.067596,s260.000000
128_121,s8.361560,s1.457426,s200.000000
128_122,s4.939708,s8.313189,s340.386986
128_123,s8.276285,s3.820492,s200.000000
128_124,s6.494501,s7.874778,s352.261797
128_125,s2.760885,s7.441350,s0.000000
128_126,s7.743919,s3.283412,s0.000000
128_127,s5.481321,s8.388153,s300.000000
129_0,s3.298433,s2.973736,s155.083789
129_1,s4.161473,s3.079477,s206.180148
129_2,s3.430226,s4.072539,s146.259059
129_3,s3.046109,s2.113203,s124.051521
129_4,s3.750544,s2.165067,s148.795008
129_5,s3.934101,s2.580389,s103.076144
129_6,s3.840239,s3.920627,s333.894836
129_7,s4.075598,s3.588603,s245.830198
129_8,s4.775902,s1.963917,s224.211385
129_9,s5.478591,s2.470813,s174.780695
129_10,s4.235813,s2.260588,s187.114910
129_11,s3.828402,s3.140650,s68.254794
129_12,s4.718646,s3.007067,s316.598268
129_13,s2.666745,s2.805730,s172.763098
129_14,s4.385667,s4.121617,s306.122053
129_15,s5.465158,s3.531272,s287.151329
129_16,s4.800271,s2.599090,s222.360085
129_17,s5.215101,s2.979934,s276.592573
129_18,s4.342129,s4.592447,s341.541515
129_19,s2.887791,s3.928158,s64.270949
129_20,s3.596963,s4.371727,s37.588747
129_21,s4.803593,s3.633078,s348.079736
129_22,s2.059819,s1.927746,s146.524303
129_23,s3.785583,s4.896326,s296.109201
129_24,s3.387364,s5.181241,s32.026723
129_25,s4.944743,s4.834819,s15.414033
129_26,s2.555057,s4.921671,s319.825773
129_27,s5.275464,s4.668860,s264.327577
129_28,s6.023108,s2.604612,s168.853251
129_29,s5.263225,s4.125657,s246.083806
129_30,s1.975558,s5.408216,s347.055037
129_31,s6.780529,s2.266064,s207.286011
129_32,s5.678028,s5.236710,s83.689669
129_33,s5.832190,s4.212191,s312.851340
129_34,s5.113608,s5.701570,s289.256917
129_35,s5.982087,s4.941538,s282.302437
129_36,s6.265619,s4.012418,s218.658043
129_37,s3.886760,s5.349902,s345.289643
129_38,s4.431096,s5.544729,s318.427250
129_39,s6.738292,s4.751399,s170.984218
129_40,s6.230586,s1.969012,s249.437534
129_41,s6.113819,s3.148963,s219.182966
129_42,s5.960758,s5.483274,s331.841808
129_43,s4.527534,s6.146366,s38.217527
129_44,s2.750541,s5.646933,s47.065366
129_45,s6.741277,s3.303653,s251.525050
129_46,s6.596653,s5.816699,s21.116615
129_47,s5.260343,s6.136169,s338.974474
129_48,s2.602791,s6.354183,s246.250312
129_49,s7.715180,s7.889871,s257.251922
129_50,s4.725466,s1.448159,s131.186868
129_51,s6.996795,s3.752633,s5.151134
129_52,s7.737426,s7.036061,s47.121285
129_53,s6.956335,s2.821277,s215.283492
129_54,s2.538395,s3.548858,s112.539257
129_55,s5.901351,s6.302381,s25.160732
129_56,s3.414358,s5.764020,s311.367614
129_57,s3.658516,s6.408304,s35.570451
129_58,s2.486097,s4.567824,s117.790990
129_59,s6.861479,s1.233103,s79.806634
129_60,s6.828191,s5.306108,s336.179442
129_61,s3.949804,s0.901781,s69.345801
129_62,s4.747456,s6.540516,s295.314660
129_63,s5.171616,s1.230197,s223.631840
129_64,s7.364935,s4.087574,s293.747812
129_65,s7.479751,s2.742072,s256.844202
129_66,s8.258436,s4.703945,s243.344050
129_67,s7.163724,s4.987589,s229.712072
129_68,s5.614414,s1.680922,s186.459209
129_69,s4.497409,s0.814951,s177.971525
129_70,s2.139939,s3.830183,s67.051797
129_71,s2.351349,s2.971266,s72.559698
129_72,s6.113635,s1.079172,s194.558597
129_73,s7.334351,s1.989565,s236.359210
129_74,s3.571670,s0.524640,s250.522667
129_75,s5.209661,s0.422404,s116.397207
129_76,s2.212002,s2.223974,s34.692047
129_77,s7.225711,s1.373673,s237.260020
129_78,s3.207903,s0.883157,s108.435310
129_79,s1.653234,s6.070971,s165.688212
129_80,s7.328545,s0.752437,s90.651056
129_81,s2.985504,s1.498979,s83.608301
129_82,s1.616730,s3.528579,s26.622383
129_83,s1.666482,s2.368575,s140.221341
129_84,s1.115618,s3.695632,s97.496175
129_85,s2.075808,s4.827355,s56.019509
129_86,s1.295929,s4.455013,s79.590604
129_87,s1.464897,s2.857784,s61.703502
129_88,s3.183647,s0.330757,s109.087501
129_89,s4.365884,s6.839548,s10.683472
129_90,s6.264129,s6.741390,s302.426860
129_91,s2.335743,s1.259296,s170.658269
129_92,s3.793540,s7.069093,s333.848083
129_93,s4.764538,s7.149513,s272.003200
129_94,s6.931876,s6.411080,s351.908428
129_95,s0.919552,s5.345234,s57.683170
129_96,s2.896771,s6.910172,s54.170981
129_97,s2.309217,s8.046607,s327.821711
129_98,s0.839942,s1.438433,s68.197214
129_99,s5.976999,s7.393834,s287.356210
129_100,s0.715936,s4.163946,s140.338597
129_101,s0.482785,s6.427861,s3.167343
129_102,s0.909262,s7.305255,s76.162694
129_103,s4.300041,s8.067262,s356.775388
129_104,s1.010802,s2.661136,s105.041953
129_105,s3.392898,s7.190436,s25.287596
129_106,s0.617800,s3.064855,s50.556341
129_107,s0.714362,s4.940752,s127.483023
129_108,s0.894090,s0.499079,s34.838407
129_109,s4.889379,s7.802373,s230.434429
129_110,s1.080660,s5.850291,s9.331424
129_111,s0.850975,s2.028536,s64.375611
129_112,s1.875500,s0.759338,s132.599742
129_113,s1.993872,s6.331424,s327.947400
129_114,s3.504698,s7.736202,s327.446472
129_115,s3.166795,s8.293890,s313.159382
129_116,s5.800175,s7.767347,s337.948278
129_117,s7.399082,s5.682105,s241.284563
129_118,s7.737464,s4.889905,s290.079996
129_119,s1.791205,s6.794163,s56.891323
129_120,s8.199771,s5.761109,s260.000000
129_121,s8.171705,s1.537690,s227.796911
129_122,s4.935730,s8.281884,s337.622309
129_123,s8.178334,s3.838917,s200.000000
129_124,s6.488047,s7.864286,s352.261797
129_125,s2.760885,s7.441518,s0.000000
129_126,s7.743919,s3.283580,s0.000000
129_127,s5.481321,s8.388321,s306.966213
129_128,s1.989905,s7.552164,s58.208005
130_0,s3.298433,s2.973736,s155.083789
130_1,s4.161473,s3.079477,s206.180148
130_2,s3.430226,s4.072539,s146.259059
130_3,s3.046109,s2.113203,s124.051521
130_4,s3.750544,s2.165067,s148.795008
130_5,s3.934101,s2.580389,s103.076144
130_6,s3.840239,s3.920627,s333.894836
130_7,s4.075598,s3.588603,s245.830198
130_8,s4.775902,s1.963917,s224.211385
130_9,s5.478591,s2.470813,s174.780695
130_10,s4.235813,s2.260588,s187.114910
130_11,s3.828402,s3.140650,s68.254794
130_12,s4.718646,s3.007067,s316.598268
130_13,s2.666745,s2.805730,s172.763098
130_14,s4.385667,s4.121617,s306.122053
130_15,s5.465158,s3.531272,s287.151329
130_16,s4.800271,s2.599090,s222.360085
130_17,s5.215101,s2.979934,s276.592573
130_18,s4.342129,s4.592447,s341.541515
130_19,s2.887791,s3.928158,s64.270949
130_20,s3.596963,s4.371727,s37.588747
130_21,s4.795586,s3.655256,s348.079736
130_22,s2.059819,s1.927746,s146.524303
130_23,s3.785583,s4.896326,s296.109201
130_24,s3.387364,s5.181241,s32.026723
130_25,s4.944743,s4.834819,s15.414033
130_26,s2.555057,s4.921671,s319.825773
130_27,s5.275464,s4.668860,s264.327577
130_28,s6.023108,s2.604612,s168.853251
130_29,s5.263225,s4.125657,s246.083806
130_30,s1.975558,s5.408216,s347.055037
130_31,s6.780529,s2.266064,s207.286011
130_32,s5.678028,s5.236710,s83.689669
130_33,s5.832190,s4.212191,s312.851340
130_34,s5.113608,s5.701570,s289.256917
130_35,s5.982087,s4.941538,s282.302437
130_36,s6.265619,s4.012418,s218.658043
130_37,s3.886760,s5.349902,s345.289643
130_38,s4.431096,s5.544729,s318.427250
130_39,s6.738292,s4.751399,s170.984218
130_40,s6.230586,s1.969012,s249.437534
130_41,s6.113819,s3.148963,s219.182966
130_42,s5.960758,s5.483274,s331.841808
130_43,s4.527534,s6.146366,s38.217527
130_44,s2.750541,s5.646933,s47.065366
130_45,s6.741277,s3.303653,s251.525050
130_46,s6.596653,s5.816699,s21.116615
130_47,s5.260343,s6.136169,s338.974474
130_48,s2.602791,s6.354183,s246.250312
130_49,s7.715180,s7.889871,s257.251922
130_50,s4.725466,s1.448159,s131.186868
130_51,s6.996795,s3.752633,s5.151134
130_52,s7.678047,s6.989935,s47.121285
130_53,s6.956335,s2.821277,s215.283492
130_54,s2.538395,s3.548858,s112.539257
130_55,s5.891948,s6.290472,s25.160732
130_56,s3.414358,s5.764020,s311.367614
130_57,s3.658516,s6.408304,s35.570451
130_58,s2.486097,s4.567824,s117.790990
130_59,s6.848839,s1.250549,s79.806634
130_60,s6.828191,s5.306108,s336.179442
130_61,s3.949804,s0.901781,s69.345801
130_62,s4.747456,s6.540516,s295.314660
130_63,s5.171616,s1.230197,s223.631840
130_64,s7.364935,s4.087574,s293.747812
130_65,s7.479751,s2.742072,s256.844202
130_66,s8.258436,s4.703945,s243.344050
130_67,s7.163724,s4.987589,s229.712072
130_68,s5.614414,s1.680922,s186.459209
130_69,s4.497409,s0.814951,s177.971525
130_70,s2.139939,s3.830183,s67.051797
130_71,s2.351349,s2.971266,s72.559698
130_72,s6.107851,s1.091372,s194.558597
130_73,s7.334351,s1.989565,s236.359210
130_74,s3.571670,s0.524640,s250.522667
130_75,s5.209661,s0.422404,s116.397207
130_76,s2.212002,s2.223974,s34.692047
130_77,s7.225711,s1.373673,s237.260020
130_78,s3.207903,s0.883157,s108.435310
130_79,s1.653234,s6.070971,s165.688212
130_80,s7.328545,s0.752437,s90.651056
130_81,s2.985504,s1.498979,s83.608301
130_82,s1.616730,s3.528579,s26.622383
130_83,s1.666482,s2.368575,s140.221341
130_84,s1.115618,s3.695632,s97.496175
130_85,s2.075808,s4.827355,s56.019509
130_86,s1.295929,s4.455013,s79.590604
130_87,s1.464897,s2.857784,s61.703502
130_88,s3.183647,s0.330757,s109.087501
130_89,s4.365884,s6.839548,s10.683472
130_90,s6.253734,s6.728345,s302.426860
130_91,s2.335743,s1.259296,s170.658269
130_92,s3.793540,s7.069093,s333.848083
130_93,s4.764538,s7.149513,s272.003200
130_94,s6.841725,s6.340986,s351.908428
130_95,s0.919552,s5.345234,s57.683170
130_96,s2.902855,s6.901033,s54.170981
130_97,s2.333532,s8.007253,s327.821711
130_98,s0.885375,s1.476709,s68.197214
130_99,s5.944499,s7.330963,s287.356210
130_100,s0.715936,s4.163946,s140.338597
130_101,s0.548324,s6.396489,s3.167343
130_102,s0.942519,s7.279277,s76.162694
130_103,s4.302668,s8.017215,s356.775388
130_104,s1.023068,s2.667663,s105.041953
130_105,s3.392898,s7.190436,s25.287596
130_106,s0.617800,s3.064855,s50.556341
130_107,s0.714362,s4.940752,s127.483023
130_108,s0.984239,s0.599746,s34.838407
130_109,s4.886353,s7.777640,s230.434429
130_110,s1.080660,s5.850291,s9.331424
130_111,s0.890141,s2.055276,s64.375611
130_112,s1.928389,s0.835299,s132.599742
130_113,s1.993872,s6.331424,s327.947400
130_114,s3.508106,s7.725009,s327.446472
130_115,s3.173191,s8.275558,s313.159382
130_116,s5.790744,s7.743963,s337.948278
130_117,s7.344864,s5.660279,s241.284563
130_118,s7.737464,s4.889905,s290.079996
130_119,s1.804125,s6.783219,s56.891323
130_120,s8.095332,s5.725922,s260.000000
130_121,s8.147971,s1.556839,s227.796911
130_122,s4.935730,s8.281884,s337.622309
130_123,s8.178334,s3.838917,s200.000000
130_124,s6.475569,s7.843378,s352.261797
130_125,s2.760885,s7.441518,s0.000000
130_126,s7.743919,s3.283580,s0.000000
130_127,s5.447114,s8.254815,s306.966213
130_128,s2.022563,s7.512419,s58.208005
130_129,s6.968989,s7.888487,s240.000000
131_0,s3.298433,s2.973736,s155.083789
131_1,s4.161473,s3.079477,s206.180148
131_2,s3.430226,s4.072539,s146.259059
131_3,s3.046109,s2.113203,s124.051521
131_4,s3.750544,s2.165067,s148.795008
131_5,s3.934101,s2.580389,s103.076144
131_6,s3.840239,s3.920627,s333.894836
131_7,s4.075598,s3.588603,s245.830198
131_8,s4.775902,s1.963917,s224.211385
131_9,s5.478591,s2.470813,s174.780695
131_10,s4.235813,s2.260588,s187.114910
131_11,s3.828402,s3.140650,s68.254794
131_12,s4.718646,s3.007067,s316.598268
131_13,s2.666745,s2.805730,s172.763098
131_14,s4.385667,s4.121617,s306.122053
131_15,s5.465158,s3.531272,s287.151329
131_16,s4.800271,s2.599090,s222.360085
131_17,s5.215101,s2.979934,s276.592573
131_18,s4.342129,s4.592447,s341.541515
131_19,s2.887791,s3.928158,s64.270949
131_20,s3.596963,s4.371727,s37.588747
131_21,s4.795586,s3.655256,s348.079736
131_22,s2.059819,s1.927746,s146.524303
131_23,s3.785583,s4.896326,s296.109201
131_24,s3.387364,s5.181241,s32.026723
131_25,s4.944743,s4.834819,s15.414033
131_26,s2.555057,s4.921671,s319.825773
131_27,s5.275464,s4.668860,s264.327577
131_28,s6.023108,s2.604612,s168.853251
131_29,s5.263225,s4.125657,s246.083806
131_30,s1.975558,s5.408216,s347.055037
131_31,s6.780529,s2.266064,s207.286011
131_32,s5.678028,s5.236710,s83.689669
131_33,s5.832190,s4.212191,s312.851340
131_34,s5.113608,s5.701570,s289.256917
131_35,s5.982087,s4.941538,s282.302437
131_36,s6.265619,s4.012418,s218.658043
131_37,s3.886760,s5.349902,s345.289643
131_38,s4.431096,s5.544729,s318.427250
131_39,s6.738292,s4.751399,s170.984218
131_40,s6.230586,s1.969012,s249.437534
131_41,s6.113819,s3.148963,s219.182966
131_42,s5.960758,s5.483274,s331.841808
131_43,s4.527534,s6.146366,s38.217527
131_44,s2.759444,s5.641107,s47.065366
131_45,s6.741277,s3.303653,s251.525050
131_46,s6.596653,s5.816699,s21.116615
131_47,s5.260343,s6.136169,s338.974474
131_48,s2.602791,s6.354183,s246.250312
131_49,s7.715180,s7.889871,s257.251922
131_50,s4.725466,s1.448159,s131.186868
131_51,s6.996795,s3.752633,s5.151134
131_52,s7.601671,s6.930254,s47.121285
131_53,s6.946886,s2.827741,s215.283492
131_54,s2.538395,s3.548858,s112.539257
131_55,s5.882977,s6.278930,s25.160732
131_56,s3.414358,s5.764020,s311.367614
131_57,s3.658516,s6.408304,s35.570451
131_58,s2.486097,s4.567824,s117.790990
131_59,s6.798056,s1.320488,s79.806634
131_60,s6.828191,s5.306108,s336.179442
131_61,s3.949804,s0.901781,s69.345801
131_62,s4.747456,s6.540516,s295.314660
131_63,s5.171616,s1.230197,s223.631840
131_64,s7.364935,s4.087574,s293.747812
131_65,s7.479751,s2.742072,s256.844202
131_66,s8.258436,s4.703945,s243.344050
131_67,s7.163724,s4.987589,s229.712072
131_68,s5.614414,s1.680922,s186.459209
131_69,s4.497409,s0.814951,s177.971525
131_70,s2.139939,s3.830183,s67.051797
131_71,s2.351349,s2.971266,s72.559698
131_72,s6.102523,s1.102610,s194.558597
131_73,s7.334351,s1.989565,s236.359210
131_74,s3.571670,s0.524640,s250.522667
131_75,s5.209661,s0.422404,s116.397207
131_76,s2.212002,s2.223974,s34.692047
131_77,s7.193757,s1.410272,s237.260020
131_78,s3.207903,s0.883157,s108.435310
131_79,s1.653234,s6.070971,s165.688212
131_80,s7.328545,s0.752437,s90.651056
131_81,s2.985504,s1.498979,s83.608301
131_82,s1.616730,s3.528579,s26.622383
131_83,s1.675123,s2.375052,s140.221341
131_84,s1.115618,s3.695632,s97.496175
131_85,s2.075808,s4.827355,s56.019509
131_86,s1.295929,s4.455013,s79.590604
131_87,s1.464897,s2.857784,s61.703502
131_88,s3.183647,s0.330757,s109.087501
131_89,s4.365884,s6.839548,s10.683472
131_90,s6.253734,s6.728345,s302.426860
131_91,s2.335743,s1.259296,s170.658269
131_92,s3.793540,s7.069093,s333.848083
131_93,s4.764538,s7.149513,s272.003200
131_94,s6.841725,s6.340986,s351.908428
131_95,s0.919552,s5.345234,s57.683170
131_96,s2.902855,s6.901033,s54.170981
131_97,s2.333532,s8.007253,s327.821711
131_98,s0.885375,s1.476709,s68.197214
131_99,s5.944499,s7.330963,s287.356210
131_100,s0.715936,s4.163946,s140.338597
131_101,s0.548324,s6.396489,s3.167343
131_102,s0.942519,s7.279277,s76.162694
131_103,s4.312503,s7.828953,s356.775388
131_104,s1.023068,s2.667663,s105.041953
131_105,s3.392898,s7.190436,s25.287596
131_106,s0.617800,s3.064855,s50.556341
131_107,s0.714362,s4.940752,s127.483023
131_108,s1.002333,s0.619950,s34.838407
131_109,s4.884587,s7.763134,s230.434429
131_110,s1.080660,s5.850291,s9.331424
131_111,s0.890141,s2.055276,s64.375611
131_112,s1.939253,s0.850907,s132.599742
131_113,s1.993872,s6.331424,s327.947400
131_114,s3.508106,s7.725009,s327.446472
131_115,s3.188087,s8.232863,s313.159382
131_116,s5.773758,s7.701731,s337.948278
131_117,s7.344864,s5.660279,s241.284563
131_118,s7.737464,s4.889905,s290.079996
131_119,s1.804125,s6.783219,s56.891323
131_120,s8.042003,s5.707889,s260.000000
131_121,s8.147971,s1.556839,s227.796911
131_122,s4.923596,s8.179524,s337.622309
131_123,s8.178334,s3.838917,s200.000000
131_124,s6.450908,s7.802055,s352.261797
131_125,s2.760885,s7.441518,s0.000000
131_126,s7.743919,s3.283580,s0.000000
131_127,s5.444455,s8.244408,s306.966213
131_128,s2.055385,s7.472311,s58.208005
131_129,s6.949376,s7.861677,s240.000000
131_130,s7.241871,s6.234640,s300.000000
132_0,s3.298433,s2.973736,s155.083789
132_1,s4.161473,s3.079477,s206.180148
132_2,s3.430226,s4.072539,s146.259059
132_3,s3.046109,s2.113203,s124.051521
132_4,s3.750544,s2.165067,s148.795008
132_5,s3.934101,s2.580389,s103.076144
132_6,s3.840239,s3.920627,s333.894836
132_7,s4.075598,s3.588603,s245.830198
132_8,s4.775902,s1.963917,s224.211385
132_9,s5.478591,s2.470813,s174.780695
132_10,s4.235813,s2.260588,s187.114910
132_11,s3.828402,s3.140650,s68.254794
132_12,s4.718646,s3.007067,s316.598268
132_13,s2.666745,s2.805730,s172.763098
132_14,s4.385667,s4.121617,s306.122053
132_15,s5.465158,s3.531272,s287.151329
132_16,s4.800271,s2.599090,s222.360085
132_17,s5.215101,s2.979934,s276.592573
132_18,s4.342129,s4.592447,s341.541515
132_19,s2.887791,s3.928158,s64.270949
132_20,s3.596963,s4.371727,s37.588747
132_21,s4.795586,s3.655256,s348.079736
132_22,s2.059819,s1.927746,s146.524303
132_23,s3.785583,s4.896326,s296.109201
132_24,s3.387364,s5.181241,s32.026723
132_25,s4.944743,s4.834819,s15.414033
132_26,s2.555057,s4.921671,s319.825773
132_27,s5.275464,s4.668860,s264.327577
132_28,s6.023108,s2.604612,s168.853251
132_29,s5.263225,s4.125657,s246.083806
132_30,s1.975558,s5.408216,s347.055037
132_31,s6.780529,s2.266064,s207.286011
132_32,s5.678028,s5.236710,s83.689669
132_33,s5.832190,s4.212191,s312.851340
132_34,s5.113608,s5.701570,s289.256917
132_35,s5.982087,s4.941538,s282.302437
132_36,s6.265619,s4.012418,s218.658043
132_37,s3.886760,s5.349902,s345.289643
132_38,s4.431096,s5.544729,s318.427250
132_39,s6.738292,s4.751399,s170.984218
132_40,s6.230586,s1.969012,s249.437534
132_41,s6.113819,s3.148963,s219.182966
132_42,s5.960758,s5.483274,s331.841808
132_43,s4.527534,s6.146366,s38.217527
132_44,s2.759444,s5.641107,s47.065366
132_45,s6.741277,s3.303653,s251.525050
132_46,s6.596653,s5.816699,s21.116615
132_47,s5.260343,s6.136169,s338.974474
132_48,s2.602791,s6.354183,s246.250312
132_49,s7.674363,s7.846490,s257.251922
132_50,s4.725466,s1.448159,s131.186868
132_51,s6.996795,s3.752633,s5.151134
132_52,s7.521720,s6.866789,s47.121285
132_53,s6.946886,s2.827741,s215.283492
132_54,s2.538395,s3.548858,s112.539257
132_55,s5.882977,s6.278930,s25.160732
132_56,s3.414358,s5.764020,s311.367614
132_57,s3.658516,s6.408304,s35.570451
132_58,s2.486097,s4.567824,s117.790990
132_59,s6.790058,s1.331350,s79.806634
132_60,s6.828191,s5.306108,s336.179442
132_61,s3.949804,s0.901781,s69.345801
132_62,s4.747456,s6.540516,s295.314660
132_63,s5.171616,s1.230197,s223.631840
132_64,s7.364935,s4.087574,s293.747812
132_65,s7.479751,s2.742072,s256.844202
132_66,s8.258436,s4.703945,s243.344050
132_67,s7.163724,s4.987589,s229.712072
132_68,s5.614414,s1.680922,s186.459209
132_69,s4.497409,s0.814951,s177.971525
132_70,s2.139939,s3.830183,s67.051797
132_71,s2.351349,s2.971266,s72.559698
132_72,s6.093912,s1.120500,s194.558597
132_73,s7.334351,s1.989565,s236.359210
132_74,s3.571670,s0.524640,s250.522667
132_75,s5.209661,s0.422404,s116.397207
132_76,s2.212002,s2.223974,s34.692047
132_77,s7.165834,s1.441726,s237.260020
132_78,s3.207903,s0.883157,s108.435310
132_79,s1.662788,s6.065538,s165.688212
132_80,s7.307716,s0.779571,s90.651056
132_81,s2.985504,s1.498979,s83.608301
132_82,s1.616730,s3.528579,s26.622383
132_83,s1.675123,s2.375052,s140.221341
132_84,s1.115618,s3.695632,s97.496175
132_85,s2.075808,s4.827355,s56.019509
132_86,s1.295929,s4.455013,s79.590604
132_87,s1.464897,s2.857784,s61.703502
132_88,s3.183647,s0.330757,s109.087501
132_89,s4.365884,s6.839548,s10.683472
132_90,s6.253734,s6.728345,s302.426860
132_91,s2.335743,s1.259296,s170.658269
132_92,s3.793540,s7.069093,s333.848083
132_93,s4.764538,s7.149513,s272.003200
132_94,s6.841725,s6.340986,s351.908428
132_95,s0.919552,s5.345234,s57.683170
132_96,s2.902855,s6.901033,s54.170981
132_97,s2.333532,s8.007253,s327.821711
132_98,s0.885375,s1.476709,s68.197214
132_99,s5.944499,s7.330963,s287.356210
132_100,s0.715936,s4.163946,s140.338597
132_101,s0.548324,s6.396489,s3.167343
132_102,s0.942519,s7.279277,s76.162694
132_103,s4.313149,s7.816454,s356.775388
132_104,s1.023068,s2.667663,s105.041953
132_105,s3.392898,s7.190436,s25.287596
132_106,s0.617800,s3.064855,s50.556341
132_107,s0.714362,s4.940752,s127.483023
132_108,s1.002333,s0.619950,s34.838407
132_109,s4.884587,s7.763134,s230.434429
132_110,s1.096288,s5.843910,s9.331424
132_111,s0.890141,s2.055276,s64.375611
132_112,s1.939253,s0.850907,s132.599742
132_113,s1.993872,s6.331424,s327.947400
132_114,s3.508106,s7.725009,s327.446472
132_115,s3.188087,s8.232863,s313.159382
132_116,s5.773758,s7.701731,s337.948278
132_117,s7.344864,s5.660279,s241.284563
132_118,s7.737464,s4.889905,s290.079996
132_119,s1.804125,s6.783219,s56.891323
132_120,s8.042003,s5.707889,s260.000000
132_121,s8.135751,s1.566511,s227.796911
132_122,s4.920584,s8.153862,s337.622309
132_123,s8.178334,s3.838917,s200.000000
132_124,s6.450908,s7.802055,s352.261797
132_125,s2.760885,s7.441518,s0.000000
132_126,s7.743919,s3.283580,s0.000000
132_127,s5.433419,s8.200800,s306.966213
132_128,s2.066095,s7.459017,s58.208005
132_129,s6.928540,s7.832867,s240.000000
132_130,s7.241871,s6.234640,s300.000000
132_131,s8.017835,s6.651792,s0.000000
133_0,s3.298433,s2.973736,s155.083789
133_1,s4.161473,s3.079477,s206.180148
133_2,s3.430226,s4.072539,s146.259059
133_3,s3.046109,s2.113203,s124.051521
133_4,s3.750544,s2.165067,s148.795008
133_5,s3.934101,s2.580389,s103.076144
133_6,s3.840239,s3.920627,s333.894836
133_7,s4.075598,s3.588603,s245.830198
133_8,s4.775902,s1.963917,s224.211385
133_9,s5.478591,s2.470813,s174.780695
133_10,s4.235813,s2.260588,s187.114910
133_11,s3.828402,s3.140650,s68.254794
133_12,s4.718646,s3.007067,s316.598268
133_13,s2.666745,s2.805730,s172.763098
133_14,s4.385667,s4.121617,s306.122053
133_15,s5.465158,s3.531272,s287.151329
133_16,s4.800271,s2.599090,s222.360085
133_17,s5.215101,s2.979934,s276.592573
133_18,s4.342129,s4.592447,s341.541515
133_19,s2.887791,s3.928158,s64.270949
133_20,s3.596963,s4.371727,s37.588747
133_21,s4.795586,s3.655256,s348.079736
133_22,s2.059819,s1.927746,s146.524303
133_23,s3.785583,s4.896326,s296.109201
133_24,s3.387364,s5.181241,s32.026723
133_25,s4.944743,s4.834819,s15.414033
133_26,s2.555057,s4.921671,s319.825773
133_27,s5.275464,s4.668860,s264.327577
133_28,s6.023108,s2.604612,s168.853251
133_29,s5.263225,s4.125657,s246.083806
133_30,s1.975558,s5.408216,s347.055037
133_31,s6.780529,s2.266064,s207.286011
133_32,s5.678028,s5.236710,s83.689669
133_33,s5.832190,s4.212191,s312.851340
133_34,s5.113608,s5.701570,s289.256917
133_35,s5.982087,s4.941538,s282.302437
133_36,s6.265619,s4.012418,s218.658043
133_37,s3.886760,s5.349902,s345.289643
133_38,s4.431096,s5.544729,s318.427250
133_39,s6.738292,s4.751399,s170.984218
133_40,s6.230586,s1.969012,s249.437534
133_41,s6.113819,s3.148963,s219.182966
133_42,s5.960758,s5.483274,s331.841808
133_43,s4.527534,s6.146366,s38.217527
133_44,s2.759444,s5.641107,s47.065366
133_45,s6.741277,s3.303653,s251.525050
133_46,s6.596653,s5.816699,s21.116615
133_47,s5.260343,s6.136169,s338.974474
133_48,s2.602791,s6.354183,s246.250312
133_49,s7.674363,s7.846490,s257.251922
133_50,s4.725466,s1.448159,s131.186868
133_51,s6.996795,s3.752633,s5.151134
133_52,s7.512878,s6.859681,s47.121285
133_53,s6.946886,s2.827741,s215.283492
133_54,s2.538395,s3.548858,s112.539257
133_55,s5.882977,s6.278930,s25.160732
133_56,s3.414358,s5.764020,s311.367614
133_57,s3.658516,s6.408304,s35.570451
133_58,s2.496761,s4.567081,s117.790990
133_59,s6.790058,s1.331350,s79.806634
133_60,s6.828191,s5.306108,s336.179442
133_61,s3.949804,s0.901781,s69.345801
133_62,s4.747456,s6.540516,s295.314660
133_63,s5.171616,s1.230197,s223.631840
133_64,s7.364935,s4.087574,s293.747812
133_65,s7.479751,s2.742072,s256.844202
133_66,s8.258436,s4.703945,s243.344050
133_67,s7.163724,s4.987589,s229.712072
133_68,s5.614414,s1.680922,s186.459209
133_69,s4.497409,s0.814951,s177.971525
133_70,s2.139939,s3.830183,s67.051797
133_71,s2.351349,s2.971266,s72.559698
133_72,s6.088849,s1.131141,s194.558597
133_73,s7.334351,s1.989565,s236.359210
133_74,s3.571670,s0.524640,s250.522667
133_75,s5.209661,s0.422404,s116.397207
133_76,s2.212002,s2.223974,s34.692047
133_77,s7.165834,s1.441726,s237.260020
133_78,s3.207903,s0.883157,s108.435310
133_79,s1.662788,s6.065538,s165.688212
133_80,s7.307716,s0.779571,s90.651056
133_81,s2.990933,s1.509446,s83.608301
133_82,s1.616730,s3.528579,s26.622383
133_83,s1.675123,s2.375052,s140.221341
133_84,s1.115618,s3.695632,s97.496175
133_85,s2.075808,s4.827355,s56.019509
133_86,s1.295929,s4.455013,s79.590604
133_87,s1.464897,s2.857784,s61.703502
133_88,s3.183647,s0.330757,s109.087501
133_89,s4.365884,s6.839548,s10.683472
133_90,s6.253734,s6.728345,s302.426860
133_91,s2.335743,s1.259296,s170.658269
133_92,s3.793540,s7.069093,s333.848083
133_93,s4.764538,s7.149513,s272.003200
133_94,s6.841725,s6.340986,s351.908428
133_95,s0.919552,s5.345234,s57.683170
133_96,s2.902855,s6.901033,s54.170981
133_97,s2.333532,s8.007253,s327.821711
133_98,s0.885375,s1.476709,s68.197214
133_99,s5.944499,s7.330963,s287.356210
133_100,s0.715936,s4.163946,s140.338597
133_101,s0.563550,s6.388999,s3.167343
133_102,s0.942519,s7.279277,s76.162694
133_103,s4.313149,s7.816454,s356.775388
133_104,s1.033740,s2.673117,s105.041953
133_105,s3.392898,s7.190436,s25.287596
133_106,s0.617800,s3.064855,s50.556341
133_107,s0.714362,s4.940752,s127.483023
133_108,s1.002333,s0.619950,s34.838407
133_109,s4.884587,s7.763134,s230.434429
133_110,s1.096288,s5.843910,s9.331424
133_111,s0.890141,s2.055276,s64.375611
133_112,s1.939253,s0.850907,s132.599742
133_113,s1.993872,s6.331424,s327.947400
133_114,s3.508106,s7.725009,s327.446472
133_115,s3.188087,s8.232863,s313.159382
133_116,s5.773758,s7.701731,s337.948278
133_117,s7.344864,s5.660279,s241.284563
133_118,s7.737464,s4.889905,s290.079996
133_119,s1.804125,s6.783219,s56.891323
133_120,s8.042003,s5.707889,s260.000000
133_121,s8.135751,s1.566511,s227.796911
133_122,s4.916190,s8.114663,s337.622309
133_123,s8.178334,s3.838917,s200.000000
133_124,s6.450908,s7.802055,s352.261797
133_125,s2.760885,s7.441518,s0.000000
133_126,s7.743919,s3.283580,s0.000000
133_127,s5.433419,s8.200800,s306.966213
133_128,s2.066095,s7.459017,s58.208005
133_129,s6.928540,s7.832867,s240.000000
133_130,s7.241871,s6.234640,s300.000000
133_131,s8.017835,s6.651792,s0.000000
133_132,s8.316138,s2.638243,s240.000000
134_0,s3.298433,s3.573195,s155.083789
134_1,s4.161473,s3.678936,s206.180148
134_2,s3.430226,s4.671998,s146.259059
134_3,s3.046109,s2.712662,s124.051521
134_4,s3.750544,s2.764526,s148.795008
134_5,s3.934101,s3.179848,s103.076144
134_6,s3.840239,s4.520086,s333.894836
134_7,s4.075598,s4.188062,s245.830198
134_8,s4.775902,s2.563376,s224.211385
134_9,s5.478591,s3.070272,s174.780695
134_10,s4.235813,s2.860047,s187.114910
134_11,s3.828402,s3.740110,s68.254794
134_12,s4.718646,s3.606526,s316.598268
134_13,s2.666745,s3.405190,s172.763098
134_14,s4.385667,s4.721076,s306.122053
134_15,s5.465158,s4.130731,s287.151329
134_16,s4.800271,s3.198549,s222.360085
134_17,s5.215101,s3.579394,s276.592573
134_18,s4.342129,s5.191907,s341.541515
134_19,s2.887791,s4.527617,s64.270949
134_20,s3.596963,s4.971186,s37.588747
134_21,s4.795586,s4.254715,s348.079736
134_22,s2.059819,s2.527205,s146.524303
134_23,s3.785583,s5.495785,s296.109201
134_24,s3.387364,s5.780700,s32.026723
134_25,s4.944743,s5.434278,s15.414033
134_26,s2.555057,s5.521130,s319.825773
134_27,s5.275464,s5.268319,s264.327577
134_28,s6.023108,s3.204071,s168.853251
134_29,s5.263225,s4.725116,s246.083806
134_30,s1.985018,s6.002884,s347.055037
134_31,s6.780529,s2.865523,s207.286011
134_32,s5.678028,s5.836169,s83.689669
134_33,s5.832190,s4.811650,s312.851340
134_34,s5.113608,s6.301030,s289.256917
134_35,s5.982087,s5.540998,s282.302437
134_36,s6.265619,s4.611877,s218.658043
134_37,s3.886760,s5.949362,s345.289643
134_38,s4.431096,s6.144188,s318.427250
134_39,s6.738292,s5.350858,s170.984218
134_40,s6.230586,s2.568471,s249.437534
134_41,s6.113819,s3.748423,s219.182966
134_42,s5.960758,s6.082733,s331.841808
134_43,s4.527534,s6.745825,s38.217527
134_44,s2.759444,s6.240566,s47.065366
134_45,s6.741277,s3.903113,s251.525050
134_46,s6.596653,s6.416158,s21.116615
134_47,s5.260343,s6.735628,s338.974474
134_48,s2.602791,s6.953642,s246.250312
134_49,s7.674363,s8.445949,s257.251922
134_50,s4.725466,s2.047618,s131.186868
134_51,s6.996795,s4.352092,s5.151134
134_52,s7.445287,s7.397755,s47.121285
134_53,s6.946886,s3.427200,s215.283492
134_54,s2.538395,s4.148317,s112.539257
134_55,s5.882977,s6.878389,s25.160732
134_56,s3.414358,s6.363479,s311.367614
134_57,s3.658516,s7.007764,s35.570451
134_58,s2.496761,s5.166540,s117.790990
134_59,s6.790058,s1.930809,s79.806634
134_60,s6.828191,s5.905567,s336.179442
134_61,s3.949804,s1.501241,s69.345801
134_62,s4.747456,s7.139976,s295.314660
134_63,s5.171616,s1.829656,s223.631840
134_64,s7.364935,s4.687033,s293.747812
134_65,s7.469657,s3.346231,s256.844202
134_66,s8.258436,s5.303405,s243.344050
134_67,s7.163724,s5.587049,s229.712072
134_68,s5.614414,s2.280381,s186.459209
134_69,s4.497409,s1.414410,s177.971525
134_70,s2.139939,s4.429642,s67.051797
134_71,s2.351349,s3.570725,s72.559698
134_72,s6.088849,s1.730600,s194.558597
134_73,s7.334351,s2.589024,s236.359210
134_74,s3.571670,s1.124099,s250.522667
134_75,s5.209661,s1.021863,s116.397207
134_76,s2.212002,s2.823433,s34.692047
134_77,s7.165834,s2.041185,s237.260020
134_78,s3.207903,s1.482616,s108.435310
134_79,s1.671829,s6.658814,s165.688212
134_80,s7.307716,s1.379031,s90.651056
134_81,s2.990933,s2.108906,s83.608301
134_82,s1.616730,s4.128038,s26.622383
134_83,s1.675123,s2.974511,s140.221341
134_84,s1.115618,s4.295091,s97.496175
134_85,s2.075808,s5.426815,s56.019509
134_86,s1.295929,s5.054472,s79.590604
134_87,s1.464897,s3.457243,s61.703502
134_88,s3.183647,s0.930216,s109.087501
134_89,s4.365884,s7.439007,s10.683472
134_90,s6.253734,s7.327804,s302.426860
134_91,s2.335743,s1.858755,s170.658269
134_92,s3.793540,s7.668552,s333.848083
134_93,s4.764538,s7.748972,s272.003200
134_94,s6.841725,s6.940445,s351.908428
134_95,s0.919552,s5.944693,s57.683170
134_96,s2.902855,s7.500492,s54.170981
134_97,s2.333532,s8.606712,s327.821711
134_98,s0.885375,s2.076169,s68.197214
134_99,s5.944499,s7.930422,s287.356210
134_100,s0.715936,s4.763405,s140.338597
134_101,s0.563550,s6.988458,s3.167343
134_102,s0.942519,s7.878736,s76.162694
134_103,s4.313149,s8.415913,s356.775388
134_104,s1.033740,s3.272577,s105.041953
134_105,s3.392898,s7.789895,s25.287596
134_106,s0.617800,s3.664314,s50.556341
134_107,s0.714362,s5.540211,s127.483023
134_108,s1.002333,s1.219409,s34.838407
134_109,s4.884587,s8.362593,s230.434429
134_110,s1.096288,s6.443370,s9.331424
134_111,s0.890141,s2.654736,s64.375611
134_112,s1.939253,s1.450367,s132.599742
134_113,s1.993872,s6.930883,s327.947400
134_114,s3.508106,s8.324469,s327.446472
134_115,s3.192911,s8.817187,s313.159382
134_116,s5.773758,s8.301190,s337.948278
134_117,s7.344864,s6.259739,s241.284563
134_118,s7.737464,s5.489365,s290.079996
134_119,s1.804125,s7.382678,s56.891323
134_120,s8.042003,s6.307348,s260.000000
134_121,s8.135751,s2.165970,s227.796911
134_122,s4.916190,s8.714122,s337.622309
134_123,s8.178334,s4.438376,s200.000000
134_124,s6.450908,s8.401515,s352.261797
134_125,s2.760885,s8.040978,s0.000000
134_126,s7.743919,s3.883039,s0.000000
134_127,s5.433419,s8.800259,s306.966213
134_128,s2.066095,s8.058477,s58.208005
134_129,s6.928540,s8.432326,s240.000000
134_130,s7.230034,s6.824986,s300.000000
134_131,s8.004447,s7.241654,s0.000000
134_132,s8.300232,s3.243916,s240.000000
134_133,s4.046784,s0.612836,s140.000000
135_0,s3.837269,s3.642450,s155.083789
135_1,s4.700310,s3.748191,s206.180148
135_2,s3.969063,s4.741253,s146.259059
135_3,s3.584946,s2.781917,s124.051521
135_4,s4.289380,s2.833781,s148.795008
135_5,s4.472938,s3.249103,s103.076144
135_6,s4.379076,s4.589341,s333.894836
135_7,s4.614434,s4.257317,s245.830198
135_8,s5.314739,s2.632631,s224.211385
135_9,s6.017428,s3.139527,s174.780695
135_10,s4.774650,s2.929302,s187.114910
135_11,s4.367239,s3.809365,s68.254794
135_12,s5.257483,s3.675781,s316.598268
135_13,s3.205581,s3.474445,s172.763098
135_14,s4.934319,s4.786490,s306.122053
135_15,s6.003994,s4.199986,s287.151329
135_16,s5.339107,s3.267804,s222.360085
135_17,s5.753938,s3.648649,s276.592573
135_18,s4.880966,s5.261162,s341.541515
135_19,s3.426628,s4.596872,s64.270949
135_20,s4.135800,s5.040441,s37.588747
135_21,s5.334423,s4.323970,s348.079736
135_22,s2.598656,s2.596460,s146.524303
135_23,s4.324420,s5.565040,s296.109201
135_24,s3.926201,s5.849955,s32.026723
135_25,s5.483579,s5.503533,s15.414033
135_26,s3.093894,s5.590385,s319.825773
135_27,s5.814301,s5.337574,s264.327577
135_28,s6.561945,s3.273326,s168.853251
135_29,s5.802062,s4.794371,s246.083806
135_30,s2.533533,s6.067032,s347.055037
135_31,s7.319366,s2.934778,s207.286011
135_32,s6.216864,s5.905424,s83.689669
135_33,s6.371027,s4.880905,s312.851340
135_34,s5.652445,s6.370285,s289.256917
135_35,s6.520924,s5.610253,s282.302437
135_36,s6.804455,s4.681132,s218.011258
135_37,s4.425596,s6.018617,s345.289643
135_38,s4.969932,s6.213443,s318.427250
135_39,s7.277129,s5.420114,s170.984218
135_40,s6.769423,s2.637726,s249.437534
135_41,s6.652656,s3.817678,s219.182966
135_42,s6.499595,s6.151988,s331.841808
135_43,s5.066370,s6.815080,s38.217527
135_44,s3.298280,s6.309821,s47.065366
135_45,s7.280114,s3.972368,s251.525050
135_46,s7.135490,s6.485414,s21.116615
135_47,s5.799180,s6.804883,s338.974474
135_48,s3.141627,s7.022897,s246.250312
135_49,s8.201954,s8.501868,s257.251922
135_50,s5.264303,s2.116873,s131.186868
135_51,s7.535631,s4.421347,s5.151134
135_52,s7.984123,s7.467010,s47.121285
135_53,s7.485723,s3.496455,s215.283492
135_54,s3.077232,s4.217572,s112.539257
135_55,s6.421813,s6.947644,s12.802024
135_56,s3.953195,s6.432734,s311.367614
135_57,s4.197353,s7.077019,s35.570451
135_58,s3.035597,s5.235795,s117.790990
135_59,s7.328895,s2.000064,s80.424226
135_60,s7.367028,s5.974822,s336.179442
135_61,s4.488641,s1.570496,s69.345801
135_62,s5.286293,s7.209231,s295.314660
135_63,s5.710453,s1.898911,s223.631840
135_64,s7.903772,s4.756288,s293.747812
135_65,s8.008494,s3.415486,s256.844202
135_66,s8.797272,s5.372660,s243.344050
135_67,s7.702561,s5.656304,s229.712072
135_68,s6.153250,s2.349636,s186.459209
135_69,s5.036246,s1.483665,s177.971525
135_70,s2.678776,s4.498897,s67.051797
135_71,s2.890186,s3.639980,s72.559698
135_72,s6.627686,s1.799855,s194.558597
135_73,s7.873188,s2.658279,s236.359210
135_74,s4.110506,s1.193355,s250.522667
135_75,s5.748498,s1.091118,s116.397207
135_76,s2.750838,s2.892689,s34.692047
135_77,s7.704670,s2.110440,s237.260020
135_78,s3.746740,s1.551871,s108.435310
135_79,s2.210666,s6.728069,s165.688212
135_80,s7.846553,s1.448286,s90.651056
135_81,s3.529770,s2.178161,s83.608301
135_82,s2.155567,s4.197293,s26.622383
135_83,s2.213960,s3.043766,s140.221341
135_84,s1.654455,s4.364346,s97.496175
135_85,s2.650418,s5.554819,s77.543796
135_86,s1.834766,s5.123727,s79.590604
135_87,s2.003734,s3.526498,s61.703502
135_88,s3.722484,s0.999471,s109.087501
135_89,s4.904721,s7.508262,s10.683472
135_90,s6.792571,s7.397060,s302.426860
135_91,s2.874580,s1.928010,s170.658269
135_92,s4.332376,s7.737807,s333.848083
135_93,s5.303375,s7.818227,s272.003200
135_94,s7.380562,s7.009700,s351.908428
135_95,s1.458389,s6.013948,s57.683170
135_96,s3.441691,s7.569747,s54.170981
135_97,s2.872369,s8.675967,s327.821711
135_98,s1.424211,s2.145424,s68.197214
135_99,s6.483336,s7.999677,s287.356210
135_100,s1.192184,s4.815502,s139.924651
135_101,s1.102386,s7.057713,s3.167343
135_102,s1.481356,s7.947991,s76.162694
135_103,s4.851986,s8.485168,s356.775388
135_104,s1.572577,s3.341832,s105.041953
135_105,s3.931735,s7.859150,s25.287596
135_106,s1.156636,s3.733569,s62.590339
135_107,s0.795426,s5.751687,s83.869952
135_108,s1.541169,s1.288664,s34.838407
135_109,s5.423424,s8.431848,s230.434429
135_110,s1.635125,s6.512625,s9.331424
135_111,s1.428977,s2.723991,s64.375611
135_112,s2.478090,s1.519622,s132.599742
135_113,s2.532709,s7.000138,s327.947400
135_114,s4.046943,s8.393724,s327.446472
135_115,s3.731748,s8.886442,s313.159382
135_116,s6.312595,s8.370445,s337.948278
135_117,s7.883701,s6.328994,s241.284563
135_118,s8.276300,s5.558620,s290.079996
135_119,s2.342962,s7.451933,s56.891323
135_120,s8.580840,s6.376603,s260.000000
135_121,s8.553295,s1.719961,s227.796911
135_122,s5.455027,s8.783377,s337.622309
135_123,s8.717171,s4.507631,s200.000000
135_124,s6.989745,s8.470770,s352.261797
135_125,s3.299722,s8.110233,s0.000000
135_126,s8.282755,s3.952295,s0.000000
135_127,s5.972256,s8.869514,s306.966213
135_128,s2.604932,s8.127732,s58.208005
135_129,s7.467377,s8.501582,s240.000000
135_130,s7.768870,s6.894242,s300.000000
135_131,s8.883963,s7.492886,s358.898885
135_132,s8.839068,s3.313172,s240.000000
135_133,s4.587287,s0.697152,s139.513165
135_134,s6.069879,s0.770751,s195.540994
136_0,s3.763629,s3.553742,s155.083789
136_1,s4.626669,s3.659483,s206.180148
136_2,s3.895422,s4.652545,s146.259059
136_3,s3.511305,s2.693209,s124.051521
136_4,s4.215740,s2.745073,s148.795008
136_5,s4.399297,s3.160395,s103.076144
136_6,s4.305435,s4.500633,s333.894836
136_7,s4.540794,s4.168609,s245.830198
136_8,s5.241098,s2.543923,s224.211385
136_9,s5.943787,s3.050819,s174.780695
136_10,s4.701009,s2.840594,s187.114910
136_11,s4.293598,s3.720657,s68.254794
136_12,s5.183842,s3.587073,s316.598268
136_13,s3.131941,s3.385737,s172.763098
136_14,s4.860678,s4.697782,s305.629873
136_15,s5.930354,s4.111278,s287.151329
136_16,s5.265467,s3.179096,s222.360085
136_17,s5.680297,s3.559941,s276.592573
136_18,s4.807325,s5.172454,s341.541515
136_19,s3.352987,s4.508164,s64.270949
136_20,s4.062159,s4.951733,s37.588747
136_21,s5.260782,s4.235262,s344.713672
136_22,s2.525015,s2.507752,s146.524303
136_23,s4.250779,s5.476332,s296.109201
136_24,s3.852560,s5.761247,s32.026723
136_25,s5.409938,s5.414825,s15.414033
136_26,s3.020253,s5.501677,s319.825773
136_27,s5.740660,s5.248866,s264.327577
136_28,s6.488304,s3.184618,s168.853251
136_29,s5.728421,s4.705663,s246.083806
136_30,s2.459892,s5.978324,s347.055037
136_31,s7.245725,s2.846070,s207.286011
136_32,s6.143224,s5.816716,s83.689669
136_33,s6.297386,s4.792197,s312.851340
136_34,s5.578804,s6.281577,s289.256917
136_35,s6.447283,s5.521545,s282.302437
136_36,s6.730815,s4.592424,s218.011258
136_37,s4.351955,s5.929909,s345.289643
136_38,s4.896291,s6.124735,s318.427250
136_39,s7.203488,s5.331405,s170.984218
136_40,s6.695782,s2.549018,s249.437534
136_41,s6.579015,s3.728970,s219.182966
136_42,s6.425954,s6.063280,s331.841808
136_43,s4.992729,s6.726372,s38.217527
136_44,s3.224640,s6.221113,s47.065366
136_45,s7.206473,s3.883660,s251.525050
136_46,s7.061849,s6.396706,s21.116615
136_47,s5.725539,s6.716175,s338.974474
136_48,s3.067986,s6.934189,s246.250312
136_49,s8.243194,s8.183715,s285.200018
136_50,s5.190662,s2.028165,s131.186868
136_51,s7.461990,s4.332639,s5.151134
136_52,s7.910482,s7.378302,s47.121285
136_53,s7.412082,s3.407747,s215.283492
136_54,s3.003591,s4.128864,s112.539257
136_55,s6.334531,s6.840926,s12.802024
136_56,s3.879554,s6.344026,s311.367614
136_57,s4.123712,s6.988311,s35.570451
136_58,s2.961956,s5.147087,s117.790990
136_59,s7.255254,s1.911356,s80.424226
136_60,s7.293387,s5.886114,s336.179442
136_61,s4.415000,s1.481788,s69.345801
136_62,s5.212652,s7.120523,s295.314660
136_63,s5.636812,s1.810203,s223.631840
136_64,s7.830131,s4.667580,s293.747812
136_65,s7.934853,s3.326778,s256.844202
136_66,s8.723631,s5.283952,s243.344050
136_67,s7.628920,s5.567596,s229.712072
136_68,s6.079609,s2.260928,s186.459209
136_69,s4.962605,s1.394957,s177.971525
136_70,s2.605135,s4.410189,s67.051797
136_71,s2.816545,s3.551272,s72.559698
136_72,s6.554045,s1.711147,s194.558597
136_73,s7.799547,s2.569571,s236.359210
136_74,s4.036866,s1.104647,s250.522667
136_75,s5.674857,s1.002410,s116.397207
136_76,s2.677198,s2.803980,s34.692047
136_77,s7.631029,s2.021732,s237.260020
136_78,s3.673099,s1.463163,s108.435310
136_79,s2.137025,s6.639361,s165.688212
136_80,s7.606164,s1.444659,s134.389452
136_81,s3.456129,s2.089453,s83.608301
136_82,s2.081926,s4.108585,s27.390124
136_83,s2.140319,s2.955058,s140.221341
136_84,s1.580814,s4.275638,s97.496175
136_85,s2.576777,s5.466111,s77.543796
136_86,s1.761125,s5.035019,s74.997186
136_87,s1.930093,s3.437790,s61.703502
136_88,s3.648843,s0.910763,s107.917024
136_89,s4.831080,s7.419554,s10.683472
136_90,s6.718930,s7.308351,s302.426860
136_91,s2.800939,s1.839302,s164.545455
136_92,s4.258735,s7.649099,s333.848083
136_93,s5.229734,s7.729519,s272.003200
136_94,s7.306921,s6.920992,s351.908428
136_95,s1.457820,s5.898087,s57.683170
136_96,s3.368051,s7.481039,s54.170981
136_97,s2.798728,s8.587259,s327.821711
136_98,s1.745641,s1.581638,s59.808810
136_99,s6.409695,s7.910969,s287.356210
136_100,s1.139789,s4.726477,s139.924651
136_101,s0.347233,s6.790575,s352.790612
136_102,s1.407715,s7.859283,s76.162694
136_103,s4.778345,s8.396460,s355.418737
136_104,s1.498936,s3.253124,s105.041953
136_105,s3.858094,s7.770442,s25.287596
136_106,s1.136600,s3.660153,s62.590339
136_107,s0.810658,s5.640879,s83.869952
136_108,s0.849736,s1.226593,s34.838407
136_109,s5.349783,s8.343140,s230.434429
136_110,s1.589612,s6.408303,s9.331424
136_111,s1.365301,s2.641324,s64.375611
136_112,s2.329045,s1.472576,s111.524507
136_113,s2.459068,s6.911430,s327.947400
136_114,s3.973302,s8.305016,s327.446472
136_115,s3.658107,s8.797734,s313.159382
136_116,s6.238954,s8.281737,s337.948278
136_117,s7.810060,s6.240286,s241.284563
136_118,s8.202660,s5.469912,s290.079996
136_119,s2.269321,s7.363225,s56.891323
136_120,s8.326705,s6.503355,s260.000000
136_121,s8.606811,s1.488809,s224.541203
136_122,s5.381386,s8.694669,s337.622309
136_123,s8.777855,s4.277177,s200.000000
136_124,s6.916104,s8.382062,s352.261797
136_125,s3.226081,s8.021525,s0.000000
136_126,s8.209115,s3.863586,s0.000000
136_127,s5.898615,s8.780806,s306.966213
136_128,s2.531291,s8.039024,s78.421666
136_129,s7.393736,s8.412873,s240.000000
136_130,s7.695229,s6.805533,s300.000000
136_131,s8.652374,s7.299060,s358.898885
136_132,s8.614262,s2.599579,s240.000000
136_133,s4.513646,s0.608444,s139.513165
136_134,s6.316940,s0.952943,s195.540994
136_135,s0.584631,s5.208202,s193.871464
137_0,s3.846141,s3.553742,s155.083789
137_1,s4.709182,s3.659483,s206.180148
137_2,s3.977935,s4.652545,s146.259059
137_3,s3.593818,s2.693209,s124.051521
137_4,s4.298253,s2.745073,s148.795008
137_5,s4.481810,s3.160395,s103.076144
137_6,s4.387948,s4.500633,s333.894836
137_7,s4.623307,s4.168609,s245.830198
137_8,s5.323611,s2.543923,s224.211385
137_9,s6.026300,s3.050819,s174.780695
137_10,s4.783522,s2.840594,s187.114910
137_11,s4.376111,s3.720657,s68.254794
137_12,s5.266355,s3.587073,s316.598268
137_13,s3.214454,s3.385737,s172.763098
137_14,s4.943191,s4.697782,s305.629873
137_15,s6.012866,s4.111278,s287.151329
137_16,s5.347980,s3.179096,s222.360085
137_17,s5.762810,s3.559941,s276.592573
137_18,s4.889838,s5.172454,s341.541515
137_19,s3.435500,s4.508164,s64.270949
137_20,s4.144672,s4.951733,s37.588747
137_21,s5.343295,s4.235262,s344.713672
137_22,s2.607528,s2.507752,s146.524303
137_23,s4.333292,s5.476332,s296.109201
137_24,s3.935073,s5.761247,s32.026723
137_25,s5.492451,s5.414825,s15.414033
137_26,s3.102766,s5.501677,s319.825773
137_27,s5.823173,s5.248866,s264.327577
137_28,s6.570817,s3.184618,s168.853251
137_29,s5.810934,s4.705663,s246.083806
137_30,s2.542405,s5.978324,s347.055037
137_31,s7.328238,s2.846070,s207.286011
137_32,s6.225737,s5.816716,s83.689669
137_33,s6.379899,s4.792197,s312.851340
137_34,s5.661317,s6.281577,s289.256917
137_35,s6.529796,s5.521545,s282.302437
137_36,s6.813328,s4.592424,s218.011258
137_37,s4.434468,s5.929909,s345.289643
137_38,s4.978804,s6.124735,s318.427250
137_39,s7.286001,s5.331405,s170.984218
137_40,s6.778295,s2.549018,s249.437534
137_41,s6.661528,s3.728970,s219.182966
137_42,s6.508467,s6.063280,s331.841808
137_43,s5.075242,s6.726372,s38.217527
137_44,s3.307153,s6.221113,s47.065366
137_45,s7.288986,s3.883660,s251.525050
137_46,s7.144362,s6.396706,s21.116615
137_47,s5.808052,s6.716175,s338.974474
137_48,s3.150499,s6.934189,s246.250312
137_49,s8.325707,s8.183715,s285.200018
137_50,s5.273175,s2.028165,s131.186868
137_51,s7.544503,s4.332639,s5.151134
137_52,s7.992995,s7.378302,s47.121285
137_53,s7.494595,s3.407747,s215.283492
137_54,s3.086104,s4.128864,s112.539257
137_55,s6.417043,s6.840926,s12.802024
137_56,s3.962067,s6.344026,s311.367614
137_57,s4.208708,s6.978139,s35.570451
137_58,s3.044469,s5.147087,s117.790990
137_59,s7.337767,s1.911356,s80.424226
137_60,s7.375900,s5.886114,s336.179442
137_61,s4.497513,s1.481788,s69.345801
137_62,s5.295165,s7.120523,s295.314660
137_63,s5.719325,s1.810203,s223.631840
137_64,s7.912644,s4.667580,s293.747812
137_65,s8.017366,s3.326778,s256.844202
137_66,s8.806144,s5.283952,s243.344050
137_67,s7.711433,s5.567596,s229.712072
137_68,s6.162122,s2.260928,s186.459209
137_69,s5.045118,s1.394957,s177.971525
137_70,s2.687648,s4.410189,s67.051797
137_71,s2.899058,s3.551272,s72.559698
137_72,s6.636558,s1.711147,s194.558597
137_73,s7.882060,s2.569571,s236.359210
137_74,s4.119379,s1.104647,s250.522667
137_75,s5.757370,s1.002410,s116.397207
137_76,s2.759711,s2.803980,s34.692047
137_77,s7.713542,s2.021732,s237.260020
137_78,s3.755612,s1.463163,s108.435310
137_79,s2.229825,s6.631580,s165.688212
137_80,s7.644123,s1.494454,s134.389452
137_81,s3.538642,s2.089453,s83.608301
137_82,s2.164439,s4.108585,s27.390124
137_83,s2.222832,s2.955058,s140.221341
137_84,s1.663327,s4.275638,s97.496175
137_85,s2.659290,s5.466111,s77.543796
137_86,s1.843638,s5.035019,s74.997186
137_87,s2.012606,s3.437790,s61.703502
137_88,s3.731356,s0.910763,s107.917024
137_89,s4.913593,s7.419554,s10.683472
137_90,s6.801443,s7.308351,s302.426860
137_91,s2.883452,s1.839302,s164.545455
137_92,s4.341248,s7.649099,s333.848083
137_93,s5.312247,s7.729519,s272.003200
137_94,s7.389434,s6.920992,s351.908428
137_95,s1.656056,s5.855651,s57.683170
137_96,s3.450563,s7.481039,s54.170981
137_97,s2.881241,s8.587259,s327.821711
137_98,s1.942308,s1.703701,s59.808810
137_99,s6.492208,s7.910969,s287.356210
137_100,s1.222302,s4.726477,s139.924651
137_101,s0.429746,s6.790575,s352.790612
137_102,s1.490228,s7.859283,s76.162694
137_103,s4.860858,s8.396460,s355.418737
137_104,s1.581449,s3.253124,s105.041953
137_105,s3.940607,s7.770442,s25.287596
137_106,s1.219112,s3.660153,s62.590339
137_107,s0.966457,s5.623376,s83.869952
137_108,s1.064396,s1.347084,s34.838407
137_109,s5.432296,s8.343140,s230.434429
137_110,s1.694612,s6.395990,s9.331424
137_111,s1.447813,s2.641324,s64.375611
137_112,s2.430020,s1.498077,s111.524507
137_113,s2.541581,s6.911430,s327.947400
137_114,s4.055815,s8.305016,s327.446472
137_115,s3.740620,s8.797734,s313.159382
137_116,s6.321467,s8.281737,s337.948278
137_117,s7.892573,s6.240286,s241.284563
137_118,s8.285173,s5.469912,s290.079996
137_119,s2.351834,s7.363225,s56.891323
137_120,s8.397064,s6.497406,s260.000000
137_121,s8.626597,s1.540353,s224.541203
137_122,s5.463899,s8.694669,s337.622309
137_123,s8.796123,s4.284072,s200.000000
137_124,s6.998617,s8.382062,s352.261797
137_125,s3.308594,s8.021525,s0.000000
137_126,s8.291627,s3.863586,s0.000000
137_127,s5.981128,s8.780806,s306.966213
137_128,s2.613804,s8.039024,s78.421666
137_129,s7.476249,s8.412873,s240.000000
137_130,s7.777742,s6.805533,s300.000000
137_131,s8.645946,s7.241281,s358.898885
137_132,s8.609435,s2.646567,s240.000000
137_133,s4.596159,s0.608444,s139.513165
137_134,s6.375920,s1.006995,s195.540994
137_135,s0.667144,s5.208202,s193.871464
137_136,s0.514230,s4.254320,s40.000000
138_0,s3.758185,s3.656066,s155.083789
138_1,s4.621225,s3.761808,s206.180148
138_2,s3.889979,s4.754869,s146.259059
138_3,s3.505862,s2.795534,s124.051521
138_4,s4.088629,s2.745867,s164.650811
138_5,s4.393854,s3.262719,s111.409936
138_6,s4.299991,s4.602958,s334.853987
138_7,s4.535350,s4.270934,s245.830198
138_8,s5.235655,s2.646247,s224.211385
138_9,s5.938343,s3.153143,s174.780695
138_10,s4.695566,s2.942918,s188.983882
138_11,s4.288155,s3.822981,s68.254794
138_12,s5.178399,s3.689397,s316.598268
138_13,s3.126497,s3.488061,s172.763098
138_14,s4.855235,s4.800106,s305.629873
138_15,s5.924910,s4.213602,s287.151329
138_16,s5.260023,s3.281421,s222.360085
138_17,s5.674854,s3.662265,s276.592573
138_18,s4.801882,s5.274778,s341.541515
138_19,s3.361675,s4.611636,s64.270949
138_20,s4.056716,s5.054058,s37.588747
138_21,s5.255339,s4.337587,s344.220327
138_22,s2.681007,s1.050880,s138.978767
138_23,s4.245336,s5.578657,s296.109201
138_24,s3.847117,s5.863572,s32.026723
138_25,s5.404495,s5.517150,s15.414033
138_26,s3.014810,s5.604002,s319.825773
138_27,s5.735217,s5.351191,s264.327577
138_28,s6.482861,s3.286943,s170.259436
138_29,s5.722978,s4.807987,s246.083806
138_30,s2.454449,s6.080649,s347.055037
138_31,s7.240282,s2.948394,s207.286011
138_32,s6.137780,s5.919041,s83.689669
138_33,s6.291943,s4.894522,s312.851340
138_34,s5.573361,s6.383901,s289.256917
138_35,s6.441840,s5.623869,s282.302437
138_36,s6.725371,s4.694749,s218.011258
138_37,s4.346512,s6.032233,s345.289643
138_38,s4.890848,s6.227060,s318.427250
138_39,s7.198044,s5.433730,s170.984218
138_40,s6.690338,s2.651343,s249.437534
138_41,s6.573571,s3.831294,s219.182966
138_42,s6.420511,s6.165605,s331.841808
138_43,s4.987286,s6.828697,s38.217527
138_44,s3.219196,s6.323438,s47.065366
138_45,s7.201030,s3.985984,s251.525050
138_46,s7.056406,s6.499030,s21.511714
138_47,s5.720096,s6.818500,s338.974474
138_48,s3.062543,s7.036513,s272.076352
138_49,s8.324918,s8.774417,s320.246634
138_50,s5.185219,s2.130489,s131.186868
138_51,s7.456547,s4.434964,s5.151134
138_52,s7.905039,s7.480626,s23.322626
138_53,s7.406639,s3.510072,s215.283492
138_54,s3.013009,s4.235349,s107.265513
138_55,s6.322944,s6.934443,s17.250050
138_56,s3.874111,s6.446351,s311.367614
138_57,s4.120751,s7.080463,s34.555162
138_58,s2.956513,s5.249411,s117.790990
138_59,s7.249811,s2.013681,s80.424226
138_60,s7.287944,s5.988438,s338.852693
138_61,s4.409557,s1.584112,s69.345801
138_62,s5.207209,s7.222847,s295.314660
138_63,s5.631369,s1.912528,s223.631840
138_64,s7.824688,s4.769905,s293.747812
138_65,s8.614789,s3.448022,s288.892876
138_66,s8.791446,s5.001705,s243.344050
138_67,s7.623477,s5.669920,s229.712072
138_68,s6.074166,s2.363253,s186.459209
138_69,s4.957162,s1.497281,s177.971525
138_70,s2.599692,s4.512514,s67.051797
138_71,s2.811102,s3.653597,s72.559698
138_72,s6.548602,s1.813471,s194.558597
138_73,s7.782775,s2.679602,s239.590118
138_74,s4.031422,s1.206971,s250.522667
138_75,s5.660488,s1.140865,s126.155247
138_76,s2.671754,s2.906305,s34.692047
138_77,s7.625586,s2.124057,s237.260020
138_78,s3.667656,s1.565488,s106.475537
138_79,s2.141868,s6.733904,s166.019064
138_80,s7.334043,s1.500929,s200.008375
138_81,s3.450686,s2.191777,s83.608301
138_82,s2.076482,s4.210910,s27.509791
138_83,s2.134876,s3.057383,s140.221341
138_84,s1.575371,s4.377963,s97.496175
138_85,s2.571333,s5.568436,s89.177768
138_86,s1.755682,s5.137344,s74.997186
138_87,s1.924650,s3.540114,s60.122064
138_88,s3.294789,s0.715761,s148.084876
138_89,s4.825637,s7.521879,s10.683472
138_90,s6.686638,s7.373186,s331.201568
138_91,s2.804504,s1.954368,s164.545455
138_92,s4.253292,s7.751423,s333.848083
138_93,s5.224291,s7.831844,s274.985752
138_94,s7.301478,s7.023317,s351.908428
138_95,s1.723490,s5.868910,s57.683170
138_96,s3.362607,s7.583363,s54.170981
138_97,s2.804738,s8.666612,s335.700198
138_98,s1.854352,s1.806026,s64.118481
138_99,s6.404252,s8.013293,s287.356210
138_100,s1.134346,s4.828802,s139.924651
138_101,s1.079767,s6.812416,s331.478743
138_102,s1.433959,s8.106151,s98.163364
138_103,s4.772888,s8.482604,s0.103534
138_104,s1.493493,s3.355448,s105.041953
138_105,s3.852651,s7.872766,s25.287596
138_106,s1.131156,s3.762478,s62.590339
138_107,s0.927574,s5.713127,s9.870594
138_108,s0.917034,s2.079332,s52.836546
138_109,s5.344340,s8.445465,s230.434429
138_110,s1.606656,s6.498315,s9.331424
138_111,s1.773395,s0.791467,s97.257937
138_112,s2.342063,s1.600401,s116.953461
138_113,s2.491645,s6.976147,s343.723274
138_114,s3.967859,s8.407340,s327.446472
138_115,s3.652664,s8.900058,s313.159382
138_116,s6.233510,s8.384062,s333.312826
138_117,s7.804617,s6.342610,s241.284563
138_118,s8.197216,s5.572236,s290.079996
138_119,s0.580450,s7.373314,s41.818612
138_120,s8.227317,s6.556097,s294.385708
138_121,s8.814116,s1.640313,s200.365077
138_122,s5.375943,s8.796994,s337.622309
138_123,s8.684984,s4.388329,s250.787164
138_124,s6.910661,s8.484386,s353.581348
138_125,s3.220638,s8.123849,s354.468255
138_126,s8.203671,s3.965911,s0.000000
138_127,s5.893172,s8.883130,s310.500987
138_128,s2.012661,s8.571962,s78.421666
138_129,s7.342065,s8.876430,s295.264558
138_130,s7.689786,s6.907858,s300.000000
138_131,s8.545206,s7.334758,s329.911626
138_132,s8.815443,s2.777067,s314.858433
138_133,s4.508203,s0.710769,s139.513165
138_134,s6.427235,s0.899055,s254.280853
138_135,s0.579188,s5.310527,s193.871464
138_136,s0.436887,s4.357546,s33.100483
138_137,s5.337667,s0.411662,s239.030755
139_0,s3.745599,s3.592327,s155.083789
139_1,s4.608639,s3.698069,s206.180148
139_2,s3.877392,s4.691130,s146.259059
139_3,s3.493275,s2.731794,s124.051521
139_4,s4.087234,s2.717910,s164.650811
139_5,s4.387329,s3.224469,s111.409936
139_6,s4.287405,s4.539218,s334.853987
139_7,s4.522764,s4.207194,s245.830198
139_8,s5.223068,s2.582508,s224.211385
139_9,s5.925757,s3.089404,s174.780695
139_10,s4.683636,s2.899959,s188.983882
139_11,s4.275568,s3.759242,s68.254794
139_12,s5.165812,s3.625658,s316.598268
139_13,s3.113911,s3.424322,s172.763098
139_14,s4.822043,s4.729958,s305.629873
139_15,s5.912324,s4.149863,s287.151329
139_16,s5.247437,s3.217682,s222.360085
139_17,s5.662267,s3.598526,s276.592573
139_18,s4.789295,s5.211039,s341.541515
139_19,s3.349088,s4.547897,s64.270949
139_20,s4.044129,s4.990318,s37.588747
139_21,s5.242752,s4.273847,s344.220327
139_22,s2.676707,s1.002007,s138.978767
139_23,s4.232749,s5.514917,s296.109201
139_24,s3.834530,s5.799833,s32.026723
139_25,s5.391909,s5.453410,s15.414033
139_26,s3.002223,s5.540262,s319.825773
139_27,s5.722630,s5.287451,s264.327577
139_28,s6.470274,s3.223203,s170.259436
139_29,s5.710391,s4.744248,s246.083806
139_30,s2.441862,s6.016910,s347.055037
139_31,s7.227695,s2.884655,s207.286011
139_32,s6.125194,s5.855302,s83.689669
139_33,s6.279356,s4.830783,s312.851340
139_34,s5.560774,s6.320162,s289.256917
139_35,s6.429253,s5.560130,s282.302437
139_36,s6.712785,s4.631009,s218.011258
139_37,s4.333926,s5.968494,s345.289643
139_38,s4.878262,s6.163321,s318.427250
139_39,s7.185458,s5.369991,s170.984218
139_40,s6.677752,s2.587603,s249.437534
139_41,s6.560985,s3.767555,s219.182966
139_42,s6.407924,s6.101866,s331.841808
139_43,s4.974700,s6.764957,s38.217527
139_44,s3.206610,s6.259698,s47.065366
139_45,s7.188443,s3.922245,s251.525050
139_46,s7.043819,s6.435291,s21.511714
139_47,s5.707509,s6.754760,s338.974474
139_48,s3.049957,s6.972774,s272.076352
139_49,s8.106689,s8.480550,s320.246634
139_50,s5.172632,s2.066750,s131.186868
139_51,s7.443961,s4.371225,s5.151134
139_52,s7.859621,s7.388871,s23.322626
139_53,s7.394052,s3.446332,s215.283492
139_54,s3.000422,s4.171610,s107.265513
139_55,s6.310357,s6.870704,s17.250050
139_56,s3.861524,s6.382611,s311.367614
139_57,s4.108165,s7.016724,s34.555162
139_58,s2.943927,s5.185672,s117.790990
139_59,s7.237224,s1.949942,s80.424226
139_60,s7.275357,s5.924699,s338.852693
139_61,s4.396970,s1.520373,s69.345801
139_62,s5.194622,s7.159108,s295.314660
139_63,s5.618782,s1.848789,s223.631840
139_64,s7.812101,s4.706165,s293.747812
139_65,s8.481717,s3.425504,s288.892876
139_66,s8.722212,s4.935051,s243.344050
139_67,s7.610890,s5.606181,s229.712072
139_68,s6.061580,s2.299514,s186.459209
139_69,s4.944575,s1.433542,s177.971525
139_70,s2.598767,s4.450208,s67.051797
139_71,s2.798515,s3.589858,s72.559698
139_72,s6.536015,s1.749732,s194.558597
139_73,s7.770188,s2.615862,s239.590118
139_74,s4.018836,s1.143232,s250.522667
139_75,s5.615451,s1.206357,s126.155247
139_76,s2.659168,s2.842566,s34.692047
139_77,s7.613000,s2.060318,s237.260020
139_78,s3.655069,s1.501749,s106.475537
139_79,s2.129282,s6.670165,s166.019064
139_80,s7.321457,s1.437189,s200.008375
139_81,s3.438099,s2.128038,s83.608301
139_82,s2.063896,s4.147171,s27.509791
139_83,s2.122289,s2.993644,s140.221341
139_84,s1.562784,s4.314223,s97.496175
139_85,s2.558747,s5.504696,s89.177768
139_86,s1.743095,s5.073605,s74.997186
139_87,s1.912063,s3.476375,s60.122064
139_88,s3.326991,s0.777709,s148.084876
139_89,s4.813050,s7.458140,s10.683472
139_90,s6.640078,s7.263714,s331.201568
139_91,s2.791918,s1.890628,s164.545455
139_92,s4.240706,s7.687684,s333.848083
139_93,s5.209755,s7.756120,s274.985752
139_94,s7.276700,s6.948852,s351.908428
139_95,s1.710904,s5.805171,s57.683170
139_96,s3.360340,s7.498649,s54.170981
139_97,s2.792151,s8.602873,s335.700198
139_98,s1.940998,s1.843934,s64.118481
139_99,s6.391665,s7.949554,s287.356210
139_100,s1.121760,s4.765063,s139.924651
139_101,s1.067181,s6.748677,s331.478743
139_102,s1.479811,s7.983666,s98.163364
139_103,s4.760301,s8.418865,s0.103534
139_104,s1.480906,s3.291709,s105.041953
139_105,s3.840064,s7.809027,s25.287596
139_106,s1.118570,s3.698738,s62.590339
139_107,s0.914987,s5.649387,s9.870594
139_108,s1.004745,s2.086070,s52.836546
139_109,s5.331753,s8.381725,s230.434429
139_110,s1.594069,s6.434575,s9.331424
139_111,s1.832889,s0.823969,s97.257937
139_112,s2.329477,s1.536662,s116.953461
139_113,s2.508378,s6.883820,s343.723274
139_114,s3.955272,s8.343601,s327.446472
139_115,s3.640077,s8.836319,s313.159382
139_116,s6.220924,s8.320322,s333.312826
139_117,s7.764925,s6.264887,s241.284563
139_118,s8.184630,s5.508497,s290.079996
139_119,s0.601484,s7.288566,s41.818612
139_120,s8.200057,s6.484854,s294.385708
139_121,s8.774214,s1.597640,s200.365077
139_122,s5.363356,s8.733255,s337.622309
139_123,s8.630837,s4.328607,s250.787164
139_124,s6.898074,s8.420647,s353.581348
139_125,s3.208051,s8.060110,s354.468255
139_126,s8.191085,s3.902172,s0.000000
139_127,s5.880585,s8.819391,s310.500987
139_128,s2.039406,s8.453971,s78.421666
139_129,s7.297626,s8.762147,s295.264558
139_130,s7.677200,s6.844119,s300.000000
139_131,s8.443332,s7.211047,s329.911626
139_132,s8.774118,s2.727433,s314.858433
139_133,s4.495616,s0.647029,s139.513165
139_134,s6.391264,s0.889325,s254.280853
139_135,s0.566601,s5.246787,s193.871464
139_136,s0.436887,s4.295030,s33.100483
139_137,s5.316527,s0.411662,s239.030755
139_138,s2.029520,s7.204151,s20.000000
140_0,s3.741928,s3.553742,s155.083789
140_1,s4.604969,s3.659483,s206.180148
140_2,s3.873722,s4.652545,s146.259059
140_3,s3.489605,s2.693209,s124.051521
140_4,s4.089671,s2.698983,s164.650811
140_5,s4.383658,s3.185884,s111.409936
140_6,s4.283735,s4.500633,s334.853987
140_7,s4.519094,s4.168609,s245.830198
140_8,s5.219398,s2.543923,s224.211385
140_9,s5.922087,s3.050819,s174.780695
140_10,s4.680409,s2.883776,s188.983882
140_11,s4.271898,s3.720657,s68.254794
140_12,s5.162142,s3.587073,s316.598268
140_13,s3.110241,s3.385737,s172.763098
140_14,s4.818372,s4.691373,s305.629873
140_15,s5.908653,s4.111278,s287.151329
140_16,s5.243767,s3.179096,s222.360085
140_17,s5.658597,s3.559941,s276.592573
140_18,s4.785625,s5.172454,s341.541515
140_19,s3.345418,s4.509312,s64.270949
140_20,s4.040459,s4.951733,s37.588747
140_21,s5.239082,s4.235262,s344.220327
140_22,s2.673037,s0.963422,s138.978767
140_23,s4.229079,s5.476332,s296.109201
140_24,s3.830860,s5.761247,s32.026723
140_25,s5.388238,s5.414825,s15.414033
140_26,s2.998553,s5.501677,s319.825773
140_27,s5.718960,s5.248866,s264.327577
140_28,s6.466604,s3.184618,s170.259436
140_29,s5.706721,s4.705663,s246.083806
140_30,s2.438192,s5.978324,s347.055037
140_31,s7.224025,s2.846070,s207.286011
140_32,s6.121524,s5.816716,s83.689669
140_33,s6.275686,s4.792197,s312.851340
140_34,s5.557104,s6.281577,s289.256917
140_35,s6.425583,s5.521545,s282.302437
140_36,s6.709115,s4.592424,s218.011258
140_37,s4.330255,s5.929909,s345.289643
140_38,s4.874591,s6.124735,s318.427250
140_39,s7.181788,s5.331405,s170.984218
140_40,s6.674082,s2.549018,s249.437534
140_41,s6.557315,s3.728970,s219.182966
140_42,s6.404254,s6.063280,s331.841808
140_43,s4.971029,s6.726372,s38.217527
140_44,s3.202940,s6.221113,s47.065366
140_45,s7.184773,s3.883660,s251.525050
140_46,s7.040149,s6.396706,s21.511714
140_47,s5.703839,s6.716175,s338.974474
140_48,s3.046286,s6.934189,s272.076352
140_49,s8.064434,s8.399523,s320.246634
140_50,s5.168962,s2.028165,s131.186868
140_51,s7.440290,s4.332639,s5.151134
140_52,s7.825526,s7.324767,s23.322626
140_53,s7.390382,s3.407747,s215.283492
140_54,s2.996752,s4.133024,s107.265513
140_55,s6.306687,s6.832119,s17.250050
140_56,s3.857854,s6.344026,s311.367614
140_57,s4.104495,s6.978139,s34.555162
140_58,s2.940256,s5.147087,s117.790990
140_59,s7.233554,s1.911356,s80.424226
140_60,s7.271687,s5.886114,s338.852693
140_61,s4.393300,s1.481788,s69.345801
140_62,s5.190952,s7.120523,s295.314660
140_63,s5.615112,s1.810203,s223.631840
140_64,s7.808431,s4.667580,s293.747812
140_65,s8.405890,s3.412400,s288.892876
140_66,s8.718542,s4.896466,s243.344050
140_67,s7.607220,s5.567596,s229.712072
140_68,s6.057909,s2.260928,s186.459209
140_69,s4.940905,s1.394957,s177.971525
140_70,s2.595097,s4.411623,s67.051797
140_71,s2.794845,s3.551272,s72.559698
140_72,s6.532345,s1.711147,s194.558597
140_73,s7.766518,s2.577277,s239.590118
140_74,s4.015166,s1.104647,s250.522667
140_75,s5.611781,s1.167772,s126.155247
140_76,s2.655498,s2.803980,s34.692047
140_77,s7.609329,s2.021732,s237.260020
140_78,s3.651399,s1.463163,s106.475537
140_79,s2.125611,s6.631580,s166.019064
140_80,s7.317787,s1.398604,s200.008375
140_81,s3.434429,s2.089453,s83.608301
140_82,s2.060226,s4.108585,s27.509791
140_83,s2.118619,s2.955058,s140.221341
140_84,s1.559114,s4.275638,s97.496175
140_85,s2.555077,s5.466111,s89.177768
140_86,s1.739425,s5.035019,s74.997186
140_87,s1.908393,s3.437790,s60.122064
140_88,s3.372033,s0.878191,s148.084876
140_89,s4.809380,s7.419554,s10.683472
140_90,s6.627034,s7.212882,s331.201568
140_91,s2.788247,s1.852043,s164.545455
140_92,s4.237035,s7.649099,s333.848083
140_93,s5.206084,s7.717534,s274.985752
140_94,s7.273030,s6.910267,s351.908428
140_95,s1.707234,s5.766585,s57.683170
140_96,s3.356670,s7.460064,s54.170981
140_97,s2.788481,s8.564287,s335.700198
140_98,s1.956501,s1.825436,s64.118481
140_99,s6.371074,s7.878632,s287.356210
140_100,s1.141076,s4.726294,s139.924651
140_101,s1.063510,s6.710091,s331.478743
140_102,s1.516268,s7.905111,s98.163364
140_103,s4.756631,s8.380279,s0.103534
140_104,s1.477236,s3.253124,s105.041953
140_105,s3.836394,s7.770442,s25.287596
140_106,s1.114899,s3.660153,s62.590339
140_107,s0.926853,s5.607152,s9.870594
140_108,s1.115922,s2.130003,s52.836546
140_109,s5.328083,s8.343140,s230.434429
140_110,s1.590399,s6.395990,s9.331424
140_111,s1.849845,s0.813469,s97.257937
140_112,s2.343004,s1.521231,s116.953461
140_113,s2.504707,s6.845235,s343.723274
140_114,s3.951602,s8.305016,s327.446472
140_115,s3.636407,s8.797734,s313.159382
140_116,s6.217254,s8.281737,s333.312826
140_117,s7.761255,s6.226302,s241.284563
140_118,s8.180959,s5.469912,s290.079996
140_119,s0.636925,s7.225931,s41.818612
140_120,s8.175782,s6.436030,s294.385708
140_121,s8.595489,s1.695429,s200.365077
140_122,s5.359686,s8.694669,s337.622309
140_123,s8.581919,s4.294965,s250.787164
140_124,s6.882137,s8.361417,s353.581348
140_125,s3.204381,s8.021525,s354.468255
140_126,s8.187414,s3.863586,s0.000000
140_127,s5.876915,s8.780806,s310.500987
140_128,s2.056725,s8.386432,s78.421666
140_129,s7.293956,s8.723562,s295.264558
140_130,s7.673529,s6.805533,s300.000000
140_131,s8.439662,s7.172462,s329.911626
140_132,s8.667887,s2.740160,s314.858433
140_133,s4.491946,s0.608444,s139.513165
140_134,s6.382320,s0.862943,s254.280853
140_135,s0.562931,s5.208202,s193.871464
140_136,s0.445080,s4.257721,s33.100483
140_137,s5.302073,s0.450450,s239.030755
140_138,s2.064146,s7.130721,s20.000000
140_139,s0.692820,s3.311079,s60.000000
141_0,s3.741928,s3.553742,s155.083789
141_1,s4.604969,s3.659483,s206.180148
141_2,s3.873722,s4.652545,s146.259059
141_3,s3.489605,s2.693209,s124.051521
141_4,s4.093684,s2.711897,s164.650811
141_5,s4.383658,s3.185884,s111.409936
141_6,s4.283735,s4.500633,s334.853987
141_7,s4.519094,s4.168609,s245.830198
141_8,s5.219398,s2.543923,s224.211385
141_9,s5.922087,s3.050819,s174.780695
141_10,s4.680409,s2.883776,s188.983882
141_11,s4.271898,s3.720657,s68.254794
141_12,s5.162142,s3.587073,s316.598268
141_13,s3.110241,s3.385737,s172.763098
141_14,s4.818372,s4.691373,s305.629873
141_15,s5.908653,s4.111278,s287.151329
141_16,s5.243767,s3.179096,s222.360085
141_17,s5.658597,s3.559941,s276.592573
141_18,s4.785625,s5.172454,s341.541515
141_19,s3.345418,s4.509312,s64.270949
141_20,s4.040459,s4.951733,s37.588747
141_21,s5.239082,s4.235262,s344.220327
141_22,s2.673037,s0.963422,s138.978767
141_23,s4.229079,s5.476332,s296.109201
141_24,s3.830860,s5.761247,s32.026723
141_25,s5.388238,s5.414825,s15.414033
141_26,s2.998553,s5.501677,s319.825773
141_27,s5.718960,s5.248866,s264.327577
141_28,s6.466604,s3.184618,s170.259436
141_29,s5.706721,s4.705663,s246.083806
141_30,s2.438192,s5.978324,s347.055037
141_31,s7.224025,s2.846070,s207.286011
141_32,s6.121524,s5.816716,s83.689669
141_33,s6.275686,s4.792197,s312.851340
141_34,s5.557104,s6.281577,s289.256917
141_35,s6.425583,s5.521545,s282.302437
141_36,s6.709115,s4.592424,s218.011258
141_37,s4.330255,s5.929909,s345.289643
141_38,s4.874591,s6.124735,s318.427250
141_39,s7.181788,s5.331405,s170.984218
141_40,s6.674082,s2.549018,s249.437534
141_41,s6.557315,s3.728970,s219.182966
141_42,s6.404254,s6.063280,s331.841808
141_43,s4.971029,s6.726372,s38.217527
141_44,s3.202940,s6.221113,s47.065366
141_45,s7.184773,s3.883660,s251.525050
141_46,s7.040149,s6.396706,s21.511714
141_47,s5.703839,s6.716175,s338.974474
141_48,s3.046286,s6.934189,s272.076352
141_49,s8.007101,s8.336459,s320.246634
141_50,s5.168962,s2.028165,s131.186868
141_51,s7.440290,s4.332639,s5.151134
141_52,s7.825526,s7.324767,s23.322626
141_53,s7.390382,s3.407747,s215.283492
141_54,s2.996752,s4.133024,s107.265513
141_55,s6.306687,s6.832119,s17.250050
141_56,s3.857854,s6.344026,s311.367614
141_57,s4.104495,s6.978139,s34.555162
141_58,s2.940256,s5.147087,s117.790990
141_59,s7.233554,s1.911356,s80.424226
141_60,s7.271687,s5.886114,s338.852693
141_61,s4.393300,s1.481788,s69.345801
141_62,s5.190952,s7.120523,s295.314660
141_63,s5.615112,s1.810203,s223.631840
141_64,s7.808431,s4.667580,s293.747812
141_65,s8.392370,s3.417181,s288.892876
141_66,s8.718542,s4.896466,s243.344050
141_67,s7.607220,s5.567596,s229.712072
141_68,s6.057909,s2.260928,s186.459209
141_69,s4.940905,s1.394957,s177.971525
141_70,s2.595097,s4.411623,s67.051797
141_71,s2.794845,s3.551272,s72.559698
141_72,s6.532345,s1.711147,s194.558597
141_73,s7.758097,s2.583186,s239.590118
141_74,s4.015166,s1.104647,s250.522667
141_75,s5.611781,s1.167772,s126.155247
141_76,s2.655498,s2.803980,s34.692047
141_77,s7.596977,s2.033243,s237.260020
141_78,s3.651399,s1.463163,s106.475537
141_79,s2.125611,s6.631580,s166.019064
141_80,s7.317787,s1.398604,s200.008375
141_81,s3.434429,s2.089453,s83.608301
141_82,s2.060226,s4.108585,s27.509791
141_83,s2.118619,s2.955058,s140.221341
141_84,s1.559114,s4.275638,s97.496175
141_85,s2.555077,s5.466111,s89.177768
141_86,s1.739425,s5.035019,s74.997186
141_87,s1.908393,s3.437790,s60.122064
141_88,s3.400105,s0.958331,s148.084876
141_89,s4.809380,s7.419554,s10.683472
141_90,s6.627034,s7.212882,s331.201568
141_91,s2.788247,s1.852043,s164.545455
141_92,s4.237035,s7.649099,s333.848083
141_93,s5.206084,s7.717534,s274.985752
141_94,s7.273030,s6.910267,s351.908428
141_95,s1.707234,s5.766585,s57.683170
141_96,s3.356670,s7.460064,s54.170981
141_97,s2.788481,s8.564287,s335.700198
141_98,s1.965711,s1.835085,s64.118481
141_99,s6.371074,s7.878632,s287.356210
141_100,s1.141076,s4.726294,s139.924651
141_101,s1.063510,s6.710091,s331.478743
141_102,s1.576315,s7.845300,s98.163364
141_103,s4.756631,s8.380279,s0.103534
141_104,s1.477236,s3.253124,s105.041953
141_105,s3.836394,s7.770442,s25.287596
141_106,s1.114899,s3.660153,s62.590339
141_107,s0.995035,s5.591142,s9.870594
141_108,s1.115922,s2.130003,s52.836546
141_109,s5.328083,s8.343140,s230.434429
141_110,s1.590399,s6.395990,s9.331424
141_111,s1.849845,s0.813469,s97.257937
141_112,s2.343004,s1.521231,s116.953461
141_113,s2.504707,s6.845235,s343.723274
141_114,s3.951602,s8.305016,s327.446472
141_115,s3.636407,s8.797734,s313.159382
141_116,s6.217254,s8.281737,s333.312826
141_117,s7.761255,s6.226302,s241.284563
141_118,s8.180959,s5.469912,s290.079996
141_119,s0.636925,s7.225931,s41.818612
141_120,s8.175782,s6.436030,s294.385708
141_121,s8.576896,s1.709914,s200.365077
141_122,s5.359686,s8.694669,s337.622309
141_123,s8.581919,s4.294965,s250.787164
141_124,s6.882137,s8.361417,s353.581348
141_125,s3.204381,s8.021525,s354.468255
141_126,s8.187414,s3.863586,s0.000000
141_127,s5.876915,s8.780806,s310.500987
141_128,s2.095597,s8.332813,s78.421666
141_129,s7.281303,s8.703893,s295.264558
141_130,s7.673529,s6.805533,s300.000000
141_131,s8.439662,s7.172462,s329.911626
141_132,s8.574685,s2.786796,s314.858433
141_133,s4.491946,s0.608444,s139.513165
141_134,s6.382320,s0.862943,s254.280853
141_135,s0.586508,s5.205415,s193.871464
141_136,s0.445080,s4.257721,s33.100483
141_137,s5.297151,s0.486332,s239.030755
141_138,s2.064146,s7.130721,s20.000000
141_139,s0.692820,s3.311079,s60.000000
141_140,s9.022129,s5.293358,s0.000000
142_0,s3.741928,s3.550466,s155.083789
142_1,s4.604969,s3.656207,s206.180148
142_2,s3.873722,s4.649269,s146.259059
142_3,s3.489605,s2.689933,s124.051521
142_4,s4.093684,s2.708621,s177.617374
142_5,s4.383658,s3.182608,s111.409936
142_6,s4.283735,s4.497357,s334.853987
142_7,s4.519094,s4.165333,s245.830198
142_8,s5.219398,s2.540647,s224.211385
142_9,s5.922087,s3.047543,s174.780695
142_10,s4.680409,s2.880500,s188.983882
142_11,s4.271898,s3.717381,s68.254794
142_12,s5.162142,s3.583797,s316.598268
142_13,s3.110241,s3.382461,s172.763098
142_14,s4.818372,s4.688097,s305.629873
142_15,s5.908653,s4.108002,s287.151329
142_16,s5.243767,s3.175820,s222.360085
142_17,s5.658597,s3.556665,s276.592573
142_18,s4.785625,s5.169178,s340.309550
142_19,s3.345418,s4.506036,s64.270949
142_20,s4.040459,s4.948457,s37.588747
142_21,s5.239082,s4.231986,s344.220327
142_22,s2.682269,s0.977104,s138.978767
142_23,s4.229079,s5.473056,s296.109201
142_24,s3.830860,s5.757971,s32.026723
142_25,s5.388238,s5.411549,s15.414033
142_26,s2.998553,s5.498401,s320.426147
142_27,s5.718960,s5.245590,s264.327577
142_28,s6.466604,s3.181342,s170.259436
142_29,s5.706721,s4.702387,s246.083806
142_30,s2.438192,s5.975048,s347.055037
142_31,s7.224025,s2.842794,s207.286011
142_32,s6.121524,s5.813440,s83.689669
142_33,s6.275686,s4.788921,s312.851340
142_34,s5.557104,s6.278301,s289.256917
142_35,s6.425583,s5.518269,s282.302437
142_36,s6.709115,s4.589148,s218.011258
142_37,s4.330255,s5.926633,s345.289643
142_38,s4.874591,s6.121459,s318.427250
142_39,s7.181788,s5.328129,s170.984218
142_40,s6.674082,s2.545742,s249.437534
142_41,s6.557315,s3.725694,s219.182966
142_42,s6.404254,s6.060004,s331.841808
142_43,s4.971029,s6.723096,s38.217527
142_44,s3.202940,s6.217837,s47.065366
142_45,s7.184773,s3.880384,s251.525050
142_46,s7.040149,s6.393430,s21.511714
142_47,s5.703839,s6.712899,s338.974474
142_48,s3.046286,s6.930913,s272.076352
142_49,s8.261088,s8.505137,s327.154015
142_50,s5.168962,s2.024889,s131.186868
142_51,s7.440290,s4.329363,s5.151134
142_52,s7.825526,s7.321491,s23.322626
142_53,s7.390382,s3.404471,s215.283492
142_54,s2.996752,s4.129748,s107.265513
142_55,s6.306687,s6.828843,s17.250050
142_56,s3.857854,s6.340750,s311.367614
142_57,s4.104495,s6.974863,s34.555162
142_58,s2.940256,s5.143811,s117.790990
142_59,s7.233554,s1.908080,s80.424226
142_60,s7.271687,s5.882838,s338.852693
142_61,s4.393300,s1.478512,s69.345801
142_62,s5.190952,s7.117247,s295.314660
142_63,s5.615112,s1.806927,s223.631840
142_64,s7.808431,s4.664304,s297.606551
142_65,s8.382556,s3.417377,s288.892876
142_66,s8.718542,s4.893190,s237.924884
142_67,s7.607220,s5.564320,s229.712072
142_68,s6.057909,s2.257652,s186.459209
142_69,s4.940905,s1.391681,s177.971525
142_70,s2.595097,s4.408347,s67.051797
142_71,s2.794845,s3.547996,s72.559698
142_72,s6.532345,s1.707871,s194.558597
142_73,s7.758097,s2.579910,s239.590118
142_74,s4.015166,s1.101371,s250.522667
142_75,s5.611781,s1.164496,s126.155247
142_76,s2.655498,s2.800705,s34.692047
142_77,s7.596977,s2.029967,s237.260020
142_78,s3.651399,s1.459887,s106.475537
142_79,s2.125611,s6.628304,s166.019064
142_80,s8.114325,s1.131699,s177.622488
142_81,s3.434429,s2.086177,s83.608301
142_82,s2.060226,s4.105309,s27.509791
142_83,s2.118619,s2.951782,s140.221341
142_84,s1.559114,s4.272362,s97.496175
142_85,s2.555077,s5.462835,s89.177768
142_86,s1.656069,s5.077639,s69.632522
142_87,s1.908393,s3.434514,s60.122064
142_88,s3.719762,s0.696452,s148.084876
142_89,s4.809380,s7.416278,s10.683472
142_90,s6.627034,s7.209606,s336.202683
142_91,s2.788247,s1.848767,s164.545455
142_92,s4.237035,s7.645823,s333.848083
142_93,s5.206084,s7.714258,s274.985752
142_94,s7.273030,s6.906991,s351.908428
142_95,s1.707234,s5.763309,s57.683170
142_96,s3.356670,s7.456788,s54.170981
142_97,s2.788481,s8.561011,s335.700198
142_98,s1.965711,s1.831809,s64.118481
142_99,s6.371074,s7.875356,s287.356210
142_100,s1.141076,s4.723018,s139.924651
142_101,s1.063510,s6.706815,s331.478743
142_102,s1.576315,s7.842024,s78.683744
142_103,s4.756631,s8.377003,s0.103534
142_104,s1.477236,s3.249848,s105.041953
142_105,s3.836394,s7.767166,s25.287596
142_106,s1.114899,s3.656877,s62.590339
142_107,s0.826980,s5.697394,s8.335234
142_108,s1.128483,s2.135752,s52.836546
142_109,s5.325976,s8.327368,s230.434429
142_110,s1.590399,s6.392714,s9.331424
142_111,s1.849845,s0.810193,s71.443113
142_112,s2.343004,s1.517955,s116.953461
142_113,s2.504707,s6.841959,s343.723274
142_114,s3.951602,s8.301740,s327.446472
142_115,s3.636407,s8.794458,s316.002251
142_116,s6.217254,s8.278461,s333.312826
142_117,s7.761255,s6.223026,s241.284563
142_118,s8.180959,s5.466636,s290.079996
142_119,s0.710308,s7.177532,s41.818612
142_120,s8.175782,s6.432754,s294.385708
142_121,s9.053324,s2.154864,s188.295840
142_122,s5.359686,s8.691393,s49.385080
142_123,s8.581919,s4.291689,s250.787164
142_124,s6.882137,s8.358141,s353.581348
142_125,s3.204381,s8.018249,s354.468255
142_126,s8.104206,s3.843954,s344.329466
142_127,s5.876915,s8.777530,s310.500987
142_128,s2.174149,s8.505773,s67.861664
142_129,s7.436444,s8.869420,s294.058930
142_130,s7.659042,s6.792025,s297.895839
142_131,s8.699999,s7.312848,s311.706492
142_132,s8.515789,s2.520827,s303.336580
142_133,s4.401457,s0.579643,s136.431767
142_134,s6.382320,s0.859667,s254.280853
142_135,s0.586508,s5.202139,s193.871464
142_136,s0.457947,s4.255829,s33.100483
142_137,s5.294011,s0.505945,s250.235127
142_138,s2.064146,s7.127445,s20.000000
142_139,s0.692820,s3.307803,s60.000000
142_140,s9.022129,s5.290082,s0.000000
142_141,s2.461606,s7.631461,s0.000000
143_0,s3.741928,s3.526747,s155.083789
143_1,s4.604969,s3.632489,s206.180148
143_2,s3.873722,s4.625550,s146.259059
143_3,s3.489605,s2.666214,s124.051521
143_4,s4.093684,s2.684902,s177.617374
143_5,s4.383658,s3.158889,s111.409936
143_6,s4.283735,s4.473638,s334.853987
143_7,s4.519094,s4.141614,s245.830198
143_8,s5.219398,s2.516928,s224.211385
143_9,s5.922087,s3.023824,s174.780695
143_10,s4.680409,s2.856781,s188.983882
143_11,s4.271898,s3.693662,s68.254794
143_12,s5.162142,s3.560078,s316.598268
143_13,s3.110241,s3.358742,s172.763098
143_14,s4.818372,s4.664378,s305.629873
143_15,s5.908653,s4.084283,s287.151329
143_16,s5.243767,s3.152102,s222.360085
143_17,s5.658597,s3.532946,s276.592573
143_18,s4.785625,s5.145459,s340.309550
143_19,s3.345418,s4.482317,s64.270949
143_20,s4.040459,s4.924738,s37.588747
143_21,s5.239082,s4.208267,s344.220327
143_22,s2.682269,s0.953385,s138.978767
143_23,s4.229079,s5.449337,s296.109201
143_24,s3.830860,s5.734253,s32.026723
143_25,s5.388238,s5.387830,s15.414033
143_26,s2.998553,s5.474682,s320.426147
143_27,s5.718960,s5.221872,s264.327577
143_28,s6.466604,s3.157623,s170.259436
143_29,s5.706721,s4.678668,s246.083806
143_30,s2.438192,s5.951330,s347.055037
143_31,s7.224025,s2.819075,s207.286011
143_32,s6.121524,s5.789722,s83.689669
143_33,s6.275686,s4.765203,s312.851340
143_34,s5.557104,s6.254582,s289.256917
143_35,s6.425583,s5.494550,s282.302437
143_36,s6.709115,s4.565429,s218.011258
143_37,s4.330255,s5.902914,s345.289643
143_38,s4.874591,s6.097741,s318.427250
143_39,s7.181788,s5.304411,s170.984218
143_40,s6.674082,s2.522024,s249.437534
143_41,s6.557315,s3.701975,s219.182966
143_42,s6.404254,s6.036286,s331.841808
143_43,s4.971029,s6.699377,s38.217527
143_44,s3.202940,s6.194118,s47.065366
143_45,s7.184773,s3.856665,s251.525050
143_46,s7.040149,s6.369711,s21.511714
143_47,s5.703839,s6.689180,s338.974474
143_48,s3.046286,s6.907194,s272.076352
143_49,s8.128449,s8.340082,s327.154015
143_50,s5.168962,s2.001170,s131.186868
143_51,s7.440290,s4.305645,s5.151134
143_52,s7.825526,s7.297772,s23.322626
143_53,s7.390382,s3.380752,s215.283492
143_54,s2.996752,s4.106030,s107.265513
143_55,s6.306687,s6.805124,s17.250050
143_56,s3.857854,s6.317031,s311.367614
143_57,s4.104495,s6.951144,s34.555162
143_58,s2.940256,s5.120092,s117.790990
143_59,s7.233554,s1.884362,s80.424226
143_60,s7.271687,s5.859119,s338.852693
143_61,s4.393300,s1.454793,s69.345801
143_62,s5.190952,s7.093528,s295.314660
143_63,s5.615112,s1.783209,s223.631840
143_64,s7.808431,s4.640585,s297.606551
143_65,s8.233128,s3.445659,s280.443108
143_66,s8.678034,s4.867453,s237.924884
143_67,s7.607220,s5.540601,s229.712072
143_68,s6.057909,s2.233934,s186.459209
143_69,s4.940905,s1.367962,s177.971525
143_70,s2.595097,s4.384628,s67.051797
143_71,s2.794845,s3.524278,s72.559698
143_72,s6.532345,s1.684152,s194.558597
143_73,s7.758097,s2.556191,s239.590118
143_74,s4.015166,s1.077652,s250.522667
143_75,s5.655347,s0.985791,s126.155247
143_76,s2.655498,s2.776986,s36.325632
143_77,s7.596977,s2.006248,s237.260020
143_78,s3.651399,s1.436169,s106.475537
143_79,s2.125611,s6.604585,s166.019064
143_80,s8.114325,s1.107980,s177.622488
143_81,s3.434429,s2.062458,s83.608301
143_82,s2.071436,s4.084134,s27.509791
143_83,s2.118619,s2.928064,s140.221341
143_84,s1.559114,s4.248644,s97.496175
143_85,s2.555077,s5.439116,s89.177768
143_86,s1.773468,s5.039006,s69.632522
143_87,s1.908393,s3.410795,s60.122064
143_88,s3.754517,s0.815492,s148.084876
143_89,s4.809380,s7.392560,s10.683472
143_90,s6.627034,s7.185887,s336.202683
143_91,s2.788247,s1.825048,s164.545455
143_92,s4.238552,s7.612166,s333.848083
143_93,s5.206084,s7.690540,s274.985752
143_94,s7.273030,s6.883272,s351.908428
143_95,s1.707234,s5.739591,s57.683170
143_96,s3.356670,s7.433069,s54.170981
143_97,s2.788481,s8.537293,s335.700198
143_98,s1.965711,s1.808090,s64.118481
143_99,s6.371074,s7.851637,s287.356210
143_100,s1.141076,s4.699300,s139.924651
143_101,s1.063510,s6.683097,s331.478743
143_102,s1.576315,s7.818305,s78.683744
143_103,s4.756631,s8.353285,s0.103534
143_104,s1.477236,s3.226129,s105.041953
143_105,s3.836394,s7.743447,s25.287596
143_106,s1.114899,s3.633159,s62.590339
143_107,s0.954383,s5.640484,s8.335234
143_108,s1.128483,s2.112033,s52.836546
143_109,s5.325976,s8.303649,s230.434429
143_110,s1.590399,s6.368995,s9.331424
143_111,s1.892925,s0.845237,s71.443113
143_112,s2.343004,s1.494236,s116.953461
143_113,s2.504707,s6.818240,s343.723274
143_114,s3.951602,s8.278021,s327.446472
143_115,s3.636407,s8.770739,s43.382345
143_116,s6.217254,s8.254742,s333.312826
143_117,s7.761255,s6.199307,s241.284563
143_118,s8.180959,s5.442917,s290.079996
143_119,s0.796679,s7.099908,s47.674448
143_120,s8.175782,s6.409036,s294.385708
143_121,s9.014316,s2.153987,s188.295840
143_122,s5.359686,s8.667675,s49.385080
143_123,s8.538126,s4.272610,s250.787164
143_124,s6.882137,s8.334422,s353.581348
143_125,s3.204381,s7.994530,s354.468255
143_126,s8.041718,s3.835994,s344.329466
143_127,s5.876915,s8.753811,s310.500987
143_128,s2.183263,s8.468336,s67.861664
143_129,s7.415504,s8.813988,s294.058930
143_130,s7.659042,s6.768306,s297.895839
143_131,s8.638048,s7.248601,s311.706492
143_132,s8.431178,s2.545329,s303.336580
143_133,s4.404236,s0.594155,s136.431767
143_134,s6.382320,s0.835949,s254.280853
143_135,s0.586508,s5.178420,s193.871464
143_136,s0.457947,s4.232111,s33.100483
143_137,s5.643985,s0.329381,s250.235127
143_138,s2.064146,s7.103726,s20.000000
143_139,s0.692820,s3.284084,s60.000000
143_140,s9.022129,s5.266363,s357.762027
143_141,s2.461606,s7.607742,s0.000000
143_142,s7.073306,s1.084429,s220.000000
144_0,s3.872267,s3.512235,s155.083789
144_1,s4.735308,s3.617977,s206.180148
144_2,s4.004061,s4.611038,s146.259059
144_3,s3.619944,s2.651702,s124.051521
144_4,s4.224023,s2.670390,s177.617374
144_5,s4.513997,s3.144377,s111.409936
144_6,s4.414074,s4.459126,s334.853987
144_7,s4.649433,s4.127102,s245.830198
144_8,s5.349737,s2.502416,s224.211385
144_9,s6.052426,s3.009312,s174.780695
144_10,s4.810749,s2.842269,s188.983882
144_11,s4.402237,s3.679150,s68.254794
144_12,s5.292481,s3.545566,s316.598268
144_13,s3.240580,s3.344230,s172.763098
144_14,s4.948711,s4.649866,s305.629873
144_15,s6.038992,s4.069771,s287.151329
144_16,s5.374106,s3.137590,s222.360085
144_17,s5.788936,s3.518434,s276.592573
144_18,s4.915964,s5.130947,s340.309550
144_19,s3.475757,s4.467805,s64.270949
144_20,s4.170798,s4.910226,s37.588747
144_21,s5.369421,s4.193756,s344.220327
144_22,s2.812608,s0.938873,s138.978767
144_23,s4.359418,s5.434825,s296.109201
144_24,s3.961199,s5.719741,s32.026723
144_25,s5.518577,s5.373318,s15.414033
144_26,s3.128892,s5.460170,s320.426147
144_27,s5.849299,s5.207360,s264.327577
144_28,s6.596943,s3.143112,s170.259436
144_29,s5.837060,s4.664156,s246.083806
144_30,s2.568531,s5.936818,s347.055037
144_31,s7.354364,s2.804563,s207.286011
144_32,s6.251863,s5.775210,s83.689669
144_33,s6.406025,s4.750691,s312.851340
144_34,s5.687443,s6.240070,s289.256917
144_35,s6.555922,s5.480038,s282.302437
144_36,s6.839454,s4.550918,s218.011258
144_37,s4.460594,s5.888402,s345.289643
144_38,s5.004930,s6.083229,s318.427250
144_39,s7.312127,s5.289899,s170.984218
144_40,s6.804421,s2.507512,s249.437534
144_41,s6.687654,s3.687463,s219.182966
144_42,s6.534593,s6.021774,s331.841808
144_43,s5.101368,s6.684865,s38.217527
144_44,s3.333279,s6.179606,s47.065366
144_45,s7.315112,s3.842153,s251.525050
144_46,s7.170488,s6.355199,s21.511714
144_47,s5.834178,s6.674668,s338.974474
144_48,s3.176625,s6.892682,s272.076352
144_49,s8.193243,s8.257455,s327.154015
144_50,s5.299301,s1.986658,s131.186868
144_51,s7.570629,s4.291133,s5.151134
144_52,s7.943566,s7.273248,s23.322626
144_53,s7.520721,s3.366240,s215.283492
144_54,s3.127091,s4.091518,s107.265513
144_55,s6.437026,s6.790612,s17.250050
144_56,s3.988193,s6.302519,s311.367614
144_57,s4.234834,s6.936632,s34.555162
144_58,s3.070595,s5.105580,s117.790990
144_59,s7.363893,s1.869850,s80.424226
144_60,s7.402026,s5.844607,s338.852693
144_61,s4.523639,s1.440281,s69.345801
144_62,s5.321291,s7.079016,s295.314660
144_63,s5.745451,s1.768697,s223.631840
144_64,s7.938770,s4.626073,s297.606551
144_65,s8.319388,s3.446221,s280.443108
144_66,s8.808373,s4.852941,s237.924884
144_67,s7.737559,s5.526089,s229.712072
144_68,s6.188248,s2.219422,s186.459209
144_69,s5.071244,s1.353450,s177.971525
144_70,s2.725436,s4.370116,s67.051797
144_71,s2.925184,s3.509766,s72.559698
144_72,s6.662684,s1.669640,s194.558597
144_73,s7.888436,s2.541679,s239.590118
144_74,s4.145505,s1.063140,s250.522667
144_75,s5.773387,s1.014931,s126.155247
144_76,s2.785837,s2.762474,s36.325632
144_77,s7.727316,s1.991736,s237.260020
144_78,s3.781738,s1.421657,s106.475537
144_79,s2.255951,s6.590073,s166.019064
144_80,s8.211242,s1.127606,s177.622488
144_81,s3.564768,s2.047946,s83.608301
144_82,s2.201775,s4.069622,s27.509791
144_83,s2.248958,s2.913552,s140.221341
144_84,s1.689453,s4.234132,s97.496175
144_85,s2.685416,s5.424604,s89.177768
144_86,s1.903807,s5.024494,s69.632522
144_87,s2.038732,s3.396283,s60.122064
144_88,s3.888611,s0.817878,s148.084876
144_89,s4.939719,s7.378048,s10.683472
144_90,s6.748672,s7.160560,s336.202683
144_91,s2.918586,s1.810536,s164.545455
144_92,s4.368891,s7.597654,s333.848083
144_93,s5.336423,s7.676028,s274.985752
144_94,s7.403369,s6.868760,s351.908428
144_95,s1.837573,s5.725079,s57.683170
144_96,s3.487009,s7.418557,s54.170981
144_97,s2.918820,s8.522781,s335.700198
144_98,s2.096051,s1.793578,s64.118481
144_99,s6.501413,s7.837125,s287.356210
144_100,s1.271415,s4.684788,s139.924651
144_101,s1.193849,s6.668585,s331.478743
144_102,s1.706654,s7.803793,s78.683744
144_103,s4.886970,s8.338773,s0.103534
144_104,s1.607575,s3.211617,s105.041953
144_105,s3.966733,s7.728935,s25.287596
144_106,s1.245238,s3.618647,s62.590339
144_107,s1.113570,s5.618411,s8.335234
144_108,s1.258822,s2.097521,s52.836546
144_109,s5.456315,s8.289137,s230.434429
144_110,s1.720738,s6.354483,s9.331424
144_111,s2.023264,s0.830725,s71.443113
144_112,s2.473343,s1.479724,s116.953461
144_113,s2.635046,s6.803728,s343.723274
144_114,s4.081941,s8.263509,s327.446472
144_115,s3.766746,s8.756227,s43.382345
144_116,s6.347593,s8.240231,s333.312826
144_117,s7.891594,s6.184795,s241.284563
144_118,s8.311299,s5.428405,s290.079996
144_119,s0.939213,s7.077675,s47.674448
144_120,s8.306121,s6.394524,s294.385708
144_121,s9.027204,s2.206979,s188.295840
144_122,s5.490025,s8.653163,s49.385080
144_123,s8.668465,s4.258098,s250.787164
144_124,s7.006150,s8.309732,s353.581348
144_125,s3.334720,s7.980018,s354.468255
144_126,s8.142743,s3.828729,s344.329466
144_127,s6.007254,s8.739299,s310.500987
144_128,s2.313602,s8.453824,s67.861664
144_129,s7.482920,s8.706703,s294.058930
144_130,s7.789381,s6.753795,s297.895839
144_131,s8.688005,s7.182848,s311.706492
144_132,s8.561517,s2.530817,s303.336580
144_133,s4.534575,s0.579643,s136.431767
144_134,s6.512659,s0.821437,s254.280853
144_135,s0.716847,s5.163909,s193.871464
144_136,s0.588286,s4.217599,s33.100483
144_137,s5.757346,s0.386574,s250.235127
144_138,s2.194485,s7.089214,s20.000000
144_139,s0.823159,s3.269572,s60.000000
144_140,s9.136546,s5.249745,s357.762027
144_141,s2.604843,s7.575707,s0.000000
144_142,s7.182318,s1.101112,s220.000000
144_143,s0.692820,s5.980886,s60.000000
145_0,s3.859730,s3.512235,s155.083789
145_1,s4.722770,s3.617977,s206.180148
145_2,s3.991523,s4.611038,s146.259059
145_3,s3.607407,s2.651702,s124.051521
145_4,s4.211485,s2.670390,s177.617374
145_5,s4.501460,s3.144377,s111.409936
145_6,s4.401536,s4.459126,s334.853987
145_7,s4.636895,s4.127102,s245.830198
145_8,s5.337199,s2.502416,s224.211385
145_9,s6.039888,s3.009312,s174.780695
145_10,s4.798211,s2.842269,s188.983882
145_11,s4.389700,s3.679150,s68.254794
145_12,s5.279944,s3.545566,s316.598268
145_13,s3.228042,s3.344230,s172.763098
145_14,s4.936174,s4.649866,s305.629873
145_15,s6.026455,s4.069771,s287.151329
145_16,s5.361568,s3.137590,s222.360085
145_17,s5.776398,s3.518434,s276.592573
145_18,s4.903427,s5.130947,s340.309550
145_19,s3.463219,s4.467805,s64.270949
145_20,s4.158260,s4.910226,s37.588747
145_21,s5.356884,s4.193756,s344.220327
145_22,s2.800071,s0.938873,s138.978767
145_23,s4.346880,s5.434825,s296.109201
145_24,s3.948661,s5.719741,s32.026723
145_25,s5.506040,s5.373318,s15.414033
145_26,s3.116354,s5.460170,s320.426147
145_27,s5.836762,s5.207360,s264.327577
145_28,s6.584405,s3.143112,s170.259436
145_29,s5.824522,s4.664156,s246.083806
145_30,s2.555994,s5.936818,s347.055037
145_31,s7.341826,s2.804563,s207.286011
145_32,s6.239325,s5.775210,s83.689669
145_33,s6.393487,s4.750691,s312.851340
145_34,s5.674905,s6.240070,s289.256917
145_35,s6.543385,s5.480038,s282.302437
145_36,s6.826916,s4.550918,s218.011258
145_37,s4.448057,s5.888402,s345.289643
145_38,s4.992393,s6.083229,s318.427250
145_39,s7.299589,s5.289899,s170.984218
145_40,s6.791883,s2.507512,s249.437534
145_41,s6.675116,s3.687463,s219.182966
145_42,s6.522056,s6.021774,s331.841808
145_43,s5.088831,s6.684865,s38.217527
145_44,s3.320741,s6.179606,s47.065366
145_45,s7.302574,s3.842153,s251.525050
145_46,s7.157950,s6.355199,s21.511714
145_47,s5.821640,s6.674668,s338.974474
145_48,s3.164088,s6.892682,s272.076352
145_49,s8.168198,s8.245482,s327.154015
145_50,s5.286763,s1.986658,s131.186868
145_51,s7.558092,s4.291133,s5.151134
145_52,s7.931028,s7.273248,s23.322626
145_53,s7.508184,s3.366240,s215.283492
145_54,s3.114553,s4.091518,s107.265513
145_55,s6.424489,s6.790612,s17.250050
145_56,s3.975656,s6.302519,s311.367614
145_57,s4.222296,s6.936632,s34.555162
145_58,s3.058058,s5.105580,s117.790990
145_59,s7.351356,s1.869850,s80.424226
145_60,s7.389488,s5.844607,s338.852693
145_61,s4.511102,s1.440281,s69.345801
145_62,s5.308754,s7.079016,s295.314660
145_63,s5.732913,s1.768697,s223.631840
145_64,s7.926232,s4.626073,s297.606551
145_65,s8.279916,s3.457650,s280.443108
145_66,s8.795836,s4.852941,s237.924884
145_67,s7.725021,s5.526089,s229.712072
145_68,s6.175711,s2.219422,s186.459209
145_69,s5.058707,s1.353450,s177.971525
145_70,s2.712898,s4.370116,s67.051797
145_71,s2.912647,s3.509766,s72.559698
145_72,s6.650147,s1.669640,s194.558597
145_73,s7.875898,s2.541679,s239.590118
145_74,s4.132967,s1.063140,s250.522667
145_75,s5.740861,s1.091963,s126.155247
145_76,s2.773299,s2.762474,s36.325632
145_77,s7.714778,s1.991736,s237.260020
145_78,s3.769200,s1.421657,s106.475537
145_79,s2.243413,s6.590073,s166.019064
145_80,s8.143954,s1.188208,s177.622488
145_81,s3.552231,s2.047946,s83.608301
145_82,s2.189237,s4.069622,s27.509791
145_83,s2.236420,s2.913552,s140.221341
145_84,s1.676916,s4.234132,s97.496175
145_85,s2.672878,s5.424604,s89.177768
145_86,s1.891270,s5.024494,s69.632522
145_87,s2.026195,s3.396283,s60.122064
145_88,s3.876073,s0.817878,s148.084876
145_89,s4.927181,s7.378048,s10.683472
145_90,s6.736135,s7.160560,s336.202683
145_91,s2.906049,s1.810536,s164.545455
145_92,s4.356354,s7.597654,s333.848083
145_93,s5.323886,s7.676028,s274.985752
145_94,s7.390831,s6.868760,s351.908428
145_95,s1.825035,s5.725079,s57.683170
145_96,s3.474472,s7.418557,s54.170981
145_97,s2.906282,s8.522781,s335.700198
145_98,s2.083513,s1.793578,s64.118481
145_99,s6.488875,s7.837125,s287.356210
145_100,s1.258878,s4.684788,s139.924651
145_101,s1.181312,s6.668585,s331.478743
145_102,s1.694117,s7.803793,s78.683744
145_103,s4.874433,s8.338773,s0.103534
145_104,s1.595038,s3.211617,s105.041953
145_105,s3.957554,s7.717059,s25.287596
145_106,s1.232701,s3.618647,s62.590339
145_107,s1.101032,s5.618411,s8.335234
145_108,s1.246284,s2.097521,s52.836546
145_109,s5.443777,s8.289137,s230.434429
145_110,s1.708200,s6.354483,s9.331424
145_111,s2.010726,s0.830725,s71.443113
145_112,s2.460805,s1.479724,s116.953461
145_113,s2.622509,s6.803728,s343.723274
145_114,s4.069403,s8.263509,s327.446472
145_115,s3.754209,s8.756227,s43.382345
145_116,s6.330635,s8.231162,s333.312826
145_117,s7.879057,s6.184795,s241.284563
145_118,s8.298761,s5.428405,s290.079996
145_119,s0.926676,s7.077675,s47.674448
145_120,s8.293583,s6.394524,s294.385708
145_121,s8.990368,s2.222601,s188.295840
145_122,s5.477487,s8.653163,s49.385080
145_123,s8.644812,s4.260063,s250.787164
145_124,s6.993612,s8.309732,s353.581348
145_125,s3.322182,s7.980018,s354.468255
145_126,s8.130206,s3.828729,s344.329466
145_127,s5.994717,s8.739299,s310.500987
145_128,s2.323516,s8.421630,s67.861664
145_129,s7.428161,s8.648798,s294.058930
145_130,s7.776843,s6.753795,s297.895839
145_131,s8.665322,s7.177134,s311.706492
145_132,s8.492137,s2.567021,s303.336580
145_133,s4.522037,s0.579643,s136.431767
145_134,s6.500122,s0.821437,s254.280853
145_135,s0.704309,s5.163909,s193.871464
145_136,s0.575748,s4.217599,s33.100483
145_137,s5.722599,s0.487108,s250.235127
145_138,s2.181948,s7.089214,s20.000000
145_139,s0.810622,s3.269572,s60.000000
145_140,s9.124008,s5.249745,s357.762027
145_141,s2.592305,s7.575707,s0.000000
145_142,s7.129185,s1.165434,s220.000000
145_143,s0.692820,s5.977729,s60.000000
145_144,s4.361130,s9.101085,s0.000000
146_0,s4.130411,s3.512235,s155.083789
146_1,s4.993451,s3.617977,s206.180148
146_2,s4.262204,s4.611038,s146.259059
146_3,s3.878087,s2.651702,s124.051521
146_4,s4.482166,s2.670390,s177.617374
146_5,s4.772141,s3.144377,s111.409936
146_6,s4.672217,s4.459126,s334.853987
146_7,s4.907576,s4.127102,s245.830198
146_8,s5.607880,s2.502416,s224.211385
146_9,s6.310569,s3.009312,s174.780695
146_10,s5.068892,s2.842269,s188.983882
146_11,s4.662074,s3.689316,s68.254794
146_12,s5.550624,s3.545566,s316.598268
146_13,s3.498723,s3.344230,s172.763098
146_14,s5.206855,s4.649866,s305.629873
146_15,s6.297136,s4.069771,s287.151329
146_16,s5.632249,s3.137590,s222.360085
146_17,s6.047079,s3.518434,s276.592573
146_18,s5.174107,s5.130947,s340.309550
146_19,s3.733900,s4.467805,s64.270949
146_20,s4.428941,s4.910226,s37.588747
146_21,s5.627564,s4.193756,s344.327548
146_22,s2.968236,s0.668304,s131.837915
146_23,s4.617561,s5.434825,s296.109201
146_24,s4.219342,s5.719741,s32.026723
146_25,s5.776721,s5.373318,s15.414033
146_26,s3.387035,s5.460170,s320.426147
146_27,s6.107442,s5.207360,s264.327577
146_28,s6.855086,s3.143112,s170.259436
146_29,s6.095203,s4.664156,s246.083806
146_30,s2.826674,s5.936818,s347.055037
146_31,s7.612507,s2.804563,s207.286011
146_32,s6.510006,s5.775210,s83.689669
146_33,s6.664168,s4.750691,s311.259765
146_34,s5.945586,s6.240070,s289.256917
146_35,s6.814065,s5.480038,s282.302437
146_36,s7.097597,s4.550918,s218.011258
146_37,s4.718738,s5.888402,s345.289643
146_38,s5.263074,s6.083229,s318.427250
146_39,s7.570270,s5.289899,s170.984218
146_40,s7.062564,s2.507512,s249.437534
146_41,s6.945797,s3.687463,s219.182966
146_42,s6.792736,s6.021774,s331.841808
146_43,s5.359512,s6.684865,s38.217527
146_44,s3.591422,s6.179606,s47.065366
146_45,s7.573255,s3.842153,s251.525050
146_46,s7.428631,s6.355199,s21.511714
146_47,s6.092321,s6.674668,s338.974474
146_48,s3.434769,s6.892682,s272.076352
146_49,s8.915968,s8.866600,s327.154015
146_50,s5.557444,s1.986658,s131.186868
146_51,s7.828773,s4.291133,s5.151134
146_52,s8.201709,s7.273248,s23.322626
146_53,s7.778864,s3.366240,s215.283492
146_54,s3.385234,s4.091518,s107.265513
146_55,s6.695169,s6.790612,s17.250050
146_56,s4.246336,s6.302519,s311.367614
146_57,s4.492977,s6.936632,s34.555162
146_58,s3.328739,s5.105580,s117.790990
146_59,s7.622036,s1.869850,s81.307842
146_60,s7.660169,s5.844607,s338.852693
146_61,s4.781782,s1.440281,s69.345801
146_62,s5.579434,s7.079016,s295.314660
146_63,s6.003594,s1.768697,s223.631840
146_64,s8.196913,s4.626073,s297.606551
146_65,s8.550597,s3.457650,s280.443108
146_66,s9.055156,s4.853206,s237.924884
146_67,s7.995702,s5.526089,s229.712072
146_68,s6.446392,s2.219422,s186.459209
146_69,s5.329387,s1.353450,s177.971525
146_70,s2.983579,s4.370116,s67.051797
146_71,s3.183327,s3.509766,s72.559698
146_72,s6.920827,s1.669640,s194.558597
146_73,s8.146579,s2.541679,s239.590118
146_74,s4.403648,s1.063140,s251.626117
146_75,s6.005365,s1.112880,s126.155247
146_76,s3.043980,s2.762474,s36.325632
146_77,s7.985459,s1.991736,s237.260020
146_78,s4.039881,s1.421657,s106.475537
146_79,s2.514094,s6.590073,s166.019064
146_80,s8.281679,s0.967013,s208.896510
146_81,s3.822911,s2.047946,s83.608301
146_82,s2.459918,s4.069622,s27.509791
146_83,s2.507101,s2.913552,s140.221341
146_84,s1.958902,s4.236901,s97.496175
146_85,s2.943559,s5.424604,s89.177768
146_86,s2.176846,s5.024087,s70.138413
146_87,s2.296875,s3.396283,s60.318404
146_88,s4.146754,s0.817878,s148.084876
146_89,s5.197862,s7.378048,s10.683472
146_90,s7.006815,s7.160560,s336.202683
146_91,s3.176730,s1.810536,s164.545455
146_92,s4.627034,s7.597654,s333.848083
146_93,s5.594567,s7.676028,s274.985752
146_94,s7.661512,s6.868760,s351.908428
146_95,s2.095716,s5.725079,s57.683170
146_96,s3.745152,s7.418557,s54.170981
146_97,s3.176963,s8.522781,s335.700198
146_98,s2.354194,s1.793578,s64.118481
146_99,s6.759556,s7.837125,s287.356210
146_100,s1.539786,s4.685601,s139.924651
146_101,s1.451993,s6.668585,s331.478743
146_102,s1.633940,s7.773931,s90.475537
146_103,s5.145113,s8.338773,s0.103534
146_104,s1.865718,s3.211617,s114.258505
146_105,s4.228235,s7.717059,s25.287596
146_106,s1.503382,s3.618647,s62.590339
146_107,s1.371713,s5.618411,s8.335234
146_108,s1.661501,s1.568132,s52.836546
146_109,s5.798780,s8.338697,s230.434429
146_110,s1.978881,s6.354483,s9.331424
146_111,s2.281407,s0.830725,s71.443113
146_112,s2.731486,s1.479724,s116.953461
146_113,s2.893190,s6.803728,s343.723274
146_114,s4.340084,s8.263509,s327.446472
146_115,s4.024889,s8.756227,s43.382345
146_116,s6.590690,s8.211002,s333.312826
146_117,s8.149737,s6.184795,s241.284563
146_118,s8.569442,s5.428405,s290.079996
146_119,s1.197357,s7.077675,s47.674448
146_120,s8.564264,s6.394524,s289.606649
146_121,s9.208762,s1.489033,s188.295840
146_122,s5.748168,s8.653163,s49.385080
146_123,s8.915492,s4.260063,s250.787164
146_124,s7.264293,s8.309732,s346.700977
146_125,s3.592863,s7.980018,s354.468255
146_126,s8.383980,s3.834104,s344.329466
146_127,s6.409469,s8.951623,s291.598440
146_128,s2.634281,s8.360552,s67.861664
146_129,s7.737855,s8.666720,s277.689670
146_130,s8.047524,s6.753795,s297.895839
146_131,s8.926715,s7.172045,s311.706492
146_132,s8.695600,s2.608201,s290.803102
146_133,s4.792718,s0.579643,s136.431767
146_134,s6.770803,s0.821437,s254.280853
146_135,s0.986308,s5.163289,s193.871464
146_136,s0.846429,s4.217599,s76.760027
146_137,s5.985680,s0.517365,s250.235127
146_138,s2.452628,s7.089214,s17.912647
146_139,s1.081303,s3.269572,s60.000000
146_140,s9.394689,s5.249745,s357.762027
146_141,s2.862986,s7.575707,s0.000000
146_142,s7.399866,s1.165434,s221.890021
146_143,s0.963501,s5.977729,s60.000000
146_144,s4.631811,s9.101085,s322.912782
146_145,s0.692820,s5.451801,s120.000000
147_0,s4.126438,s3.524874,s155.083789
147_1,s4.982418,s3.617977,s206.180148
147_2,s4.251171,s4.611038,s146.259059
147_3,s3.867054,s2.651702,s124.051521
147_4,s4.471133,s2.670390,s177.617374
147_5,s4.761108,s3.144377,s111.409936
147_6,s4.661184,s4.459126,s334.853987
147_7,s4.896543,s4.127102,s245.830198
147_8,s5.596847,s2.502416,s224.211385
147_9,s6.299536,s3.009312,s174.780695
147_10,s5.057859,s2.842269,s188.983882
147_11,s4.651041,s3.689316,s68.254794
147_12,s5.539591,s3.545566,s316.598268
147_13,s3.487690,s3.344230,s172.763098
147_14,s5.195822,s4.649866,s305.629873
147_15,s6.286103,s4.069771,s287.151329
147_16,s5.621216,s3.137590,s222.360085
147_17,s6.036046,s3.518434,s276.592573
147_18,s5.163074,s5.130947,s340.309550
147_19,s3.722867,s4.467805,s64.270949
147_20,s4.417908,s4.910226,s37.588747
147_21,s5.616531,s4.193756,s344.327548
147_22,s2.993146,s0.747062,s131.837915
147_23,s4.606528,s5.434825,s296.109201
147_24,s4.208309,s5.719741,s32.026723
147_25,s5.765688,s5.373318,s15.414033
147_26,s3.376002,s5.460170,s320.426147
147_27,s6.096409,s5.207360,s264.327577
147_28,s6.844053,s3.143112,s170.259436
147_29,s6.084170,s4.664156,s246.083806
147_30,s2.815641,s5.936818,s347.055037
147_31,s7.601474,s2.804563,s207.286011
147_32,s6.498973,s5.775210,s83.689669
147_33,s6.653135,s4.750691,s311.259765
147_34,s5.934553,s6.240070,s289.256917
147_35,s6.803032,s5.480038,s282.302437
147_36,s7.086564,s4.550918,s218.011258
147_37,s4.707705,s5.888402,s345.289643
147_38,s5.252041,s6.083229,s318.427250
147_39,s7.559237,s5.289899,s170.984218
147_40,s7.051531,s2.507512,s249.437534
147_41,s6.934764,s3.687463,s219.182966
147_42,s6.781703,s6.021774,s331.841808
147_43,s5.348479,s6.684865,s38.217527
147_44,s3.580389,s6.179606,s47.065366
147_45,s7.562222,s3.842153,s251.525050
147_46,s7.417598,s6.355199,s21.511714
147_47,s6.081288,s6.674668,s338.974474
147_48,s3.423736,s6.892682,s272.076352
147_49,s8.821574,s8.783598,s327.154015
147_50,s5.546411,s1.986658,s131.186868
147_51,s7.817740,s4.291133,s5.151134
147_52,s8.190676,s7.273248,s23.322626
147_53,s7.767832,s3.366240,s215.283492
147_54,s3.374201,s4.091518,s107.265513
147_55,s6.684136,s6.790612,s17.250050
147_56,s4.235304,s6.302519,s311.367614
147_57,s4.481944,s6.936632,s34.555162
147_58,s3.317706,s5.105580,s117.790990
147_59,s7.611003,s1.869850,s81.307842
147_60,s7.649136,s5.844607,s338.852693
147_61,s4.770749,s1.440281,s69.345801
147_62,s5.568402,s7.079016,s295.314660
147_63,s5.992561,s1.768697,s223.631840
147_64,s8.185880,s4.626073,s297.606551
147_65,s8.539564,s3.457650,s280.443108
147_66,s9.044123,s4.853206,s237.924884
147_67,s7.984669,s5.526089,s229.712072
147_68,s6.435359,s2.219422,s186.459209
147_69,s5.318355,s1.353450,s177.971525
147_70,s2.972546,s4.370116,s67.051797
147_71,s3.172294,s3.509766,s72.559698
147_72,s6.909794,s1.669640,s194.558597
147_73,s8.135546,s2.541679,s239.590118
147_74,s4.392615,s1.063140,s251.626117
147_75,s5.994332,s1.112880,s126.155247
147_76,s3.032947,s2.762474,s36.325632
147_77,s7.974426,s1.991736,s237.260020
147_78,s4.028848,s1.421657,s106.475537
147_79,s2.503061,s6.590073,s166.019064
147_80,s8.135130,s1.120963,s208.896510
147_81,s3.811878,s2.047946,s83.608301
147_82,s2.448885,s4.069622,s27.509791
147_83,s2.496068,s2.913552,s140.221341
147_84,s1.947869,s4.236901,s97.496175
147_85,s2.932526,s5.424604,s89.177768
147_86,s2.165813,s5.024087,s70.138413
147_87,s2.285843,s3.396283,s60.318404
147_88,s4.135721,s0.817878,s148.084876
147_89,s5.186829,s7.378048,s10.683472
147_90,s6.995783,s7.160560,s336.202683
147_91,s3.165697,s1.810536,s164.545455
147_92,s4.616002,s7.597654,s333.848083
147_93,s5.583534,s7.676028,s274.985752
147_94,s7.650479,s6.868760,s351.908428
147_95,s2.084683,s5.725079,s57.683170
147_96,s3.734119,s7.418557,s54.170981
147_97,s3.165930,s8.522781,s335.700198
147_98,s2.343161,s1.793578,s64.118481
147_99,s6.748523,s7.837125,s287.356210
147_100,s1.528754,s4.685601,s139.924651
147_101,s1.440960,s6.668585,s331.478743
147_102,s1.680414,s7.721833,s90.475537
147_103,s5.134080,s8.338773,s0.103534
147_104,s1.854686,s3.211617,s114.258505
147_105,s4.217202,s7.717059,s25.287596
147_106,s1.492349,s3.618647,s62.590339
147_107,s1.360680,s5.618411,s8.335234
147_108,s1.691945,s1.610402,s52.836546
147_109,s5.778773,s8.304814,s230.434429
147_110,s1.967848,s6.354483,s9.331424
147_111,s2.270374,s0.830725,s71.443113
147_112,s2.720453,s1.479724,s116.953461
147_113,s2.882157,s6.803728,s343.723274
147_114,s4.329051,s8.263509,s327.446472
147_115,s4.013857,s8.756227,s43.382345
147_116,s6.579658,s8.211002,s333.312826
147_117,s8.128818,s6.180740,s241.284563
147_118,s8.558409,s5.428405,s290.079996
147_119,s1.186324,s7.077675,s47.674448
147_120,s8.553231,s6.394524,s289.606649
147_121,s9.119701,s1.549332,s188.295840
147_122,s5.733519,s8.637422,s49.385080
147_123,s8.904459,s4.260063,s250.787164
147_124,s7.253260,s8.309732,s346.700977
147_125,s3.581830,s7.980018,s354.468255
147_126,s8.372947,s3.834104,s344.329466
147_127,s6.361998,s8.854170,s291.598440
147_128,s2.623248,s8.360552,s67.861664
147_129,s7.694530,s8.623599,s277.689670
147_130,s8.036491,s6.753795,s297.895839
147_131,s8.915682,s7.172045,s311.706492
147_132,s8.684567,s2.608201,s290.803102
147_133,s4.781685,s0.579643,s136.431767
147_134,s6.759770,s0.821437,s254.280853
147_135,s0.975275,s5.163289,s193.871464
147_136,s0.835396,s4.217599,s76.760027
147_137,s5.974647,s0.517365,s250.235127
147_138,s2.441596,s7.089214,s17.912647
147_139,s1.070270,s3.269572,s60.000000
147_140,s9.383656,s5.249745,s357.762027
147_141,s2.851953,s7.575707,s0.000000
147_142,s7.388833,s1.165434,s221.890021
147_143,s0.952468,s5.977729,s60.000000
147_144,s4.624111,s9.042309,s322.912782
147_145,s0.692820,s5.450187,s120.000000
147_146,s1.509154,s2.574451,s60.000000
148_0,s4.100331,s3.524874,s155.083789
148_1,s4.956311,s3.617977,s206.180148
148_2,s4.225065,s4.611038,s146.259059
148_3,s3.848655,s2.669513,s124.051521
148_4,s4.445027,s2.670390,s177.617374
148_5,s4.735001,s3.144377,s111.409936
148_6,s4.635078,s4.459126,s334.853987
148_7,s4.870436,s4.127102,s245.830198
148_8,s5.570741,s2.502416,s224.211385
148_9,s6.273429,s3.009312,s174.780695
148_10,s5.031752,s2.842269,s188.983882
148_11,s4.624935,s3.689316,s68.254794
148_12,s5.513485,s3.545566,s316.598268
148_13,s3.461583,s3.344230,s172.763098
148_14,s5.169715,s4.649866,s305.629873
148_15,s6.259996,s4.069771,s287.151329
148_16,s5.595109,s3.137590,s222.360085
148_17,s6.009940,s3.518434,s276.592573
148_18,s5.136968,s5.130947,s340.309550
148_19,s3.696761,s4.467805,s64.270949
148_20,s4.391802,s4.910226,s37.588747
148_21,s5.590425,s4.193756,s344.327548
148_22,s3.034970,s0.900518,s131.837915
148_23,s4.580422,s5.434825,s296.109201
148_24,s4.182203,s5.719741,s32.026723
148_25,s5.739581,s5.373318,s15.414033
148_26,s3.349896,s5.460170,s320.426147
148_27,s6.070303,s5.207360,s264.327577
148_28,s6.817947,s3.143112,s170.259436
148_29,s6.058064,s4.664156,s246.083806
148_30,s2.789535,s5.936818,s347.055037
148_31,s7.575368,s2.804563,s207.286011
148_32,s6.472866,s5.775210,s83.689669
148_33,s6.627029,s4.750691,s311.259765
148_34,s5.908447,s6.240070,s289.256917
148_35,s6.776926,s5.480038,s282.302437
148_36,s7.060457,s4.550918,s218.011258
148_37,s4.681598,s5.888402,s345.289643
148_38,s5.225934,s6.083229,s318.427250
148_39,s7.533130,s5.289899,s170.984218
148_40,s7.025424,s2.507512,s249.437534
148_41,s6.908658,s3.687463,s219.182966
148_42,s6.755597,s6.021774,s331.841808
148_43,s5.322372,s6.684865,s38.217527
148_44,s3.554282,s6.179606,s47.065366
148_45,s7.536116,s3.842153,s251.525050
148_46,s7.391492,s6.355199,s21.511714
148_47,s6.055182,s6.674668,s338.974474
148_48,s3.397629,s6.892682,s272.076352
148_49,s8.780330,s8.769062,s327.154015
148_50,s5.520305,s1.986658,s131.186868
148_51,s7.791633,s4.291133,s5.151134
148_52,s8.164570,s7.273248,s23.322626
148_53,s7.741725,s3.366240,s215.283492
148_54,s3.348095,s4.091518,s107.265513
148_55,s6.658030,s6.790612,s17.250050
148_56,s4.209197,s6.302519,s311.367614
148_57,s4.455838,s6.936632,s34.555162
148_58,s3.291599,s5.105580,s117.790990
148_59,s7.584897,s1.869850,s81.307842
148_60,s7.623030,s5.844607,s338.852693
148_61,s4.744643,s1.440281,s69.345801
148_62,s5.542295,s7.079016,s295.314660
148_63,s5.966455,s1.768697,s223.631840
148_64,s8.159774,s4.626073,s297.606551
148_65,s8.501939,s3.462462,s280.443108
148_66,s9.018016,s4.853206,s237.924884
148_67,s7.958563,s5.526089,s229.712072
148_68,s6.409252,s2.219422,s186.459209
148_69,s5.292248,s1.353450,s177.971525
148_70,s2.946440,s4.370116,s67.051797
148_71,s3.146188,s3.509766,s72.559698
148_72,s6.883688,s1.669640,s194.558597
148_73,s8.109440,s2.541679,s239.590118
148_74,s4.366508,s1.063140,s251.626117
148_75,s5.965136,s1.123633,s126.155247
148_76,s3.006840,s2.762474,s36.325632
148_77,s7.948320,s1.991736,s237.260020
148_78,s4.002742,s1.421657,s106.475537
148_79,s2.476954,s6.590073,s166.019064
148_80,s8.109023,s1.120963,s208.896510
148_81,s3.785772,s2.047946,s83.608301
148_82,s2.422779,s4.069622,s27.509791
148_83,s2.469962,s2.913552,s140.221341
148_84,s1.921763,s4.236901,s97.496175
148_85,s2.906420,s5.424604,s89.177768
148_86,s2.139707,s5.024087,s70.138413
148_87,s2.259736,s3.396283,s60.318404
148_88,s4.109615,s0.817878,s148.084876
148_89,s5.160723,s7.378048,s10.683472
148_90,s6.969676,s7.160560,s336.202683
148_91,s3.139590,s1.810536,s164.545455
148_92,s4.589895,s7.597654,s333.848083
148_93,s5.557427,s7.676028,s274.985752
148_94,s7.624373,s6.868760,s351.908428
148_95,s2.058576,s5.725079,s57.683170
148_96,s3.708013,s7.418557,s54.170981
148_97,s3.139824,s8.522781,s335.700198
148_98,s2.317054,s1.793578,s64.118481
148_99,s6.722416,s7.837125,s287.356210
148_100,s1.502647,s4.685601,s139.924651
148_101,s1.414853,s6.668585,s331.478743
148_102,s1.720117,s7.665449,s90.475537
148_103,s5.107974,s8.338773,s0.103534
148_104,s1.828579,s3.211617,s114.258505
148_105,s4.191095,s7.717059,s25.287596
148_106,s1.466242,s3.618647,s62.590339
148_107,s1.334574,s5.618411,s8.335234
148_108,s1.665839,s1.610402,s52.836546
148_109,s5.752667,s8.304814,s230.434429
148_110,s1.941742,s6.354483,s9.331424
148_111,s2.244268,s0.830725,s71.443113
148_112,s2.694347,s1.479724,s116.953461
148_113,s2.856050,s6.803728,s343.723274
148_114,s4.302945,s8.263509,s327.446472
148_115,s3.987750,s8.756227,s43.382345
148_116,s6.553551,s8.211002,s333.312826
148_117,s8.102711,s6.180740,s241.284563
148_118,s8.532302,s5.428405,s290.079996
148_119,s1.160217,s7.077675,s47.674448
148_120,s8.527125,s6.394524,s289.606649
148_121,s9.031857,s1.599428,s188.295840
148_122,s5.707412,s8.637422,s49.385080
148_123,s8.878353,s4.260063,s250.787164
148_124,s7.227153,s8.309732,s346.700977
148_125,s3.555724,s7.980018,s354.468255
148_126,s8.346841,s3.834104,s344.329466
148_127,s6.322463,s8.819180,s291.598440
148_128,s2.597142,s8.360552,s67.861664
148_129,s7.668423,s8.623599,s277.689670
148_130,s8.010385,s6.753795,s297.895839
148_131,s8.889575,s7.172045,s311.706492
148_132,s8.658461,s2.608201,s290.803102
148_133,s4.755579,s0.579643,s136.431767
148_134,s6.733663,s0.821437,s254.280853
148_135,s0.949168,s5.163289,s193.871464
148_136,s0.809290,s4.217599,s76.760027
148_137,s5.948541,s0.517365,s250.235127
148_138,s2.415489,s7.089214,s17.912647
148_139,s1.044163,s3.269572,s60.000000
148_140,s9.357550,s5.249745,s357.762027
148_141,s2.825846,s7.575707,s0.000000
148_142,s7.362727,s1.165434,s221.890021
148_143,s0.926362,s5.977729,s60.000000
148_144,s4.598005,s9.042309,s322.912782
148_145,s0.692820,s5.447322,s120.000000
148_146,s1.483048,s2.574451,s60.000000
148_147,s5.890998,s9.183785,s0.000000
149_0,s4.297608,s3.524874,s155.083789
149_1,s5.153588,s3.617977,s206.180148
149_2,s4.422342,s4.611038,s146.259059
149_3,s4.045932,s2.669513,s124.051521
149_4,s4.642304,s2.670390,s177.617374
149_5,s4.932955,s3.154825,s111.409936
149_6,s4.832355,s4.459126,s334.853987
149_7,s5.067713,s4.127102,s245.830198
149_8,s5.768018,s2.502416,s224.211385
149_9,s6.470706,s3.009312,s174.780695
149_10,s5.229029,s2.842269,s186.265800
149_11,s4.822212,s3.689316,s68.254794
149_12,s5.710762,s3.545566,s316.598268
149_13,s3.666507,s3.353186,s172.763098
149_14,s5.366992,s4.649866,s305.629873
149_15,s6.457273,s4.069771,s287.151329
149_16,s5.792386,s3.137590,s222.360085
149_17,s6.207217,s3.518434,s276.592573
149_18,s5.337479,s5.142802,s340.309550
149_19,s3.894038,s4.467805,s64.270949
149_20,s4.589079,s4.910226,s37.588747
149_21,s5.787702,s4.193756,s344.327548
149_22,s3.232247,s0.900518,s150.913575
149_23,s4.777699,s5.434825,s296.109201
149_24,s4.379480,s5.719741,s32.026723
149_25,s5.936858,s5.373318,s15.414033
149_26,s3.547173,s5.460170,s320.426147
149_27,s6.267580,s5.207360,s264.327577
149_28,s7.015224,s3.143112,s170.259436
149_29,s6.255341,s4.664156,s246.083806
149_30,s2.986812,s5.936818,s347.055037
149_31,s7.772645,s2.804563,s207.286011
149_32,s6.670143,s5.775210,s83.689669
149_33,s6.824306,s4.750691,s307.116602
149_34,s6.105724,s6.240070,s289.256917
149_35,s6.974203,s5.480038,s282.302437
149_36,s7.257734,s4.550918,s218.011258
149_37,s4.878875,s5.888402,s345.289643
149_38,s5.423211,s6.083229,s318.427250
149_39,s7.730407,s5.289899,s170.984218
149_40,s7.222701,s2.507512,s249.437534
149_41,s7.105935,s3.687463,s219.182966
149_42,s6.952874,s6.021774,s331.841808
149_43,s5.519649,s6.684865,s38.217527
149_44,s3.751559,s6.179606,s47.065366
149_45,s7.733393,s3.842153,s251.525050
149_46,s7.588769,s6.355199,s21.511714
149_47,s6.252459,s6.674668,s338.974474
149_48,s3.594906,s6.892682,s272.076352
149_49,s9.329302,s8.530757,s327.154015
149_50,s5.717582,s1.986658,s131.186868
149_51,s7.988910,s4.291133,s5.151134
149_52,s8.361847,s7.273248,s23.322626
149_53,s7.939002,s3.366240,s215.283492
149_54,s3.545372,s4.091518,s107.265513
149_55,s6.855307,s6.790612,s19.764960
149_56,s4.406474,s6.302519,s311.367614
149_57,s4.653115,s6.936632,s34.555162
149_58,s3.488876,s5.105580,s117.790990
149_59,s7.782174,s1.869850,s81.307842
149_60,s7.820307,s5.844607,s338.852693
149_61,s4.941920,s1.440281,s69.345801
149_62,s5.739572,s7.079016,s295.314660
149_63,s6.163732,s1.768697,s223.631840
149_64,s8.357051,s4.626073,s297.606551
149_65,s8.699216,s3.462462,s280.443108
149_66,s9.215293,s4.853206,s237.924884
149_67,s8.155840,s5.526089,s229.712072
149_68,s6.606529,s2.219422,s186.459209
149_69,s5.489525,s1.353450,s177.971525
149_70,s3.143717,s4.370116,s67.051797
149_71,s3.343465,s3.509766,s72.965588
149_72,s7.080965,s1.669640,s194.558597
149_73,s8.306717,s2.541679,s239.590118
149_74,s4.563785,s1.063140,s251.626117
149_75,s6.162413,s1.123633,s140.610941
149_76,s3.204117,s2.762474,s36.325632
149_77,s8.145597,s1.991736,s237.260020
149_78,s4.200019,s1.421657,s106.475537
149_79,s2.674231,s6.590073,s166.019064
149_80,s8.328175,s1.013463,s218.420738
149_81,s3.987693,s2.060748,s83.608301
149_82,s2.620056,s4.069622,s27.509791
149_83,s2.667239,s2.913552,s140.221341
149_84,s2.119040,s4.236901,s97.496175
149_85,s3.103697,s5.424604,s90.122841
149_86,s2.336984,s5.024087,s70.138413
149_87,s2.457013,s3.396283,s60.318404
149_88,s4.306892,s0.817878,s148.084876
149_89,s5.358000,s7.378048,s10.683472
149_90,s7.166953,s7.160560,s336.202683
149_91,s3.336867,s1.810536,s164.545455
149_92,s4.787172,s7.597654,s333.848083
149_93,s5.754704,s7.676028,s278.497376
149_94,s7.821649,s6.868760,s351.908428
149_95,s2.255853,s5.725079,s57.683170
149_96,s3.905290,s7.418557,s54.170981
149_97,s3.337101,s8.522781,s335.700198
149_98,s2.514331,s1.793578,s64.118481
149_99,s6.919693,s7.837125,s287.356210
149_100,s1.699924,s4.685601,s139.924651
149_101,s1.612130,s6.668585,s331.478743
149_102,s1.917394,s7.665449,s90.475537
149_103,s5.305251,s8.338773,s0.103534
149_104,s2.025856,s3.211617,s114.258505
149_105,s4.388372,s7.717059,s25.287596
149_106,s1.663519,s3.618647,s62.590339
149_107,s1.541853,s5.616630,s8.335234
149_108,s1.800190,s1.560838,s52.836546
149_109,s5.949944,s8.304814,s230.434429
149_110,s2.139019,s6.354483,s9.331424
149_111,s2.441545,s0.830725,s71.443113
149_112,s2.891624,s1.479724,s116.953461
149_113,s3.053327,s6.803728,s343.723274
149_114,s4.500222,s8.263509,s327.446472
149_115,s4.185027,s8.756227,s43.382345
149_116,s6.750828,s8.211002,s333.312826
149_117,s8.299988,s6.180740,s241.284563
149_118,s8.729579,s5.428405,s290.079996
149_119,s1.357494,s7.077675,s47.674448
149_120,s8.724402,s6.394524,s289.606649
149_121,s9.346934,s0.749219,s215.119008
149_122,s5.904689,s8.637422,s49.385080
149_123,s9.075630,s4.260063,s236.708318
149_124,s7.424430,s8.309732,s346.700977
149_125,s3.753001,s7.980018,s354.468255
149_126,s8.544118,s3.834104,s344.329466
149_127,s6.506287,s8.784124,s291.598440
149_128,s2.794418,s8.360552,s64.213192
149_129,s7.900596,s8.772840,s275.398546
149_130,s8.207662,s6.753795,s297.895839
149_131,s9.086852,s7.172045,s311.706492
149_132,s8.855738,s2.608201,s290.803102
149_133,s4.952856,s0.579643,s136.431767
149_134,s6.930490,s0.666724,s251.970786
149_135,s1.146445,s5.163289,s193.871464
149_136,s1.006567,s4.217599,s76.760027
149_137,s6.145818,s0.517365,s250.235127
149_138,s2.612766,s7.089214,s12.345166
149_139,s1.241440,s3.269572,s60.000000
149_140,s9.554827,s5.249745,s352.842550
149_141,s3.023123,s7.575707,s0.000000
149_142,s7.560004,s1.165434,s221.890021
149_143,s1.123639,s5.977729,s60.000000
149_144,s4.795282,s9.042309,s322.912782
149_145,s0.637712,s5.586129,s127.142090
149_146,s1.748218,s2.502722,s60.000000
149_147,s6.079704,s9.149150,s332.587367
149_148,s8.437764,s7.907197,s300.000000
150_0,s4.164534,s3.524874,s155.083789
150_1,s5.020514,s3.617977,s206.180148
150_2,s4.289267,s4.611038,s146.259059
150_3,s3.912857,s2.669513,s124.051521
150_4,s4.510809,s2.682743,s177.617374
150_5,s4.799881,s3.154825,s111.409936
150_6,s4.699280,s4.459126,s334.853987
150_7,s4.934639,s4.127102,s245.830198
150_8,s5.634943,s2.502416,s224.211385
150_9,s6.337632,s3.009312,s174.780695
150_10,s5.095955,s2.842269,s186.265800
150_11,s4.689137,s3.689316,s68.254794
150_12,s5.577687,s3.545566,s316.598268
150_13,s3.533433,s3.353186,s172.763098
150_14,s5.233918,s4.649866,s305.629873
150_15,s6.324199,s4.069771,s287.151329
150_16,s5.659312,s3.137590,s222.360085
150_17,s6.074142,s3.518434,s276.592573
150_18,s5.204404,s5.142802,s340.309550
150_19,s3.760963,s4.467805,s64.270949
150_20,s4.456004,s4.910226,s37.588747
150_21,s5.654627,s4.193756,s344.327548
150_22,s3.125402,s0.963155,s150.913575
150_23,s4.644624,s5.434825,s296.109201
150_24,s4.246405,s5.719741,s32.026723
150_25,s5.803783,s5.373318,s15.414033
150_26,s3.414098,s5.460170,s320.426147
150_27,s6.134505,s5.207360,s264.327577
150_28,s6.882149,s3.143112,s170.259436
150_29,s6.122266,s4.664156,s246.083806
150_30,s2.853737,s5.936818,s347.055037
150_31,s7.639570,s2.804563,s207.286011
150_32,s6.537069,s5.775210,s83.689669
150_33,s6.691231,s4.750691,s307.116602
150_34,s5.972649,s6.240070,s289.256917
150_35,s6.841128,s5.480038,s282.302437
150_36,s7.124660,s4.550918,s218.011258
150_37,s4.745800,s5.888402,s345.289643
150_38,s5.290136,s6.083229,s318.427250
150_39,s7.597333,s5.289899,s170.984218
150_40,s7.089627,s2.507512,s249.437534
150_41,s6.972860,s3.687463,s219.182966
150_42,s6.819799,s6.021774,s331.841808
150_43,s5.386574,s6.684865,s38.217527
150_44,s3.618485,s6.179606,s47.065366
150_45,s7.600318,s3.842153,s251.525050
150_46,s7.455694,s6.355199,s21.511714
150_47,s6.119384,s6.674668,s338.974474
150_48,s3.461832,s6.892682,s272.076352
150_49,s9.171479,s8.510798,s327.154015
150_50,s5.584507,s1.986658,s131.186868
150_51,s7.855835,s4.291133,s5.151134
150_52,s8.228772,s7.273248,s23.322626
150_53,s7.805927,s3.366240,s215.283492
150_54,s3.412297,s4.091518,s107.265513
150_55,s6.722232,s6.790612,s19.764960
150_56,s4.273399,s6.302519,s311.367614
150_57,s4.520040,s6.936632,s34.555162
150_58,s3.355801,s5.105580,s117.790990
150_59,s7.649099,s1.869850,s81.307842
150_60,s7.687232,s5.844607,s338.852693
150_61,s4.808845,s1.440281,s69.345801
150_62,s5.606497,s7.079016,s295.314660
150_63,s6.030657,s1.768697,s223.631840
150_64,s8.223976,s4.626073,s297.606551
150_65,s8.566141,s3.462462,s280.443108
150_66,s9.082218,s4.853206,s237.924884
150_67,s8.022765,s5.526089,s229.712072
150_68,s6.473454,s2.219422,s186.459209
150_69,s5.356450,s1.353450,s177.971525
150_70,s3.010642,s4.370116,s67.051797
150_71,s3.219871,s3.518874,s72.965588
150_72,s6.947890,s1.669640,s194.558597
150_73,s8.173642,s2.541679,s239.590118
150_74,s4.430711,s1.063140,s251.626117
150_75,s5.997092,s1.231727,s140.610941
150_76,s3.071043,s2.762474,s36.325632
150_77,s8.012522,s1.991736,s237.260020
150_78,s4.066944,s1.421657,s106.475537
150_79,s2.541157,s6.590073,s166.019064
150_80,s8.104084,s1.123553,s218.420738
150_81,s3.854618,s2.060748,s83.608301
150_82,s2.486981,s4.069622,s27.509791
150_83,s2.534164,s2.913552,s140.221341
150_84,s1.985965,s4.236901,s97.496175
150_85,s2.970622,s5.424604,s90.122841
150_86,s2.203909,s5.024087,s70.138413
150_87,s2.323938,s3.396283,s60.318404
150_88,s4.173817,s0.817878,s148.084876
150_89,s5.224925,s7.378048,s10.683472
150_90,s7.033878,s7.160560,s336.202683
150_91,s3.203792,s1.810536,s164.545455
150_92,s4.654097,s7.597654,s333.848083
150_93,s5.621629,s7.676028,s278.497376
150_94,s7.688575,s6.868760,s351.908428
150_95,s2.122779,s5.725079,s57.683170
150_96,s3.772215,s7.418557,s54.170981
150_97,s3.204026,s8.522781,s335.700198
150_98,s2.381257,s1.793578,s64.118481
150_99,s6.786619,s7.837125,s287.356210
150_100,s1.566849,s4.685601,s139.924651
150_101,s1.479055,s6.668585,s331.478743
150_102,s1.784320,s7.665449,s90.475537
150_103,s5.172176,s8.338773,s0.103534
150_104,s1.892781,s3.211617,s114.258505
150_105,s4.255297,s7.717059,s25.287596
150_106,s1.530445,s3.618647,s62.590339
150_107,s1.408778,s5.616630,s8.335234
150_108,s1.721783,s1.621459,s52.836546
150_109,s5.816869,s8.304814,s230.434429
150_110,s2.005944,s6.354483,s9.331424
150_111,s2.308470,s0.830725,s71.443113
150_112,s2.758549,s1.479724,s116.953461
150_113,s2.920252,s6.803728,s343.723274
150_114,s4.367147,s8.263509,s327.446472
150_115,s4.051952,s8.756227,s43.382345
150_116,s6.617753,s8.211002,s333.312826
150_117,s8.166913,s6.180740,s241.284563
150_118,s8.596505,s5.428405,s290.079996
150_119,s1.224420,s7.077675,s47.674448
150_120,s8.591327,s6.394524,s289.606649
150_121,s9.169352,s0.793269,s215.119008
150_122,s5.771615,s8.637422,s49.385080
150_123,s8.877741,s4.272596,s236.708318
150_124,s7.291356,s8.309732,s346.700977
150_125,s3.619926,s7.980018,s354.468255
150_126,s8.411043,s3.834104,s344.329466
150_127,s6.373212,s8.784124,s291.598440
150_128,s2.661344,s8.360552,s64.213192
150_129,s7.767521,s8.772840,s275.398546
150_130,s8.074587,s6.753795,s297.895839
150_131,s8.953778,s7.172045,s311.706492
150_132,s8.722663,s2.608201,s290.803102
150_133,s4.819781,s0.579643,s136.431767
150_134,s6.729535,s0.819431,s251.970786
150_135,s1.013371,s5.163289,s193.871464
150_136,s0.873492,s4.217599,s76.760027
150_137,s6.004613,s0.548582,s250.235127
150_138,s2.479691,s7.089214,s12.345166
150_139,s1.108365,s3.269572,s60.000000
150_140,s9.393194,s5.248500,s352.842550
150_141,s2.890049,s7.575707,s0.000000
150_142,s7.418367,s1.178326,s221.890021
150_143,s0.990564,s5.977729,s60.000000
150_144,s4.662207,s9.042309,s322.912782
150_145,s0.637712,s5.569674,s127.142090
150_146,s1.615144,s2.502722,s60.000000
150_147,s5.937319,s9.115470,s332.587367
150_148,s8.324510,s8.146856,s300.000000
150_149,s4.255104,s9.299811,s27.079151
151_0,s4.297995,s3.517154,s155.083789
151_1,s5.153975,s3.610256,s206.180148
151_2,s4.422728,s4.603317,s146.259059
151_3,s4.046319,s2.661792,s124.051521
151_4,s4.644270,s2.675022,s177.617374
151_5,s4.933342,s3.147104,s111.409936
151_6,s4.832741,s4.451406,s334.853987
151_7,s5.068100,s4.119381,s245.830198
151_8,s5.768404,s2.494695,s224.211385
151_9,s6.471093,s3.001591,s174.780695
151_10,s5.229416,s2.834548,s185.317027
151_11,s4.822598,s3.681595,s68.254794
151_12,s5.711148,s3.537845,s316.598268
151_13,s3.666894,s3.345465,s172.763098
151_14,s5.367379,s4.642145,s305.629873
151_15,s6.457660,s4.062050,s287.151329
151_16,s5.792773,s3.129869,s222.360085
151_17,s6.207603,s3.510713,s276.592573
151_18,s5.327117,s5.130550,s340.309550
151_19,s3.894424,s4.460084,s64.270949
151_20,s4.589465,s4.902506,s37.588747
151_21,s5.788088,s4.186035,s344.327548
151_22,s3.258863,s0.955434,s150.913575
151_23,s4.778085,s5.427105,s296.109201
151_24,s4.379866,s5.712020,s32.026723
151_25,s5.937245,s5.365597,s15.414033
151_26,s3.547559,s5.452450,s320.426147
151_27,s6.267966,s5.199639,s264.327577
151_28,s7.015610,s3.135391,s170.259436
151_29,s6.255727,s4.656435,s246.083806
151_30,s2.987198,s5.929097,s347.055037
151_31,s7.773031,s2.796842,s207.286011
151_32,s6.670530,s5.767489,s83.689669
151_33,s6.824692,s4.742970,s307.116602
151_34,s6.106110,s6.232349,s289.256917
151_35,s6.974589,s5.472317,s282.302437
151_36,s7.258121,s4.543197,s218.011258
151_37,s4.879262,s5.880681,s345.289643
151_38,s5.423598,s6.075508,s318.427250
151_39,s7.730794,s5.282178,s170.984218
151_40,s7.223088,s2.499791,s249.437534
151_41,s7.106321,s3.679742,s219.182966
151_42,s6.953260,s6.014053,s331.841808
151_43,s5.520036,s6.677145,s38.217527
151_44,s3.751946,s6.171886,s47.065366
151_45,s7.733779,s3.834432,s251.525050
151_46,s7.589155,s6.347478,s21.511714
151_47,s6.252845,s6.666947,s338.974474
151_48,s3.595293,s6.884961,s272.076352
151_49,s9.261350,s8.467348,s349.970796
151_50,s5.717968,s1.978937,s131.186868
151_51,s7.989297,s4.283412,s5.356552
151_52,s8.362233,s7.265527,s23.322626
151_53,s7.939389,s3.358520,s215.283492
151_54,s3.545758,s4.083797,s107.265513
151_55,s6.855693,s6.782891,s19.764960
151_56,s4.406860,s6.294799,s311.367614
151_57,s4.653501,s6.928911,s34.555162
151_58,s3.489263,s5.097859,s117.790990
151_59,s7.782560,s1.862129,s81.307842
151_60,s7.820693,s5.836886,s338.852693
151_61,s4.942306,s1.432560,s69.345801
151_62,s5.739959,s7.071295,s295.314660
151_63,s6.164118,s1.760976,s223.631840
151_64,s8.357437,s4.618353,s297.606551
151_65,s8.699602,s3.454741,s280.443108
151_66,s9.215680,s4.845485,s237.924884
151_67,s8.156226,s5.518368,s229.383757
151_68,s6.606916,s2.211701,s186.459209
151_69,s5.489912,s1.345729,s177.971525
151_70,s3.144103,s4.362395,s67.051797
151_71,s3.353332,s3.511153,s72.965588
151_72,s7.081351,s1.661919,s194.558597
151_73,s8.307103,s2.533958,s239.590118
151_74,s4.564172,s1.055419,s251.626117
151_75,s6.130553,s1.224006,s140.610941
151_76,s3.204504,s2.754753,s36.325632
151_77,s8.179333,s1.705668,s237.260020
151_78,s4.200405,s1.413936,s99.866869
151_79,s2.674618,s6.582352,s166.019064
151_80,s8.193553,s1.168809,s218.420738
151_81,s3.988079,s2.053027,s83.608301
151_82,s2.620442,s4.061901,s27.509791
151_83,s2.667625,s2.905831,s140.221341
151_84,s2.119426,s4.229180,s97.496175
151_85,s3.104083,s5.416884,s90.122841
151_86,s2.337370,s5.016366,s70.138413
151_87,s2.457400,s3.388562,s60.318404
151_88,s4.307278,s0.810157,s148.084876
151_89,s5.358386,s7.370327,s10.683472
151_90,s7.167340,s7.152839,s336.202683
151_91,s3.337254,s1.802816,s164.545455
151_92,s4.787559,s7.589933,s333.848083
151_93,s5.755091,s7.668307,s278.497376
151_94,s7.822036,s6.861039,s351.908428
151_95,s2.256240,s5.717358,s57.683170
151_96,s3.905676,s7.410836,s54.170981
151_97,s3.337487,s8.515060,s335.700198
151_98,s2.514718,s1.785857,s64.118481
151_99,s6.920080,s7.829404,s287.356210
151_100,s1.700311,s4.677880,s139.924651
151_101,s1.225805,s6.570902,s331.478743
151_102,s1.113461,s8.487349,s90.475537
151_103,s5.305637,s8.331052,s0.103534
151_104,s2.026243,s3.203896,s114.258505
151_105,s4.388759,s7.709338,s25.287596
151_106,s1.663906,s3.610926,s62.590339
151_107,s1.542239,s5.608909,s8.335234
151_108,s1.964565,s1.401155,s89.980788
151_109,s5.950330,s8.297093,s230.434429
151_110,s2.139405,s6.346763,s9.331424
151_111,s2.543154,s0.391749,s75.633448
151_112,s2.892010,s1.472003,s106.043814
151_113,s3.053714,s6.796007,s343.723274
151_114,s4.500608,s8.255788,s317.029600
151_115,s4.185413,s8.748506,s43.382345
151_116,s6.585695,s8.368979,s325.238854
151_117,s8.300375,s6.173019,s241.284563
151_118,s8.729966,s5.420684,s290.079996
151_119,s1.748132,s7.616135,s47.674448
151_120,s8.724788,s6.386803,s302.213158
151_121,s9.207140,s0.879194,s215.579086
151_122,s5.905076,s8.629701,s49.385080
151_123,s9.011202,s4.264875,s236.708318
151_124,s7.424817,s8.302011,s346.700977
151_125,s3.753387,s7.972297,s354.468255
151_126,s8.544504,s3.826383,s344.329466
151_127,s7.314656,s9.182624,s291.598440
151_128,s2.682292,s8.663044,s92.357909
151_129,s8.091630,s8.747079,s281.688576
151_130,s8.208048,s6.746074,s297.895839
151_131,s9.087239,s7.164324,s311.706492
151_132,s9.119092,s1.352069,s290.803102
151_133,s5.113206,s0.516442,s130.207159
151_134,s6.706611,s0.931723,s237.838547
151_135,s1.146832,s5.155568,s185.076717
151_136,s1.006953,s4.209878,s76.760027
151_137,s6.113787,s0.637132,s250.235127
151_138,s2.613152,s7.081493,s12.345166
151_139,s1.241827,s3.261852,s60.000000
151_140,s9.526655,s5.240779,s352.842550
151_141,s3.023510,s7.567986,s0.000000
151_142,s7.551829,s1.170605,s221.890021
151_143,s1.124025,s5.970008,s60.000000
151_144,s4.795668,s9.034588,s322.403100
151_145,s0.677608,s5.734252,s122.112073
151_146,s1.758248,s2.502394,s92.165671
151_147,s6.477701,s9.499156,s293.451829
151_148,s8.426809,s8.110721,s261.563207
151_149,s4.394011,s9.254676,s27.079151
151_150,s2.934864,s8.998848,s346.732437
152_0,s4.255213,s3.487616,s155.083789
152_1,s5.111193,s3.580719,s206.180148
152_2,s4.379947,s4.573780,s146.259059
152_3,s4.003537,s2.632255,s124.051521
152_4,s4.601488,s2.645485,s177.617374
152_5,s4.890560,s3.117567,s111.409936
152_6,s4.789959,s4.421868,s334.853987
152_7,s5.025318,s4.089844,s245.830198
152_8,s5.725623,s2.465158,s224.211385
152_9,s6.428311,s2.972054,s174.780695
152_10,s5.186634,s2.805011,s185.317027
152_11,s4.779817,s3.652058,s68.254794
152_12,s5.668367,s3.508308,s316.598268
152_13,s3.624112,s3.315928,s172.763098
152_14,s5.324597,s4.612608,s305.629873
152_15,s6.414878,s4.032513,s287.151329
152_16,s5.749991,s3.100331,s222.360085
152_17,s6.164822,s3.481176,s276.592573
152_18,s5.284335,s5.101012,s340.309550
152_19,s3.851643,s4.430547,s64.270949
152_20,s4.546684,s4.872968,s37.588747
152_21,s5.745307,s4.156497,s344.327548
152_22,s3.216082,s0.925897,s150.913575
152_23,s4.735304,s5.397567,s296.109201
152_24,s4.337085,s5.682483,s32.026723
152_25,s5.894463,s5.336060,s15.414033
152_26,s3.504778,s5.422912,s320.426147
152_27,s6.225185,s5.170101,s264.327577
152_28,s6.972829,s3.105853,s170.259436
152_29,s6.212946,s4.626898,s246.083806
152_30,s2.944417,s5.899559,s347.055037
152_31,s7.730250,s2.767305,s207.286011
152_32,s6.627748,s5.737952,s83.689669
152_33,s6.781911,s4.713433,s307.116602
152_34,s6.063329,s6.202812,s289.256917
152_35,s6.931808,s5.442780,s282.302437
152_36,s7.215339,s4.513659,s218.011258
152_37,s4.836480,s5.851144,s345.289643
152_38,s5.380816,s6.045971,s318.427250
152_39,s7.688012,s5.252641,s170.984218
152_40,s7.180306,s2.470253,s249.437534
152_41,s7.063539,s3.650205,s219.182966
152_42,s6.910479,s5.984516,s331.841808
152_43,s5.477254,s6.647607,s38.217527
152_44,s3.709164,s6.142348,s47.065366
152_45,s7.690998,s3.804895,s251.525050
152_46,s7.546374,s6.317941,s21.511714
152_47,s6.210064,s6.637410,s338.974474
152_48,s3.552511,s6.855424,s272.076352
152_49,s9.155836,s8.387183,s349.970796
152_50,s5.675187,s1.949400,s131.186868
152_51,s7.946515,s4.253874,s5.356552
152_52,s8.319452,s7.235989,s23.322626
152_53,s7.896607,s3.328982,s215.283492
152_54,s3.502977,s4.054260,s107.265513
152_55,s6.812912,s6.753354,s19.764960
152_56,s4.364079,s6.265261,s311.367614
152_57,s4.610719,s6.899374,s34.555162
152_58,s3.446481,s5.068322,s117.790990
152_59,s7.739779,s1.832592,s81.307842
152_60,s7.777912,s5.807349,s338.852693
152_61,s4.899525,s1.403023,s69.345801
152_62,s5.697177,s7.041758,s295.314660
152_63,s6.121337,s1.731438,s223.631840
152_64,s8.314656,s4.588815,s297.606551
152_65,s8.656821,s3.425204,s280.443108
152_66,s9.172898,s4.815948,s237.924884
152_67,s8.113445,s5.488831,s229.383757
152_68,s6.564134,s2.182163,s186.459209
152_69,s5.447130,s1.316192,s177.971525
152_70,s3.101322,s4.332858,s67.051797
152_71,s3.310550,s3.481616,s72.965588
152_72,s7.038570,s1.632382,s194.558597
152_73,s8.264322,s2.504421,s239.590118
152_74,s4.521390,s1.025882,s251.626117
152_75,s6.087771,s1.194469,s140.610941
152_76,s3.161722,s2.725216,s36.325632
152_77,s8.136551,s1.676131,s237.260020
152_78,s4.157624,s1.384398,s99.866869
152_79,s2.631836,s6.552815,s166.019064
152_80,s8.150771,s1.139272,s218.420738
152_81,s3.945298,s2.023490,s83.608301
152_82,s2.577660,s4.032363,s27.509791
152_83,s2.624844,s2.876293,s140.221341
152_84,s2.076645,s4.199643,s97.496175
152_85,s3.061301,s5.387346,s90.122841
152_86,s2.294589,s4.986829,s70.138413
152_87,s2.414618,s3.359025,s60.318404
152_88,s4.264497,s0.780619,s148.084876
152_89,s5.315605,s7.340790,s10.683472
152_90,s7.124558,s7.123301,s336.202683
152_91,s3.294472,s1.773278,s164.545455
152_92,s4.744777,s7.560396,s333.848083
152_93,s5.712309,s7.638769,s278.497376
152_94,s7.779254,s6.831502,s351.908428
152_95,s2.213458,s5.687821,s57.683170
152_96,s3.862895,s7.381299,s54.170981
152_97,s3.294706,s8.485523,s335.700198
152_98,s2.590437,s1.911776,s64.118481
152_99,s6.845421,s7.753800,s287.356210
152_100,s1.657529,s4.648343,s139.924651
152_101,s1.229332,s6.521718,s331.478743
152_102,s1.102091,s8.429163,s90.475537
152_103,s5.262856,s8.301515,s0.103534
152_104,s1.983461,s3.174359,s114.258505
152_105,s4.345977,s7.679801,s25.287596
152_106,s1.621124,s3.581388,s62.590339
152_107,s1.499458,s5.579372,s8.335234
152_108,s1.930445,s1.381993,s89.980788
152_109,s5.907548,s8.267556,s230.434429
152_110,s2.096624,s6.317225,s9.331424
152_111,s2.528475,s0.415711,s75.633448
152_112,s2.849229,s1.442466,s106.043814
152_113,s3.010932,s6.766470,s343.723274
152_114,s4.457826,s8.226251,s317.029600
152_115,s4.142632,s8.718969,s43.382345
152_116,s6.521797,s8.295658,s325.238854
152_117,s8.257593,s6.143481,s241.284563
152_118,s8.687184,s5.391147,s290.079996
152_119,s1.809885,s7.501105,s47.674448
152_120,s8.682007,s6.357266,s302.213158
152_121,s9.102551,s0.909317,s215.579086
152_122,s5.862294,s8.600164,s49.385080
152_123,s8.968420,s4.235338,s236.708318
152_124,s7.362571,s8.246319,s346.700977
152_125,s3.710606,s7.942760,s354.468255
152_126,s8.501723,s3.796845,s344.329466
152_127,s7.271875,s9.153086,s291.598440
152_128,s2.671492,s8.581794,s92.357909
152_129,s8.032223,s8.697588,s281.688576
152_130,s8.165267,s6.716536,s297.895839
152_131,s9.044457,s7.134787,s311.706492
152_132,s9.076311,s1.322532,s290.803102
152_133,s5.069379,s0.516442,s130.207159
152_134,s6.647798,s0.939686,s237.838547
152_135,s1.155650,s5.123699,s185.076717
152_136,s0.964172,s4.180341,s76.760027
152_137,s6.067306,s0.621472,s250.235127
152_138,s2.570371,s7.051956,s12.345166
152_139,s1.199045,s3.232314,s60.000000
152_140,s9.483873,s5.211241,s352.842550
152_141,s2.980728,s7.538448,s0.000000
152_142,s7.509047,s1.141068,s221.890021
152_143,s1.092797,s5.937496,s60.000000
152_144,s4.752887,s9.005050,s322.403100
152_145,s0.677608,s5.697291,s122.112073
152_146,s1.799789,s2.538379,s92.165671
152_147,s6.405870,s9.383234,s293.451829
152_148,s8.366449,s8.065349,s261.563207
152_149,s4.351229,s9.225139,s27.079151
152_150,s2.918365,s8.917072,s346.732437
152_151,s2.465643,s7.898669,s40.000000
153_0,s4.255213,s3.487616,s155.083789
153_1,s5.111193,s3.580719,s206.180148
153_2,s4.379947,s4.573780,s146.259059
153_3,s4.003537,s2.632255,s124.051521
153_4,s4.601488,s2.645485,s177.617374
153_5,s4.890560,s3.117567,s111.409936
153_6,s4.789959,s4.421868,s334.853987
153_7,s5.025318,s4.089844,s245.830198
153_8,s5.725623,s2.465158,s224.211385
153_9,s6.428311,s2.972054,s174.780695
153_10,s5.186634,s2.805011,s185.317027
153_11,s4.779817,s3.652058,s68.254794
153_12,s5.668367,s3.508308,s316.598268
153_13,s3.624112,s3.315928,s172.763098
153_14,s5.324597,s4.612608,s305.629873
153_15,s6.414878,s4.032513,s287.151329
153_16,s5.749991,s3.100331,s222.360085
153_17,s6.164822,s3.481176,s276.592573
153_18,s5.284335,s5.101012,s340.309550
153_19,s3.851643,s4.430547,s64.270949
153_20,s4.546684,s4.872968,s37.588747
153_21,s5.745307,s4.156497,s344.327548
153_22,s3.216082,s0.925897,s150.913575
153_23,s4.735304,s5.397567,s296.109201
153_24,s4.337085,s5.682483,s32.026723
153_25,s5.894463,s5.336060,s15.414033
153_26,s3.504778,s5.422912,s320.426147
153_27,s6.225185,s5.170101,s264.327577
153_28,s6.972829,s3.105853,s170.259436
153_29,s6.212946,s4.626898,s246.083806
153_30,s2.944417,s5.899559,s347.055037
153_31,s7.730250,s2.767305,s207.286011
153_32,s6.627748,s5.737952,s83.689669
153_33,s6.781911,s4.713433,s307.116602
153_34,s6.063329,s6.202812,s289.256917
153_35,s6.931808,s5.442780,s282.302437
153_36,s7.215339,s4.513659,s218.011258
153_37,s4.836480,s5.851144,s345.289643
153_38,s5.380816,s6.045971,s318.427250
153_39,s7.688012,s5.252641,s170.984218
153_40,s7.180306,s2.470253,s249.437534
153_41,s7.063539,s3.650205,s219.182966
153_42,s6.910479,s5.984516,s331.841808
153_43,s5.477254,s6.647607,s38.217527
153_44,s3.709164,s6.142348,s47.065366
153_45,s7.690998,s3.804895,s251.525050
153_46,s7.546374,s6.317941,s21.511714
153_47,s6.210064,s6.637410,s338.974474
153_48,s3.552511,s6.855424,s272.076352
153_49,s9.002226,s8.263057,s349.970796
153_50,s5.675187,s1.949400,s131.186868
153_51,s7.946515,s4.253874,s5.356552
153_52,s8.319452,s7.235989,s23.322626
153_53,s7.896607,s3.328982,s215.283492
153_54,s3.502977,s4.054260,s107.265513
153_55,s6.812912,s6.753354,s19.764960
153_56,s4.364079,s6.265261,s311.367614
153_57,s4.610719,s6.899374,s34.555162
153_58,s3.446481,s5.068322,s117.790990
153_59,s7.739779,s1.832592,s81.307842
153_60,s7.777912,s5.807349,s338.852693
153_61,s4.899525,s1.403023,s69.345801
153_62,s5.697177,s7.041758,s295.314660
153_63,s6.121337,s1.731438,s223.631840
153_64,s8.314656,s4.588815,s297.606551
153_65,s8.656821,s3.425204,s280.443108
153_66,s9.172898,s4.815948,s237.924884
153_67,s8.113445,s5.488831,s229.383757
153_68,s6.564134,s2.182163,s186.459209
153_69,s5.447130,s1.316192,s177.971525
153_70,s3.101322,s4.332858,s67.051797
153_71,s3.310550,s3.481616,s72.965588
153_72,s7.038570,s1.632382,s194.558597
153_73,s8.264322,s2.504421,s239.590118
153_74,s4.521390,s1.025882,s251.626117
153_75,s6.083745,s1.207542,s140.610941
153_76,s3.161722,s2.725216,s36.325632
153_77,s8.136551,s1.676131,s237.260020
153_78,s4.157624,s1.384398,s99.866869
153_79,s2.631836,s6.552815,s166.019064
153_80,s8.150771,s1.139272,s218.420738
153_81,s3.945298,s2.023490,s83.608301
153_82,s2.577660,s4.032363,s27.509791
153_83,s2.624844,s2.876293,s140.221341
153_84,s2.076645,s4.199643,s97.496175
153_85,s3.061301,s5.387346,s90.122841
153_86,s2.294589,s4.986829,s70.138413
153_87,s2.414618,s3.359025,s60.318404
153_88,s4.264497,s0.780619,s148.084876
153_89,s5.315605,s7.340790,s10.683472
153_90,s7.124558,s7.123301,s336.202683
153_91,s3.294472,s1.773278,s164.545455
153_92,s4.744777,s7.560396,s333.848083
153_93,s5.712309,s7.638769,s278.497376
153_94,s7.779254,s6.831502,s351.908428
153_95,s2.213458,s5.687821,s57.683170
153_96,s3.862895,s7.381299,s54.170981
153_97,s3.294706,s8.485523,s335.700198
153_98,s2.590437,s1.911776,s64.118481
153_99,s6.845421,s7.753800,s287.356210
153_100,s1.657529,s4.648343,s139.924651
153_101,s1.316597,s6.485051,s331.478743
153_102,s1.152266,s8.383749,s90.475537
153_103,s5.262856,s8.301515,s0.103534
153_104,s1.983461,s3.174359,s114.258505
153_105,s4.345977,s7.679801,s25.287596
153_106,s1.621124,s3.581388,s62.590339
153_107,s1.499458,s5.579372,s8.335234
153_108,s1.958572,s1.415678,s89.980788
153_109,s5.907548,s8.267556,s230.434429
153_110,s2.096624,s6.317225,s9.331424
153_111,s2.542873,s0.443061,s75.633448
153_112,s2.856384,s1.454619,s106.043814
153_113,s3.010932,s6.766470,s343.723274
153_114,s4.457826,s8.226251,s317.029600
153_115,s4.142632,s8.718969,s43.382345
153_116,s6.511112,s8.273392,s325.238854
153_117,s8.257593,s6.143481,s241.284563
153_118,s8.687184,s5.391147,s290.079996
153_119,s1.828441,s7.486022,s47.674448
153_120,s8.682007,s6.357266,s302.213158
153_121,s9.085800,s0.925595,s215.579086
153_122,s5.862294,s8.600164,s49.385080
153_123,s8.968420,s4.235338,s236.708318
153_124,s7.353434,s8.234032,s346.700977
153_125,s3.710606,s7.942760,s354.468255
153_126,s8.487140,s3.801624,s344.329466
153_127,s7.271875,s9.153086,s291.598440
153_128,s2.677173,s8.572687,s92.357909
153_129,s7.958351,s8.608926,s281.688576
153_130,s8.165267,s6.716536,s297.895839
153_131,s9.044457,s7.134787,s311.706492
153_132,s9.026403,s1.366372,s290.803102
153_133,s5.069379,s0.516442,s130.207159
153_134,s6.613614,s1.019648,s237.838547
153_135,s1.155650,s5.123699,s185.076717
153_136,s0.964172,s4.180341,s76.760027
153_137,s6.063736,s0.635063,s250.235127
153_138,s2.570371,s7.051956,s12.345166
153_139,s1.199045,s3.232314,s60.000000
153_140,s9.483873,s5.211241,s352.842550
153_141,s2.980728,s7.538448,s0.000000
153_142,s7.509047,s1.141068,s221.890021
153_143,s1.092797,s5.937496,s60.000000
153_144,s4.752887,s9.005050,s322.403100
153_145,s0.677608,s5.697291,s122.112073
153_146,s1.799789,s2.538379,s92.165671
153_147,s6.339377,s9.184964,s293.451829
153_148,s8.323626,s8.026812,s261.563207
153_149,s4.351229,s9.225139,s27.079151
153_150,s2.918365,s8.917072,s346.732437
153_151,s2.465643,s7.898669,s40.000000
153_152,s0.870321,s2.903711,s180.000000
154_0,s4.255213,s3.487616,s155.083789
154_1,s5.111193,s3.580719,s206.180148
154_2,s4.379947,s4.573780,s146.259059
154_3,s4.003537,s2.632255,s124.051521
154_4,s4.601488,s2.645485,s177.617374
154_5,s4.890560,s3.117567,s111.409936
154_6,s4.789959,s4.421868,s334.853987
154_7,s5.025318,s4.089844,s245.830198
154_8,s5.725623,s2.465158,s224.211385
154_9,s6.428311,s2.972054,s174.780695
154_10,s5.186634,s2.805011,s185.317027
154_11,s4.779817,s3.652058,s68.254794
154_12,s5.668367,s3.508308,s316.598268
154_13,s3.624112,s3.315928,s172.763098
154_14,s5.324597,s4.612608,s305.629873
154_15,s6.414878,s4.032513,s287.151329
154_16,s5.749991,s3.100331,s222.360085
154_17,s6.164822,s3.481176,s276.592573
154_18,s5.284335,s5.101012,s340.309550
154_19,s3.851643,s4.430547,s64.270949
154_20,s4.546684,s4.872968,s37.588747
154_21,s5.745307,s4.156497,s344.327548
154_22,s3.216082,s0.925897,s150.913575
154_23,s4.735304,s5.397567,s296.109201
154_24,s4.337085,s5.682483,s32.026723
154_25,s5.894463,s5.336060,s15.414033
154_26,s3.504778,s5.422912,s320.426147
154_27,s6.225185,s5.170101,s264.327577
154_28,s6.972829,s3.105853,s170.259436
154_29,s6.212946,s4.626898,s246.083806
154_30,s2.944417,s5.899559,s347.055037
154_31,s7.730250,s2.767305,s207.286011
154_32,s6.627748,s5.737952,s83.689669
154_33,s6.781911,s4.713433,s307.116602
154_34,s6.063329,s6.202812,s289.256917
154_35,s6.931808,s5.442780,s282.302437
154_36,s7.215339,s4.513659,s218.011258
154_37,s4.836480,s5.851144,s345.289643
154_38,s5.380816,s6.045971,s318.427250
154_39,s7.688012,s5.252641,s170.984218
154_40,s7.180306,s2.470253,s249.437534
154_41,s7.063539,s3.650205,s219.182966
154_42,s6.910479,s5.984516,s331.841808
154_43,s5.477254,s6.647607,s38.217527
154_44,s3.709164,s6.142348,s47.065366
154_45,s7.690998,s3.804895,s251.525050
154_46,s7.546374,s6.317941,s21.511714
154_47,s6.210064,s6.637410,s338.974474
154_48,s3.552511,s6.855424,s272.076352
154_49,s8.987384,s8.251064,s349.970796
154_50,s5.675187,s1.949400,s131.186868
154_51,s7.946515,s4.253874,s5.356552
154_52,s8.319452,s7.235989,s23.322626
154_53,s7.896607,s3.328982,s215.283492
154_54,s3.502977,s4.054260,s107.265513
154_55,s6.812912,s6.753354,s19.764960
154_56,s4.364079,s6.265261,s311.367614
154_57,s4.610719,s6.899374,s34.555162
154_58,s3.446481,s5.068322,s117.790990
154_59,s7.739779,s1.832592,s81.307842
154_60,s7.777912,s5.807349,s338.852693
154_61,s4.899525,s1.403023,s69.345801
154_62,s5.697177,s7.041758,s295.314660
154_63,s6.121337,s1.731438,s223.631840
154_64,s8.314656,s4.588815,s297.606551
154_65,s8.656821,s3.425204,s280.443108
154_66,s9.172898,s4.815948,s237.924884
154_67,s8.113445,s5.488831,s229.383757
154_68,s6.564134,s2.182163,s186.459209
154_69,s5.447130,s1.316192,s177.971525
154_70,s3.101322,s4.332858,s67.051797
154_71,s3.310550,s3.481616,s72.965588
154_72,s7.038570,s1.632382,s194.558597
154_73,s8.264322,s2.504421,s239.590118
154_74,s4.521390,s1.025882,s251.626117
154_75,s6.083745,s1.207542,s140.610941
154_76,s3.161722,s2.725216,s36.325632
154_77,s8.136551,s1.676131,s237.260020
154_78,s4.157624,s1.384398,s99.866869
154_79,s2.631836,s6.552815,s166.019064
154_80,s8.150771,s1.139272,s218.420738
154_81,s3.945298,s2.023490,s83.608301
154_82,s2.577660,s4.032363,s27.509791
154_83,s2.624844,s2.876293,s140.221341
154_84,s2.076645,s4.199643,s97.496175
154_85,s3.061301,s5.387346,s90.122841
154_86,s2.294589,s4.986829,s70.138413
154_87,s2.414618,s3.359025,s60.318404
154_88,s4.264497,s0.780619,s148.084876
154_89,s5.315605,s7.340790,s10.683472
154_90,s7.124558,s7.123301,s336.202683
154_91,s3.300341,s1.784778,s164.545455
154_92,s4.744777,s7.560396,s333.848083
154_93,s5.712309,s7.638769,s278.497376
154_94,s7.779254,s6.831502,s351.908428
154_95,s2.213458,s5.687821,s57.683170
154_96,s3.862895,s7.381299,s54.170981
154_97,s3.294706,s8.485523,s335.700198
154_98,s2.590437,s1.911776,s64.118481
154_99,s6.845421,s7.753800,s287.356210
154_100,s1.657529,s4.648343,s139.924651
154_101,s1.337174,s6.476405,s331.478743
154_102,s1.235766,s8.308174,s90.475537
154_103,s5.262856,s8.301515,s0.103534
154_104,s1.983461,s3.174359,s114.258505
154_105,s4.345977,s7.679801,s25.287596
154_106,s1.621124,s3.581388,s62.590339
154_107,s1.499458,s5.579372,s8.335234
154_108,s1.978461,s1.439496,s89.980788
154_109,s5.907548,s8.267556,s230.434429
154_110,s2.096624,s6.317225,s9.331424
154_111,s2.578634,s0.510991,s75.633448
154_112,s2.856384,s1.454619,s106.043814
154_113,s3.010932,s6.766470,s343.723274
154_114,s4.457826,s8.226251,s317.029600
154_115,s4.142632,s8.718969,s43.382345
154_116,s6.511112,s8.273392,s325.238854
154_117,s8.257593,s6.143481,s241.284563
154_118,s8.687184,s5.391147,s290.079996
154_119,s1.853592,s7.465579,s47.674448
154_120,s8.682007,s6.357266,s302.213158
154_121,s9.053085,s0.957388,s215.579086
154_122,s5.862294,s8.600164,s49.385080
154_123,s8.968420,s4.235338,s236.708318
154_124,s7.353434,s8.234032,s346.700977
154_125,s3.710606,s7.942760,s354.468255
154_126,s8.487140,s3.801624,s344.329466
154_127,s7.271875,s9.153086,s291.598440
154_128,s2.677173,s8.572687,s92.357909
154_129,s7.880615,s8.515626,s281.688576
154_130,s8.165267,s6.716536,s297.895839
154_131,s9.044457,s7.134787,s311.706492
154_132,s9.012866,s1.378263,s290.803102
154_133,s5.069379,s0.516442,s130.207159
154_134,s6.609641,s1.028941,s237.838547
154_135,s1.155650,s5.123699,s185.076717
154_136,s0.964172,s4.180341,s76.760027
154_137,s6.063736,s0.635063,s250.235127
154_138,s2.570371,s7.051956,s12.345166
154_139,s1.199045,s3.232314,s60.000000
154_140,s9.483873,s5.211241,s352.842550
154_141,s2.980728,s7.538448,s0.000000
154_142,s7.509047,s1.141068,s221.890021
154_143,s1.092797,s5.937496,s60.000000
154_144,s4.752887,s9.005050,s322.403100
154_145,s0.677608,s5.697291,s122.112073
154_146,s1.799789,s2.538379,s92.165671
154_147,s6.293006,s9.046694,s293.451829
154_148,s8.313173,s8.017406,s261.563207
154_149,s4.351229,s9.225139,s27.079151
154_150,s2.918365,s8.917072,s346.732437
154_151,s2.465643,s7.898669,s40.000000
154_152,s0.882126,s2.909723,s180.000000
154_153,s1.321708,s7.236668,s40.000000
155_0,s4.255213,s3.760055,s155.083789
155_1,s5.111193,s3.853157,s206.180148
155_2,s4.379947,s4.846218,s146.259059
155_3,s4.003537,s2.904693,s124.051521
155_4,s4.601488,s2.917923,s177.617374
155_5,s4.890560,s3.390005,s111.409936
155_6,s4.789959,s4.694307,s334.853987
155_7,s5.025318,s4.362283,s245.830198
155_8,s5.725623,s2.737596,s224.211385
155_9,s6.428311,s3.244492,s174.780695
155_10,s5.186634,s3.077449,s185.317027
155_11,s4.779817,s3.924496,s68.254794
155_12,s5.668367,s3.780746,s316.598268
155_13,s3.624112,s3.588366,s172.763098
155_14,s5.324597,s4.885047,s305.629873
155_15,s6.414878,s4.304951,s287.151329
155_16,s5.749991,s3.372770,s222.360085
155_17,s6.164822,s3.753614,s276.592573
155_18,s5.284335,s5.373451,s340.309550
155_19,s3.851643,s4.702985,s64.270949
155_20,s4.546684,s5.145407,s37.588747
155_21,s5.745307,s4.428936,s344.327548
155_22,s3.221245,s1.210137,s150.913575
155_23,s4.735304,s5.670006,s296.109201
155_24,s4.337085,s5.954921,s32.026723
155_25,s5.894463,s5.608499,s15.414033
155_26,s3.504778,s5.695351,s320.426147
155_27,s6.225185,s5.442540,s264.327577
155_28,s6.972829,s3.378292,s170.259436
155_29,s6.212946,s4.899336,s246.083806
155_30,s2.944417,s6.171998,s347.055037
155_31,s7.730250,s3.039743,s207.286011
155_32,s6.627748,s6.010390,s83.689669
155_33,s6.781911,s4.985871,s307.116602
155_34,s6.063329,s6.475250,s289.256917
155_35,s6.931808,s5.715218,s282.302437
155_36,s7.215339,s4.786098,s218.011258
155_37,s4.836480,s6.123582,s345.289643
155_38,s5.380816,s6.318409,s318.427250
155_39,s7.688012,s5.525079,s170.984218
155_40,s7.180306,s2.742692,s249.437534
155_41,s7.063539,s3.922643,s219.182966
155_42,s6.910479,s6.256954,s331.841808
155_43,s5.477254,s6.920046,s38.217527
155_44,s3.709164,s6.414787,s47.065366
155_45,s7.690998,s4.077333,s251.525050
155_46,s7.546374,s6.590379,s21.511714
155_47,s6.210064,s6.909849,s338.974474
155_48,s3.552511,s7.127863,s272.076352
155_49,s8.987384,s8.523502,s349.970796
155_50,s5.675187,s2.221838,s131.186868
155_51,s7.946515,s4.526313,s5.356552
155_52,s8.319452,s7.508428,s23.322626
155_53,s7.896607,s3.601421,s215.283492
155_54,s3.502977,s4.326698,s107.265513
155_55,s6.812912,s7.025793,s19.764960
155_56,s4.364079,s6.537700,s311.367614
155_57,s4.610719,s7.171812,s34.555162
155_58,s3.446481,s5.340760,s117.790990
155_59,s7.739779,s2.105030,s81.307842
155_60,s7.777912,s6.079787,s338.852693
155_61,s4.899525,s1.675461,s69.345801
155_62,s5.697177,s7.314196,s295.314660
155_63,s6.121337,s2.003877,s223.631840
155_64,s8.314656,s4.861254,s297.606551
155_65,s8.645083,s3.702069,s280.443108
155_66,s9.172898,s5.088386,s237.924884
155_67,s8.113445,s5.761269,s229.383757
155_68,s6.564134,s2.454602,s186.459209
155_69,s5.447130,s1.588630,s177.971525
155_70,s3.101322,s4.605296,s67.051797
155_71,s3.310550,s3.754054,s72.965588
155_72,s7.038570,s1.904820,s194.558597
155_73,s8.264322,s2.776860,s239.590118
155_74,s4.521390,s1.298320,s251.626117
155_75,s6.083745,s1.479980,s140.610941
155_76,s3.161722,s2.997654,s36.325632
155_77,s8.136551,s1.948569,s237.260020
155_78,s4.157624,s1.656837,s99.866869
155_79,s2.631836,s6.825253,s166.019064
155_80,s8.150771,s1.411710,s218.420738
155_81,s3.945298,s2.295928,s83.608301
155_82,s2.577660,s4.304802,s27.509791
155_83,s2.624844,s3.148732,s140.221341
155_84,s2.076645,s4.472081,s97.496175
155_85,s3.061301,s5.659785,s90.122841
155_86,s2.294589,s5.259267,s70.138413
155_87,s2.414618,s3.631463,s60.318404
155_88,s4.264497,s1.053058,s148.084876
155_89,s5.315605,s7.613228,s10.683472
155_90,s7.124558,s7.395740,s336.202683
155_91,s3.300341,s2.057216,s164.545455
155_92,s4.744777,s7.832835,s333.848083
155_93,s5.712309,s7.911208,s278.497376
155_94,s7.779254,s7.103940,s351.908428
155_95,s2.213458,s5.960259,s57.683170
155_96,s3.862895,s7.653737,s54.170981
155_97,s3.294706,s8.757961,s335.700198
155_98,s2.590437,s2.184214,s64.118481
155_99,s6.845421,s8.026238,s287.356210
155_100,s1.657529,s4.920781,s139.924651
155_101,s1.349553,s6.743172,s331.478743
155_102,s1.285799,s8.533480,s90.475537
155_103,s5.262856,s8.573953,s0.103534
155_104,s1.983461,s3.446797,s114.258505
155_105,s4.345977,s7.952239,s25.287596
155_106,s1.621124,s3.853827,s62.590339
155_107,s1.499458,s5.851810,s8.335234
155_108,s2.082187,s1.831362,s89.980788
155_109,s5.907548,s8.539994,s230.434429
155_110,s2.096624,s6.589664,s9.331424
155_111,s2.603007,s0.828311,s75.633448
155_112,s2.856384,s1.727058,s106.043814
155_113,s3.010932,s7.038909,s343.723274
155_114,s4.457826,s8.498689,s317.029600
155_115,s4.142632,s8.991407,s43.382345
155_116,s6.511112,s8.545830,s325.238854
155_117,s8.257593,s6.415920,s241.284563
155_118,s8.687184,s5.663585,s290.079996
155_119,s1.887768,s7.708722,s47.674448
155_120,s8.682007,s6.629704,s302.213158
155_121,s8.988321,s1.290627,s215.579086
155_122,s5.862294,s8.872602,s49.385080
155_123,s8.968420,s4.507777,s236.708318
155_124,s7.353434,s8.506471,s346.700977
155_125,s3.710606,s8.215198,s354.468255
155_126,s8.487140,s4.074062,s344.329466
155_127,s7.271875,s9.425525,s291.598440
155_128,s2.677173,s8.845126,s92.357909
155_129,s7.851990,s8.752389,s281.688576
155_130,s8.165267,s6.988975,s297.895839
155_131,s9.044457,s7.407225,s311.706492
155_132,s8.944896,s1.708141,s290.803102
155_133,s5.069379,s0.788881,s130.207159
155_134,s6.609641,s1.301380,s237.838547
155_135,s1.155650,s5.396138,s185.076717
155_136,s0.964172,s4.452779,s76.760027
155_137,s6.063736,s0.907501,s250.235127
155_138,s2.570371,s7.324395,s12.345166
155_139,s1.199045,s3.504753,s60.000000
155_140,s9.483873,s5.483680,s352.842550
155_141,s2.980728,s7.810887,s0.000000
155_142,s7.509047,s1.413506,s221.890021
155_143,s1.092797,s6.209934,s60.000000
155_144,s4.752887,s9.277489,s322.403100
155_145,s0.677608,s5.969729,s122.112073
155_146,s1.799789,s2.810817,s92.165671
155_147,s6.274641,s9.262544,s293.451829
155_148,s8.313173,s8.289844,s261.563207
155_149,s4.351229,s9.497577,s27.079151
155_150,s2.918365,s9.189511,s346.732437
155_151,s2.465643,s8.171107,s40.000000
155_152,s0.882126,s3.182161,s180.000000
155_153,s1.344682,s7.493779,s40.000000
155_154,s3.526545,s0.800000,s180.000000
156_0,s4.255213,s3.760055,s155.083789
156_1,s5.111193,s3.853157,s206.180148
156_2,s4.379947,s4.846218,s146.259059
156_3,s4.003537,s2.904693,s124.051521
156_4,s4.601488,s2.917923,s177.617374
156_5,s4.890560,s3.390005,s111.409936
156_6,s4.789959,s4.694307,s334.853987
156_7,s5.025318,s4.362283,s245.830198
156_8,s5.725623,s2.737596,s224.211385
156_9,s6.428311,s3.244492,s174.780695
156_10,s5.186634,s3.077449,s185.317027
156_11,s4.779817,s3.924496,s68.254794
156_12,s5.668367,s3.780746,s316.598268
156_13,s3.624112,s3.588366,s172.763098
156_14,s5.324597,s4.885047,s305.629873
156_15,s6.414878,s4.304951,s287.151329
156_16,s5.749991,s3.372770,s222.360085
156_17,s6.164822,s3.753614,s276.592573
156_18,s5.284335,s5.373451,s340.309550
156_19,s3.851643,s4.702985,s64.270949
156_20,s4.546684,s5.145407,s37.588747
156_21,s5.745307,s4.428936,s344.327548
156_22,s3.221245,s1.210137,s150.913575
156_23,s4.735304,s5.670006,s296.109201
156_24,s4.337085,s5.954921,s32.026723
156_25,s5.894463,s5.608499,s15.414033
156_26,s3.504778,s5.695351,s320.426147
156_27,s6.225185,s5.442540,s264.327577
156_28,s6.972829,s3.378292,s170.259436
156_29,s6.212946,s4.899336,s246.083806
156_30,s2.944417,s6.171998,s347.055037
156_31,s7.730250,s3.039743,s207.286011
156_32,s6.627748,s6.010390,s83.689669
156_33,s6.781911,s4.985871,s307.116602
156_34,s6.063329,s6.475250,s289.256917
156_35,s6.931808,s5.715218,s282.302437
156_36,s7.215339,s4.786098,s218.011258
156_37,s4.836480,s6.123582,s345.289643
156_38,s5.380816,s6.318409,s318.427250
156_39,s7.688012,s5.525079,s170.984218
156_40,s7.180306,s2.742692,s249.437534
156_41,s7.063539,s3.922643,s219.182966
156_42,s6.910479,s6.256954,s331.841808
156_43,s5.477254,s6.920046,s38.217527
156_44,s3.709164,s6.414787,s47.065366
156_45,s7.690998,s4.077333,s251.525050
156_46,s7.546374,s6.590379,s21.511714
156_47,s6.210064,s6.909849,s338.974474
156_48,s3.552511,s7.127863,s272.076352
156_49,s8.974924,s8.513016,s349.970796
156_50,s5.675187,s2.221838,s131.186868
156_51,s7.946515,s4.526313,s5.356552
156_52,s8.319452,s7.508428,s23.322626
156_53,s7.896607,s3.601421,s215.283492
156_54,s3.502977,s4.326698,s107.265513
156_55,s6.812912,s7.025793,s19.764960
156_56,s4.364079,s6.537700,s311.367614
156_57,s4.610719,s7.171812,s34.555162
156_58,s3.446481,s5.340760,s117.790990
156_59,s7.739779,s2.105030,s81.307842
156_60,s7.777912,s6.079787,s338.852693
156_61,s4.899525,s1.675461,s69.345801
156_62,s5.697177,s7.314196,s295.314660
156_63,s6.121337,s2.003877,s223.631840
156_64,s8.314656,s4.861254,s297.606551
156_65,s8.645083,s3.702069,s280.443108
156_66,s9.172898,s5.088386,s237.924884
156_67,s8.113445,s5.761269,s229.383757
156_68,s6.564134,s2.454602,s186.459209
156_69,s5.447130,s1.588630,s177.971525
156_70,s3.101322,s4.605296,s67.051797
156_71,s3.310550,s3.754054,s72.965588
156_72,s7.038570,s1.904820,s194.558597
156_73,s8.264322,s2.776860,s239.590118
156_74,s4.521390,s1.298320,s251.626117
156_75,s6.083745,s1.479980,s140.610941
156_76,s3.169477,s3.006920,s36.325632
156_77,s8.136551,s1.948569,s237.260020
156_78,s4.157624,s1.656837,s99.866869
156_79,s2.631836,s6.825253,s166.019064
156_80,s8.150771,s1.411710,s218.420738
156_81,s3.945298,s2.295928,s83.608301
156_82,s2.577660,s4.304802,s27.509791
156_83,s2.634733,s3.157141,s140.221341
156_84,s2.076645,s4.472081,s97.496175
156_85,s3.061301,s5.659785,s90.122841
156_86,s2.294589,s5.259267,s70.138413
156_87,s2.414618,s3.631463,s60.318404
156_88,s4.264497,s1.053058,s148.084876
156_89,s5.315605,s7.613228,s10.683472
156_90,s7.124558,s7.395740,s336.202683
156_91,s3.300341,s2.057216,s164.545455
156_92,s4.744777,s7.832835,s333.848083
156_93,s5.712309,s7.911208,s278.497376
156_94,s7.779254,s7.103940,s351.908428
156_95,s2.213458,s5.960259,s57.683170
156_96,s3.862895,s7.653737,s54.170981
156_97,s3.294706,s8.757961,s335.700198
156_98,s2.596893,s2.192290,s64.118481
156_99,s6.845421,s8.026238,s287.356210
156_100,s1.657529,s4.920781,s139.924651
156_101,s1.349553,s6.743172,s331.478743
156_102,s1.325058,s8.496498,s90.475537
156_103,s5.262856,s8.573953,s0.103534
156_104,s1.983461,s3.446797,s114.258505
156_105,s4.345977,s7.952239,s25.287596
156_106,s1.621124,s3.853827,s62.590339
156_107,s1.499458,s5.851810,s8.335234
156_108,s2.082187,s1.831362,s89.980788
156_109,s5.907548,s8.539994,s230.434429
156_110,s2.096624,s6.589664,s9.331424
156_111,s2.649080,s0.913153,s75.633448
156_112,s2.856384,s1.727058,s106.043814
156_113,s3.010932,s7.038909,s343.723274
156_114,s4.457826,s8.498689,s317.029600
156_115,s4.142632,s8.991407,s43.382345
156_116,s6.511112,s8.545830,s325.238854
156_117,s8.257593,s6.415920,s241.284563
156_118,s8.687184,s5.663585,s290.079996
156_119,s1.921399,s7.679894,s47.674448
156_120,s8.682007,s6.629704,s302.213158
156_121,s8.955655,s1.321295,s215.579086
156_122,s5.862294,s8.872602,s49.385080
156_123,s8.950305,s4.510452,s236.708318
156_124,s7.353434,s8.506471,s346.700977
156_125,s3.710606,s8.215198,s354.468255
156_126,s8.487140,s4.074062,s344.329466
156_127,s7.271875,s9.425525,s291.598440
156_128,s2.677173,s8.845126,s92.357909
156_129,s7.851990,s8.752389,s281.688576
156_130,s8.165267,s6.988975,s297.895839
156_131,s9.044457,s7.407225,s311.706492
156_132,s8.926948,s1.723308,s290.803102
156_133,s5.069379,s0.788881,s130.207159
156_134,s6.609641,s1.301380,s237.838547
156_135,s1.155650,s5.396138,s185.076717
156_136,s0.964172,s4.452779,s76.760027
156_137,s6.063736,s0.907501,s250.235127
156_138,s2.570371,s7.324395,s12.345166
156_139,s1.199045,s3.504753,s60.000000
156_140,s9.483873,s5.483680,s352.842550
156_141,s2.980728,s7.810887,s0.000000
156_142,s7.509047,s1.413506,s221.890021
156_143,s1.092797,s6.209934,s60.000000
156_144,s4.752887,s9.277489,s322.403100
156_145,s0.677608,s5.969729,s122.112073
156_146,s1.799789,s2.810817,s92.165671
156_147,s6.267996,s9.242067,s293.451829
156_148,s8.313173,s8.289844,s261.563207
156_149,s4.351229,s9.497577,s27.079151
156_150,s2.918365,s9.189511,s346.732437
156_151,s2.465643,s8.171107,s40.000000
156_152,s0.882126,s3.182161,s180.000000
156_153,s1.396115,s7.459466,s40.000000
156_154,s3.526545,s0.800000,s180.000000
156_155,s8.666161,s3.207268,s240.000000
157_0,s4.176549,s3.706918,s155.083789
157_1,s5.032529,s3.800020,s206.180148
157_2,s4.301282,s4.793081,s146.259059
157_3,s3.924872,s2.851556,s124.051521
157_4,s4.453130,s2.754757,s177.617374
157_5,s4.811896,s3.336869,s111.625215
157_6,s4.711295,s4.641170,s334.853987
157_7,s4.946654,s4.309146,s245.830198
157_8,s5.646958,s2.684460,s224.211385
157_9,s6.349647,s3.191356,s174.780695
157_10,s5.107970,s3.024313,s185.317027
157_11,s4.701152,s3.871359,s68.254794
157_12,s5.589702,s3.727610,s316.598268
157_13,s3.545448,s3.535229,s172.763098
157_14,s5.245933,s4.831910,s305.629873
157_15,s6.336214,s4.251814,s287.151329
157_16,s5.671327,s3.319633,s222.360085
157_17,s6.086157,s3.700477,s276.592573
157_18,s5.205671,s5.320314,s340.309550
157_19,s3.772978,s4.649849,s64.270949
157_20,s4.468019,s5.092270,s37.588747
157_21,s5.666642,s4.375799,s344.327548
157_22,s2.088236,s0.985409,s150.913575
157_23,s4.656639,s5.616869,s296.109201
157_24,s4.258420,s5.901784,s32.026723
157_25,s5.815798,s5.555362,s15.414033
157_26,s3.426113,s5.642214,s320.426147
157_27,s6.146520,s5.389403,s264.327577
157_28,s6.894164,s3.325155,s170.259436
157_29,s6.134281,s4.846200,s246.083806
157_30,s2.865752,s6.118861,s347.055037
157_31,s7.651585,s2.986607,s207.286011
157_32,s6.549084,s5.957253,s83.689669
157_33,s6.703246,s4.932734,s307.116602
157_34,s5.984664,s6.422113,s289.256917
157_35,s6.853143,s5.662081,s282.302437
157_36,s7.136675,s4.732961,s218.011258
157_37,s4.757815,s6.070445,s345.289643
157_38,s5.302151,s6.265272,s318.427250
157_39,s7.609348,s5.471942,s170.984218
157_40,s7.101642,s2.689555,s249.437534
157_41,s6.984875,s3.869506,s219.182966
157_42,s6.831814,s6.203817,s331.841808
157_43,s5.398589,s6.866909,s38.217527
157_44,s3.630500,s6.361650,s47.065366
157_45,s7.612333,s4.024196,s251.525050
157_46,s7.467709,s6.537242,s21.511714
157_47,s6.131399,s6.856712,s336.918446
157_48,s3.473847,s7.074726,s272.076352
157_49,s8.896260,s8.459879,s345.046022
157_50,s5.596522,s2.168702,s131.186868
157_51,s7.867850,s4.473176,s5.356552
157_52,s8.240787,s7.455291,s23.322626
157_53,s7.817942,s3.548284,s215.283492
157_54,s3.424312,s4.273561,s107.265513
157_55,s6.734247,s6.972656,s19.764960
157_56,s4.285414,s6.484563,s309.022980
157_57,s4.532055,s7.118676,s34.555162
157_58,s3.367816,s5.287624,s117.790990
157_59,s7.661114,s2.051893,s81.307842
157_60,s7.699247,s6.026651,s338.852693
157_61,s4.820860,s1.622324,s69.345801
157_62,s5.618512,s7.261059,s295.314660
157_63,s6.042672,s1.950740,s223.631840
157_64,s8.235991,s4.808117,s297.606551
157_65,s8.566418,s3.648932,s280.443108
157_66,s9.094233,s5.035249,s269.127781
157_67,s8.034780,s5.708132,s229.383757
157_68,s6.485469,s2.401465,s186.459209
157_69,s5.368465,s1.535494,s177.971525
157_70,s3.022657,s4.552159,s67.051797
157_71,s3.231886,s3.700917,s72.965588
157_72,s6.959905,s1.851684,s194.695198
157_73,s8.185657,s2.723723,s239.590118
157_74,s4.442726,s1.245183,s251.626117
157_75,s6.005080,s1.426843,s140.610941
157_76,s3.090813,s2.953783,s36.325632
157_77,s8.057886,s1.895432,s237.260020
157_78,s4.078959,s1.603700,s99.866869
157_79,s2.553172,s6.772116,s166.019064
157_80,s9.525290,s1.229611,s218.420738
157_81,s3.866633,s2.242792,s83.608301
157_82,s2.498996,s4.251665,s27.509791
157_83,s2.556068,s3.104004,s140.221341
157_84,s1.997980,s4.418944,s97.496175
157_85,s2.982637,s5.606648,s90.122841
157_86,s2.215924,s5.206131,s69.361050
157_87,s2.346501,s3.584517,s58.076118
157_88,s4.185832,s0.999921,s148.084876
157_89,s5.236940,s7.560091,s10.683472
157_90,s7.045893,s7.342603,s336.202683
157_91,s3.221677,s2.004079,s164.545455
157_92,s4.666112,s7.779698,s333.848083
157_93,s5.633644,s7.858071,s278.497376
157_94,s7.700590,s7.050804,s351.908428
157_95,s2.134794,s5.907122,s57.675100
157_96,s3.784230,s7.600600,s60.450668
157_97,s3.216041,s8.704824,s335.700198
157_98,s2.518228,s2.139154,s72.959756
157_99,s6.766757,s7.973101,s287.356210
157_100,s1.578864,s4.867644,s139.924651
157_101,s1.270888,s6.690035,s318.657641
157_102,s1.246394,s8.443361,s82.106693
157_103,s5.184191,s8.520816,s0.103534
157_104,s1.904796,s3.393660,s114.258505
157_105,s4.267312,s7.899102,s25.287596
157_106,s1.542460,s3.800690,s62.590339
157_107,s1.420793,s5.798674,s8.335234
157_108,s2.003522,s1.778225,s89.980788
157_109,s5.828884,s8.486857,s230.434429
157_110,s2.017959,s6.536527,s9.331424
157_111,s2.723487,s0.369772,s84.053867
157_112,s2.777719,s1.673921,s106.043814
157_113,s2.932267,s6.985772,s338.935497
157_114,s4.379162,s8.445552,s317.029600
157_115,s4.063967,s8.938271,s43.382345
157_116,s6.432447,s8.492693,s340.999918
157_117,s8.178928,s6.362783,s241.284563
157_118,s8.608520,s5.610448,s290.079996
157_119,s1.842735,s7.626757,s47.674448
157_120,s8.603342,s6.576567,s302.213158
157_121,s8.876990,s1.268158,s215.579086
157_122,s5.783630,s8.819465,s36.427553
157_123,s9.581651,s4.217085,s221.985369
157_124,s7.274770,s8.453334,s346.700977
157_125,s3.631941,s8.162061,s354.468255
157_126,s8.408475,s4.020925,s344.329466
157_127,s7.186412,s9.359870,s279.631124
157_128,s2.598508,s8.791989,s92.357909
157_129,s7.715216,s8.837044,s276.983773
157_130,s8.086602,s6.935838,s297.895839
157_131,s9.148631,s7.617548,s338.977124
157_132,s8.848284,s1.670171,s286.492753
157_133,s4.990715,s0.735744,s130.207159
157_134,s6.530977,s1.248243,s234.971229
157_135,s1.076986,s5.343001,s185.076717
157_136,s0.885507,s4.399642,s73.516720
157_137,s5.805085,s0.663964,s250.235127
157_138,s2.491706,s7.271258,s12.345166
157_139,s1.120380,s3.451616,s60.000000
157_140,s9.405209,s5.430543,s346.499413
157_141,s2.902064,s7.757750,s0.000000
157_142,s7.430382,s1.360369,s236.505549
157_143,s1.014133,s6.156797,s60.000000
157_144,s4.674222,s9.224352,s322.403100
157_145,s0.598943,s5.916592,s136.437838
157_146,s1.093671,s2.324645,s92.165671
157_147,s6.398313,s9.729629,s293.451829
157_148,s8.234509,s8.236707,s259.944915
157_149,s4.272565,s9.444441,s27.079151
157_150,s2.875408,s9.309356,s345.386062
157_151,s2.386979,s8.117970,s40.000000
157_152,s0.548505,s1.798938,s180.000000
157_153,s1.317450,s7.406329,s40.000000
157_154,s3.447880,s0.746863,s201.000234
157_155,s9.233854,s3.122086,s231.118653
157_156,s0.328892,s3.883694,s20.000000
158_0,s4.176549,s3.667770,s155.083789
158_1,s5.032529,s3.760873,s206.180148
158_2,s4.301282,s4.753934,s146.259059
158_3,s3.924872,s2.812409,s124.051521
158_4,s4.477477,s2.813449,s177.617374
158_5,s4.811896,s3.297721,s111.625215
158_6,s4.711295,s4.602022,s334.853987
158_7,s4.946654,s4.269998,s245.830198
158_8,s5.646958,s2.645312,s224.211385
158_9,s6.349647,s3.152208,s174.780695
158_10,s5.107970,s2.985165,s185.317027
158_11,s4.701152,s3.832212,s68.254794
158_12,s5.589702,s3.688462,s316.598268
158_13,s3.545448,s3.496082,s172.763098
158_14,s5.245933,s4.792762,s305.629873
158_15,s6.336214,s4.212667,s287.151329
158_16,s5.671327,s3.280485,s222.360085
158_17,s6.086157,s3.661330,s276.592573
158_18,s5.205671,s5.281166,s340.309550
158_19,s3.772978,s4.610701,s64.270949
158_20,s4.468019,s5.053122,s37.588747
158_21,s5.666642,s4.336651,s344.327548
158_22,s2.110598,s0.977466,s150.913575
158_23,s4.656639,s5.577721,s296.109201
158_24,s4.258420,s5.862637,s32.026723
158_25,s5.815798,s5.516214,s15.414033
158_26,s3.426113,s5.603066,s320.426147
158_27,s6.146520,s5.350255,s264.327577
158_28,s6.894164,s3.286007,s170.259436
158_29,s6.134281,s4.807052,s246.083806
158_30,s2.865752,s6.079713,s347.055037
158_31,s7.651585,s2.947459,s207.286011
158_32,s6.549084,s5.918106,s83.689669
158_33,s6.703246,s4.893587,s307.116602
158_34,s5.984664,s6.382966,s289.256917
158_35,s6.853143,s5.622934,s282.302437
158_36,s7.136675,s4.693813,s218.011258
158_37,s4.757815,s6.031298,s345.289643
158_38,s5.302151,s6.226125,s318.427250
158_39,s7.609348,s5.432795,s170.984218
158_40,s7.101642,s2.650407,s249.437534
158_41,s6.984875,s3.830359,s219.182966
158_42,s6.831814,s6.164670,s331.841808
158_43,s5.398589,s6.827761,s38.217527
158_44,s3.630500,s6.322502,s47.065366
158_45,s7.612333,s3.985049,s251.525050
158_46,s7.467709,s6.498095,s21.511714
158_47,s6.131399,s6.817564,s336.918446
158_48,s3.473847,s7.035578,s272.076352
158_49,s8.884273,s8.410205,s345.046022
158_50,s5.596522,s2.129554,s131.186868
158_51,s7.867850,s4.434028,s5.356552
158_52,s8.240787,s7.416143,s23.322626
158_53,s7.817942,s3.509136,s215.283492
158_54,s3.424312,s4.234414,s107.265513
158_55,s6.734247,s6.933508,s19.764960
158_56,s4.285414,s6.445415,s309.022980
158_57,s4.536631,s7.061102,s34.555162
158_58,s3.367816,s5.248476,s117.790990
158_59,s7.661114,s2.012746,s81.307842
158_60,s7.699247,s5.987503,s338.852693
158_61,s4.820860,s1.583177,s69.345801
158_62,s5.618512,s7.221912,s295.314660
158_63,s6.042672,s1.911592,s223.631840
158_64,s8.235991,s4.768969,s297.606551
158_65,s8.566418,s3.609784,s280.443108
158_66,s9.094233,s4.996102,s269.127781
158_67,s8.034780,s5.668985,s229.383757
158_68,s6.485469,s2.362317,s186.459209
158_69,s5.368465,s1.496346,s177.971525
158_70,s3.022657,s4.513012,s67.051797
158_71,s3.231886,s3.661770,s72.965588
158_72,s6.959905,s1.812536,s194.695198
158_73,s8.185657,s2.684575,s239.590118
158_74,s4.442726,s1.206036,s251.626117
158_75,s6.005080,s1.387696,s140.610941
158_76,s3.090813,s2.914635,s36.325632
158_77,s8.057886,s1.856285,s237.260020
158_78,s4.078959,s1.564552,s99.866869
158_79,s2.553172,s6.732969,s166.019064
158_80,s9.503904,s1.208692,s218.420738
158_81,s3.866633,s2.203644,s83.608301
158_82,s2.498996,s4.212517,s27.509791
158_83,s2.556068,s3.064857,s140.221341
158_84,s1.997980,s4.379797,s97.496175
158_85,s2.982637,s5.567500,s90.122841
158_86,s2.215924,s5.166983,s69.361050
158_87,s2.346501,s3.545369,s58.076118
158_88,s4.185832,s0.960773,s148.084876
158_89,s5.236940,s7.520944,s10.683472
158_90,s7.045893,s7.303455,s336.202683
158_91,s3.221677,s1.964932,s164.545455
158_92,s4.666112,s7.740550,s333.848083
158_93,s5.631395,s7.808410,s278.497376
158_94,s7.700590,s7.011656,s351.908428
158_95,s2.134794,s5.867975,s57.675100
158_96,s3.789450,s7.550958,s60.450668
158_97,s3.216041,s8.665677,s335.700198
158_98,s2.542878,s2.128749,s72.959756
158_99,s6.766757,s7.933954,s287.356210
158_100,s1.578864,s4.828497,s139.924651
158_101,s1.285136,s6.644805,s318.657641
158_102,s1.262822,s8.389636,s82.106693
158_103,s5.184191,s8.481669,s0.103534
158_104,s1.904796,s3.354513,s114.258505
158_105,s4.267312,s7.859955,s25.287596
158_106,s1.555962,s3.766477,s62.590339
158_107,s1.420793,s5.759526,s8.335234
158_108,s2.003522,s1.739078,s89.980788
158_109,s5.828884,s8.447710,s230.434429
158_110,s2.017959,s6.497379,s9.331424
158_111,s2.738876,s0.362243,s84.053867
158_112,s2.777719,s1.634773,s106.043814
158_113,s2.945377,s6.934754,s338.935497
158_114,s4.379162,s8.406405,s317.029600
158_115,s4.066720,s8.888223,s43.382345
158_116,s6.413597,s8.407364,s340.999918
158_117,s8.178928,s6.323635,s241.284563
158_118,s8.608520,s5.571301,s290.079996
158_119,s1.842735,s7.587610,s47.674448
158_120,s8.603342,s6.537420,s302.213158
158_121,s8.876990,s1.229011,s215.579086
158_122,s5.778417,s8.754135,s36.427553
158_123,s9.498687,s4.193639,s221.985369
158_124,s7.274770,s8.414186,s346.700977
158_125,s3.631941,s8.122914,s354.468255
158_126,s8.408475,s3.981778,s344.329466
158_127,s7.186412,s9.320723,s279.631124
158_128,s2.598508,s8.752841,s92.357909
158_129,s7.706975,s8.786323,s276.983773
158_130,s8.086602,s6.896690,s297.895839
158_131,s9.148631,s7.578401,s338.977124
158_132,s8.848284,s1.631024,s286.492753
158_133,s4.990715,s0.696597,s130.207159
158_134,s6.523730,s1.227398,s234.971229
158_135,s1.076986,s5.303853,s185.076717
158_136,s0.885507,s4.360495,s73.516720
158_137,s5.798188,s0.663553,s250.235127
158_138,s2.491706,s7.232110,s12.345166
158_139,s1.120380,s3.412468,s60.000000
158_140,s9.405209,s5.391395,s346.499413
158_141,s2.902064,s7.718602,s0.000000
158_142,s7.388453,s1.386083,s236.505549
158_143,s1.014133,s6.117650,s60.000000
158_144,s4.674222,s9.185204,s322.403100
158_145,s0.598943,s5.877445,s136.437838
158_146,s1.126569,s2.308461,s92.165671
158_147,s6.360755,s9.563179,s293.451829
158_148,s8.234509,s8.197560,s259.944915
158_149,s4.274706,s9.393093,s27.079151
158_150,s2.926016,s9.171600,s345.386062
158_151,s2.386979,s8.078823,s40.000000
158_152,s0.605736,s1.801688,s180.000000
158_153,s1.317450,s7.367182,s40.000000
158_154,s3.462065,s0.746863,s201.000234
158_155,s9.188996,s3.103862,s231.118653
158_156,s0.328892,s3.844546,s20.000000
158_157,s0.958318,s2.967546,s120.000000
159_0,s4.176549,s3.667770,s155.083789
159_1,s5.032529,s3.760873,s206.180148
159_2,s4.301282,s4.753934,s146.259059
159_3,s3.924872,s2.812409,s124.051521
159_4,s4.477477,s2.813449,s177.617374
159_5,s4.811896,s3.297721,s111.625215
159_6,s4.711295,s4.602022,s334.853987
159_7,s4.946654,s4.269998,s245.830198
159_8,s5.646958,s2.645312,s224.211385
159_9,s6.349647,s3.152208,s174.780695
159_10,s5.107970,s2.985165,s185.317027
159_11,s4.701152,s3.832212,s68.254794
159_12,s5.589702,s3.688462,s316.598268
159_13,s3.545448,s3.496082,s172.763098
159_14,s5.245933,s4.792762,s305.629873
159_15,s6.336214,s4.212667,s287.151329
159_16,s5.671327,s3.280485,s222.360085
159_17,s6.086157,s3.661330,s276.592573
159_18,s5.205671,s5.281166,s340.309550
159_19,s3.772978,s4.610701,s64.270949
159_20,s4.468019,s5.053122,s37.588747
159_21,s5.666642,s4.336651,s344.327548
159_22,s2.184851,s1.082540,s150.913575
159_23,s4.656639,s5.577721,s296.109201
159_24,s4.258420,s5.862637,s32.026723
159_25,s5.815798,s5.516214,s15.414033
159_26,s3.426113,s5.603066,s320.426147
159_27,s6.146520,s5.350255,s264.327577
159_28,s6.894164,s3.286007,s170.259436
159_29,s6.134281,s4.807052,s246.083806
159_30,s2.865752,s6.079713,s347.055037
159_31,s7.651585,s2.947459,s207.286011
159_32,s6.549084,s5.918106,s83.689669
159_33,s6.703246,s4.893587,s307.116602
159_34,s5.984664,s6.382966,s289.256917
159_35,s6.853143,s5.622934,s282.302437
159_36,s7.136675,s4.693813,s218.011258
159_37,s4.757815,s6.031298,s345.289643
159_38,s5.302151,s6.226125,s318.427250
159_39,s7.609348,s5.432795,s170.984218
159_40,s7.101642,s2.650407,s249.437534
159_41,s6.984875,s3.830359,s219.182966
159_42,s6.831814,s6.164670,s331.841808
159_43,s5.398589,s6.827761,s38.217527
159_44,s3.630500,s6.322502,s47.065366
159_45,s7.612333,s3.985049,s251.525050
159_46,s7.467709,s6.498095,s21.511714
159_47,s6.131399,s6.817564,s336.918446
159_48,s3.473847,s7.035578,s272.076352
159_49,s8.884273,s8.410205,s345.046022
159_50,s5.596522,s2.129554,s131.186868
159_51,s7.867850,s4.434028,s5.356552
159_52,s8.240787,s7.416143,s23.322626
159_53,s7.817942,s3.509136,s215.283492
159_54,s3.424312,s4.234414,s107.265513
159_55,s6.734247,s6.933508,s19.764960
159_56,s4.285414,s6.445415,s309.022980
159_57,s4.536631,s7.061102,s34.555162
159_58,s3.367816,s5.248476,s117.790990
159_59,s7.661114,s2.012746,s81.307842
159_60,s7.699247,s5.987503,s338.852693
159_61,s4.820860,s1.583177,s69.345801
159_62,s5.618512,s7.221912,s295.314660
159_63,s6.042672,s1.911592,s223.631840
159_64,s8.235991,s4.768969,s297.606551
159_65,s8.566418,s3.609784,s280.443108
159_66,s9.094233,s4.996102,s269.127781
159_67,s8.034780,s5.668985,s229.383757
159_68,s6.485469,s2.362317,s186.459209
159_69,s5.368465,s1.496346,s177.971525
159_70,s3.022657,s4.513012,s67.051797
159_71,s3.231886,s3.661770,s72.965588
159_72,s6.959905,s1.812536,s194.695198
159_73,s8.185657,s2.684575,s239.590118
159_74,s4.442726,s1.206036,s251.626117
159_75,s6.005080,s1.387696,s140.610941
159_76,s3.090813,s2.914635,s36.325632
159_77,s8.057886,s1.856285,s237.260020
159_78,s4.078959,s1.564552,s99.866869
159_79,s2.553172,s6.732969,s166.019064
159_80,s9.474977,s1.233384,s218.420738
159_81,s3.866633,s2.203644,s83.608301
159_82,s2.498996,s4.212517,s27.509791
159_83,s2.556068,s3.064857,s140.221341
159_84,s1.997980,s4.379797,s97.496175
159_85,s2.982637,s5.567500,s90.122841
159_86,s2.215924,s5.166983,s69.361050
159_87,s2.346501,s3.545369,s58.076118
159_88,s4.185832,s0.960773,s148.084876
159_89,s5.236940,s7.520944,s10.683472
159_90,s7.045893,s7.303455,s336.202683
159_91,s3.221677,s1.964932,s164.545455
159_92,s4.666112,s7.740550,s333.848083
159_93,s5.631395,s7.808410,s278.497376
159_94,s7.700590,s7.011656,s351.908428
159_95,s2.134794,s5.867975,s57.675100
159_96,s3.789450,s7.550958,s60.450668
159_97,s3.216041,s8.665677,s335.700198
159_98,s2.586323,s2.180533,s72.959756
159_99,s6.766757,s7.933954,s287.356210
159_100,s1.578864,s4.828497,s139.924651
159_101,s1.285136,s6.644805,s318.657641
159_102,s1.277303,s8.376658,s82.106693
159_103,s5.184191,s8.481669,s0.103534
159_104,s1.915318,s3.360285,s114.258505
159_105,s4.267312,s7.859955,s25.287596
159_106,s1.555962,s3.766477,s62.590339
159_107,s1.420793,s5.759526,s8.335234
159_108,s2.003522,s1.739078,s89.980788
159_109,s5.828884,s8.447710,s230.434429
159_110,s2.017959,s6.497379,s9.331424
159_111,s2.762350,s0.411239,s84.053867
159_112,s2.777719,s1.634773,s106.043814
159_113,s2.945377,s6.934754,s338.935497
159_114,s4.379162,s8.406405,s317.029600
159_115,s4.066720,s8.888223,s43.382345
159_116,s6.413597,s8.407364,s340.999918
159_117,s8.178928,s6.323635,s241.284563
159_118,s8.608520,s5.571301,s290.079996
159_119,s1.842735,s7.587610,s47.674448
159_120,s8.603342,s6.537420,s302.213158
159_121,s8.876990,s1.229011,s215.579086
159_122,s5.778417,s8.754135,s36.427553
159_123,s9.371853,s4.217866,s221.985369
159_124,s7.274770,s8.414186,s346.700977
159_125,s3.631941,s8.122914,s354.468255
159_126,s8.408475,s3.981778,s344.329466
159_127,s7.186412,s9.320723,s279.631124
159_128,s2.598508,s8.752841,s92.357909
159_129,s7.706975,s8.786323,s276.983773
159_130,s8.086602,s6.896690,s297.895839
159_131,s9.069382,s7.530315,s338.977124
159_132,s8.848284,s1.631024,s286.492753
159_133,s4.990715,s0.696597,s130.207159
159_134,s6.523730,s1.227398,s234.971229
159_135,s1.076986,s5.303853,s185.076717
159_136,s0.897176,s4.362464,s73.516720
159_137,s5.798188,s0.663553,s250.235127
159_138,s2.506719,s7.219069,s12.345166
159_139,s1.120380,s3.412468,s60.000000
159_140,s9.389104,s5.390157,s346.499413
159_141,s2.918134,s7.698125,s0.000000
159_142,s7.388453,s1.386083,s236.505549
159_143,s1.014133,s6.117650,s60.000000
159_144,s4.674222,s9.185204,s322.403100
159_145,s0.598943,s5.877445,s136.437838
159_146,s1.140012,s2.318019,s92.165671
159_147,s6.346983,s9.516954,s293.451829
159_148,s8.234509,s8.197560,s259.944915
159_149,s4.274706,s9.393093,s27.079151
159_150,s2.926016,s9.171600,s345.386062
159_151,s2.394602,s8.069946,s40.000000
159_152,s0.708463,s1.877862,s180.000000
159_153,s1.326374,s7.361552,s40.000000
159_154,s3.462065,s0.746863,s201.000234
159_155,s9.120895,s3.135548,s231.118653
159_156,s0.328892,s3.844546,s20.000000
159_157,s0.971403,s2.974268,s120.000000
159_158,s1.711653,s2.845158,s160.000000
160_0,s4.340945,s3.667770,s155.083789
160_1,s5.196925,s3.760873,s206.180148
160_2,s4.465678,s4.753934,s146.259059
160_3,s4.089269,s2.812409,s124.051521
160_4,s4.639986,s2.801026,s167.932840
160_5,s4.976292,s3.297721,s111.625215
160_6,s4.875691,s4.602022,s334.853987
160_7,s5.111050,s4.269998,s245.830198
160_8,s5.811354,s2.645312,s224.211385
160_9,s6.514043,s3.152208,s174.780695
160_10,s5.272366,s2.985165,s185.317027
160_11,s4.865548,s3.832212,s68.254794
160_12,s5.754099,s3.688462,s316.598268
160_13,s3.709844,s3.496082,s172.763098
160_14,s5.410329,s4.792762,s305.629873
160_15,s6.500610,s4.212667,s287.151329
160_16,s5.835723,s3.280485,s222.360085
160_17,s6.250553,s3.661330,s276.592573
160_18,s5.370067,s5.281166,s340.309550
160_19,s3.937374,s4.610701,s64.270949
160_20,s4.632415,s5.053122,s37.588747
160_21,s5.831039,s4.336651,s344.327548
160_22,s2.402245,s1.159455,s150.913575
160_23,s4.821035,s5.577721,s296.109201
160_24,s4.422816,s5.862637,s32.026723
160_25,s5.980195,s5.516214,s15.414033
160_26,s3.590509,s5.603066,s320.426147
160_27,s6.310916,s5.350255,s264.327577
160_28,s7.058560,s3.286007,s170.259436
160_29,s6.298677,s4.807052,s246.083806
160_30,s3.030149,s6.079713,s347.055037
160_31,s7.815981,s2.947459,s207.286011
160_32,s6.713480,s5.918106,s83.689669
160_33,s6.867642,s4.893587,s307.116602
160_34,s6.149060,s6.382966,s289.256917
160_35,s7.017539,s5.622934,s282.302437
160_36,s7.301071,s4.693813,s218.011258
160_37,s4.922212,s6.031298,s345.289643
160_38,s5.466548,s6.226125,s318.427250
160_39,s7.773744,s5.432795,s170.984218
160_40,s7.266038,s2.650407,s249.437534
160_41,s7.149271,s3.830359,s219.182966
160_42,s6.996211,s6.164670,s331.841808
160_43,s5.562986,s6.827761,s38.217527
160_44,s3.794896,s6.322502,s47.065366
160_45,s7.776729,s3.985049,s251.525050
160_46,s7.632105,s6.498095,s21.511714
160_47,s6.295795,s6.817564,s336.918446
160_48,s3.638243,s7.035578,s272.076352
160_49,s9.048669,s8.410205,s345.046022
160_50,s5.760918,s2.129554,s131.186868
160_51,s8.032247,s4.434028,s5.356552
160_52,s8.405183,s7.416143,s23.322626
160_53,s7.982339,s3.509136,s215.283492
160_54,s3.588708,s4.234414,s107.265513
160_55,s6.898644,s6.933508,s19.764960
160_56,s4.449811,s6.445415,s309.022980
160_57,s4.701028,s7.061102,s30.083567
160_58,s3.532213,s5.248476,s117.790990
160_59,s7.825511,s2.012746,s67.966043
160_60,s7.863643,s5.987503,s338.852693
160_61,s4.985257,s1.583177,s69.345801
160_62,s5.782909,s7.221912,s295.314660
160_63,s6.207068,s1.911592,s223.631840
160_64,s8.400387,s4.768969,s297.606551
160_65,s8.730815,s3.609784,s280.443108
160_66,s9.258630,s4.996102,s269.127781
160_67,s8.199176,s5.668985,s229.383757
160_68,s6.649866,s2.362317,s186.459209
160_69,s5.532862,s1.496346,s177.971525
160_70,s3.187053,s4.513012,s67.051797
160_71,s3.396282,s3.661770,s72.427303
160_72,s7.124302,s1.812536,s194.695198
160_73,s8.350053,s2.684575,s239.590118
160_74,s4.607122,s1.206036,s251.626117
160_75,s6.169477,s1.387696,s140.610941
160_76,s3.255209,s2.914635,s36.325632
160_77,s8.222283,s1.856285,s237.260020
160_78,s4.243355,s1.564552,s93.565123
160_79,s2.717568,s6.732969,s166.019064
160_80,s9.639373,s1.233384,s218.420738
160_81,s4.031029,s2.203644,s83.608301
160_82,s2.663392,s4.212517,s27.509791
160_83,s2.720465,s3.064857,s133.487089
160_84,s2.162376,s4.379797,s97.496175
160_85,s3.147033,s5.567500,s90.122841
160_86,s2.380320,s5.166983,s69.361050
160_87,s2.510897,s3.545369,s58.076118
160_88,s4.350228,s0.960773,s148.084876
160_89,s5.401336,s7.520944,s10.683472
160_90,s7.210290,s7.303455,s336.202683
160_91,s3.386073,s1.964932,s164.545455
160_92,s4.830509,s7.740550,s333.848083
160_93,s5.795791,s7.808410,s278.497376
160_94,s7.864986,s7.011656,s351.908428
160_95,s2.299190,s5.867975,s57.675100
160_96,s3.953847,s7.550958,s60.450668
160_97,s3.380437,s8.665677,s335.700198
160_98,s2.761537,s2.193909,s68.186470
160_99,s6.931153,s7.933954,s287.356210
160_100,s1.743261,s4.828497,s139.924651
160_101,s0.213600,s6.886783,s290.573202
160_102,s1.449477,s8.916540,s85.504287
160_103,s5.348588,s8.481669,s0.103534
160_104,s2.079715,s3.360285,s114.258505
160_105,s4.431709,s7.859955,s25.287596
160_106,s1.720359,s3.766477,s62.590339
160_107,s1.585189,s5.759526,s8.335234
160_108,s2.167919,s1.739078,s89.980788
160_109,s5.990752,s8.437837,s230.434429
160_110,s2.182355,s6.497379,s9.331424
160_111,s2.965404,s0.493581,s84.053867
160_112,s2.942116,s1.634773,s106.043814
160_113,s3.109774,s6.934754,s338.935497
160_114,s4.543558,s8.406405,s317.029600
160_115,s4.231117,s8.888223,s43.382345
160_116,s6.577994,s8.407364,s340.999918
160_117,s8.343325,s6.323635,s241.284563
160_118,s8.772916,s5.571301,s290.079996
160_119,s2.169754,s7.555681,s50.790775
160_120,s8.767738,s6.537420,s302.213158
160_121,s9.033752,s1.236700,s215.579086
160_122,s5.942813,s8.754135,s36.427553
160_123,s9.672943,s4.393193,s221.985369
160_124,s7.359066,s8.719240,s335.938303
160_125,s3.796337,s8.122914,s354.468255
160_126,s8.572872,s3.981778,s344.329466
160_127,s7.407047,s9.956862,s220.663577
160_128,s2.762905,s8.752841,s92.357909
160_129,s8.004495,s8.732517,s288.015844
160_130,s8.250998,s6.896690,s297.895839
160_131,s9.579859,s8.162126,s304.699902
160_132,s9.012680,s1.631024,s286.492753
160_133,s5.155111,s0.696597,s130.207159
160_134,s6.707774,s1.134040,s234.058226
160_135,s1.241382,s5.303853,s185.076717
160_136,s1.061572,s4.362464,s73.516720
160_137,s6.016630,s0.523545,s257.212307
160_138,s2.671115,s7.219069,s12.027672
160_139,s1.284777,s3.412468,s60.000000
160_140,s9.553501,s5.390157,s346.499413
160_141,s3.082530,s7.698125,s0.000000
160_142,s7.894433,s0.978488,s236.505549
160_143,s1.178529,s6.117650,s60.000000
160_144,s4.838618,s9.185204,s322.403100
160_145,s0.763340,s5.877445,s114.273019
160_146,s1.348141,s2.163473,s92.165671
160_147,s6.496699,s9.469826,s286.887618
160_148,s8.398905,s8.197560,s259.944915
160_149,s4.439102,s9.393093,s27.079151
160_150,s3.090413,s9.171600,s356.807997
160_151,s2.558999,s8.069946,s40.000000
160_152,s0.597993,s1.756285,s202.663981
160_153,s1.163257,s7.777340,s356.564808
160_154,s3.626461,s0.746863,s201.000234
160_155,s9.243248,s3.156009,s230.281985
160_156,s0.493289,s3.844546,s20.000000
160_157,s1.147397,s2.980548,s120.000000
160_158,s1.896061,s2.859287,s160.000000
160_159,s5.734443,s9.495792,s340.483231
161_0,s4.307145,s3.668899,s155.083789
161_1,s5.163125,s3.762002,s206.180148
161_2,s4.431879,s4.755063,s146.259059
161_3,s4.055469,s2.813538,s124.051521
161_4,s4.606187,s2.802155,s167.932840
161_5,s4.942492,s3.298850,s111.625215
161_6,s4.841892,s4.603151,s334.853987
161_7,s5.077250,s4.271127,s245.830198
161_8,s5.777555,s2.646441,s224.211385
161_9,s6.480243,s3.153337,s174.780695
161_10,s5.238566,s2.986294,s185.317027
161_11,s4.831749,s3.833341,s68.254794
161_12,s5.720299,s3.689591,s316.598268
161_13,s3.676044,s3.497211,s172.763098
161_14,s5.376529,s4.793891,s305.629873
161_15,s6.466810,s4.213796,s287.151329
161_16,s5.801923,s3.281615,s222.360085
161_17,s6.216754,s3.662459,s276.592573
161_18,s5.336267,s5.282296,s340.309550
161_19,s3.903575,s4.611830,s64.270949
161_20,s4.598616,s5.054251,s37.588747
161_21,s5.797239,s4.337780,s344.327548
161_22,s2.368446,s1.160584,s150.913575
161_23,s4.787236,s5.578850,s296.109201
161_24,s4.389017,s5.863766,s32.026723
161_25,s5.946395,s5.517343,s15.414033
161_26,s3.556710,s5.604195,s320.426147
161_27,s6.277117,s5.351384,s264.327577
161_28,s7.024761,s3.287136,s170.259436
161_29,s6.264878,s4.808181,s246.083806
161_30,s2.996349,s6.080843,s347.055037
161_31,s7.782182,s2.948588,s207.286011
161_32,s6.679680,s5.919235,s83.689669
161_33,s6.833843,s4.894716,s307.116602
161_34,s6.115261,s6.384095,s289.256917
161_35,s6.983740,s5.624063,s282.302437
161_36,s7.267271,s4.694942,s218.011258
161_37,s4.888412,s6.032427,s345.289643
161_38,s5.432748,s6.227254,s318.427250
161_39,s7.739944,s5.433924,s170.984218
161_40,s7.232238,s2.651536,s249.437534
161_41,s7.115472,s3.831488,s219.182966
161_42,s6.962411,s6.165799,s331.841808
161_43,s5.529186,s6.828890,s38.217527
161_44,s3.761096,s6.323631,s47.065366
161_45,s7.742930,s3.986178,s251.525050
161_46,s7.598306,s6.499224,s21.511714
161_47,s6.261996,s6.818693,s336.918446
161_48,s3.604443,s7.036707,s272.076352
161_49,s9.014869,s8.411334,s345.046022
161_50,s5.727119,s2.130683,s131.186868
161_51,s7.998447,s4.435158,s5.356552
161_52,s8.371384,s7.417272,s23.322626
161_53,s7.948539,s3.510265,s215.283492
161_54,s3.554909,s4.235543,s107.265513
161_55,s6.864844,s6.934637,s19.764960
161_56,s4.416011,s6.446544,s309.022980
161_57,s4.667228,s7.062231,s30.083567
161_58,s3.498413,s5.249605,s117.790990
161_59,s7.791711,s2.013875,s67.966043
161_60,s7.829844,s5.988632,s338.852693
161_61,s4.951457,s1.584306,s69.345801
161_62,s5.749109,s7.223041,s295.314660
161_63,s6.173269,s1.912722,s223.631840
161_64,s8.366588,s4.770098,s297.606551
161_65,s8.697015,s3.610914,s280.443108
161_66,s9.224830,s4.997231,s269.127781
161_67,s8.165377,s5.670114,s229.383757
161_68,s6.616066,s2.363447,s186.459209
161_69,s5.499062,s1.497475,s177.971525
161_70,s3.153254,s4.514141,s67.051797
161_71,s3.362482,s3.662899,s72.427303
161_72,s7.090502,s1.813665,s194.695198
161_73,s8.316254,s2.685704,s239.590118
161_74,s4.573322,s1.207165,s251.626117
161_75,s6.135677,s1.388825,s140.610941
161_76,s3.221409,s2.915765,s36.325632
161_77,s8.188483,s1.857414,s237.260020
161_78,s4.209556,s1.565682,s93.565123
161_79,s2.683768,s6.734098,s166.019064
161_80,s9.605573,s1.234513,s218.420738
161_81,s3.997230,s2.204773,s83.608301
161_82,s2.629593,s4.213647,s27.509791
161_83,s2.686665,s3.065986,s133.487089
161_84,s2.128577,s4.380926,s97.496175
161_85,s3.113234,s5.568629,s90.122841
161_86,s2.346521,s5.168112,s69.361050
161_87,s2.477098,s3.546498,s58.076118
161_88,s4.316429,s0.961902,s148.084876
161_89,s5.367537,s7.522073,s10.683472
161_90,s7.176490,s7.304584,s336.202683
161_91,s3.352273,s1.966061,s169.271009
161_92,s4.796709,s7.741679,s333.848083
161_93,s5.761992,s7.809539,s278.497376
161_94,s7.831186,s7.012785,s351.908428
161_95,s2.265390,s5.869104,s57.675100
161_96,s3.920047,s7.552087,s60.450668
161_97,s3.346638,s8.666806,s335.700198
161_98,s2.744462,s2.215801,s68.186470
161_99,s7.002534,s8.016524,s287.356210
161_100,s1.709461,s4.829626,s139.924651
161_101,s0.213600,s6.875759,s290.573202
161_102,s1.563878,s8.764368,s85.504287
161_103,s5.314788,s8.482798,s0.103534
161_104,s2.045915,s3.361414,s114.258505
161_105,s4.397909,s7.861084,s25.287596
161_106,s1.686559,s3.767606,s62.590339
161_107,s1.551390,s5.760655,s8.335234
161_108,s2.134119,s1.740207,s89.980788
161_109,s5.956952,s8.438966,s230.434429
161_110,s2.148556,s6.498508,s9.331424
161_111,s2.931604,s0.494710,s84.053867
161_112,s2.908316,s1.635902,s106.043814
161_113,s3.075974,s6.935883,s338.935497
161_114,s4.509759,s8.407534,s317.029600
161_115,s4.197317,s8.889352,s43.382345
161_116,s6.544194,s8.408493,s340.999918
161_117,s8.309525,s6.324764,s241.284563
161_118,s8.739116,s5.572430,s290.079996
161_119,s2.158331,s7.538366,s50.790775
161_120,s8.733939,s6.538549,s302.213158
161_121,s8.999952,s1.237829,s215.579086
161_122,s5.905296,s8.739057,s36.427553
161_123,s9.539105,s4.410400,s221.985369
161_124,s7.260095,s8.615958,s344.369125
161_125,s3.762538,s8.124043,s354.468255
161_126,s8.539072,s3.982907,s344.329466
161_127,s7.373247,s9.957991,s220.663577
161_128,s2.729105,s8.753971,s92.357909
161_129,s7.770943,s8.483145,s299.660567
161_130,s8.217199,s6.897819,s297.895839
161_131,s9.528875,s8.151555,s304.699902
161_132,s8.978880,s1.632153,s286.492753
161_133,s5.121311,s0.697726,s150.710269
161_134,s6.643127,s1.212507,s224.957941
161_135,s1.060445,s5.496585,s184.259798
161_136,s1.027772,s4.363594,s73.516720
161_137,s5.971726,s0.581811,s257.212307
161_138,s2.637315,s7.220198,s12.027672
161_139,s1.263099,s3.419024,s60.000000
161_140,s9.519701,s5.391286,s346.499413
161_141,s3.048731,s7.699254,s0.000000
161_142,s7.796874,s1.074661,s236.505549
161_143,s1.144729,s6.118779,s60.000000
161_144,s4.804819,s9.186334,s322.403100
161_145,s0.729540,s5.878574,s114.273019
161_146,s1.357908,s2.198808,s92.165671
161_147,s6.455604,s9.447891,s286.887618
161_148,s8.365106,s8.198689,s259.944915
161_149,s4.405303,s9.394222,s27.079151
161_150,s3.078314,s9.129434,s356.807997
161_151,s2.532632,s8.062536,s40.000000
161_152,s0.595249,s1.780556,s202.663981
161_153,s1.223232,s7.715531,s356.564808
161_154,s3.592662,s0.747992,s201.000234
161_155,s9.126890,s3.196532,s230.281985
161_156,s0.472454,s3.849262,s20.000000
161_157,s1.113598,s2.981677,s120.000000
161_158,s1.862261,s2.860416,s160.000000
161_159,s5.700643,s9.496921,s338.374470
161_160,s1.729487,s6.869162,s60.000000
162_0,s4.306883,s3.659950,s155.083789
162_1,s5.162863,s3.753053,s206.180148
162_2,s4.431616,s4.746114,s146.259059
162_3,s4.055207,s2.804589,s124.051521
162_4,s4.611595,s2.820075,s167.932840
162_5,s4.942230,s3.289901,s111.625215
162_6,s4.841629,s4.594203,s334.853987
162_7,s5.076988,s4.262178,s245.830198
162_8,s5.777292,s2.637492,s224.211385
162_9,s6.479981,s3.144388,s174.780695
162_10,s5.238304,s2.977345,s185.317027
162_11,s4.831486,s3.824392,s68.254794
162_12,s5.720037,s3.680642,s316.598268
162_13,s3.675782,s3.488262,s172.763098
162_14,s5.376267,s4.784942,s305.629873
162_15,s6.466548,s4.204847,s287.151329
162_16,s5.801661,s3.272666,s222.360085
162_17,s6.216491,s3.653510,s276.592573
162_18,s5.336005,s5.273347,s340.309550
162_19,s3.903312,s4.602881,s64.270949
162_20,s4.598353,s5.045302,s37.588747
162_21,s5.796977,s4.328832,s344.327548
162_22,s1.845699,s1.271270,s155.410322
162_23,s4.786973,s5.569901,s296.109201
162_24,s4.388754,s5.854817,s32.026723
162_25,s5.946133,s5.508394,s15.414033
162_26,s3.556447,s5.595246,s320.426147
162_27,s6.276854,s5.342436,s264.327577
162_28,s7.024498,s3.278188,s170.259436
162_29,s6.264615,s4.799232,s246.083806
162_30,s2.996086,s6.071894,s347.055037
162_31,s7.781919,s2.939639,s207.286011
162_32,s6.679418,s5.910286,s83.689669
162_33,s6.833580,s4.885767,s307.116602
162_34,s6.114998,s6.375146,s289.256917
162_35,s6.983477,s5.615114,s282.302437
162_36,s7.267009,s4.685994,s218.011258
162_37,s4.888150,s6.023478,s345.289643
162_38,s5.432486,s6.218305,s318.427250
162_39,s7.739682,s5.424975,s170.984218
162_40,s7.231976,s2.642588,s249.437534
162_41,s7.115209,s3.822539,s219.182966
162_42,s6.962149,s6.156850,s331.841808
162_43,s5.528924,s6.819941,s38.217527
162_44,s3.760834,s6.314682,s47.065366
162_45,s7.742667,s3.977229,s251.525050
162_46,s7.598043,s6.490275,s21.511714
162_47,s6.261733,s6.809744,s336.918446
162_48,s3.604181,s7.027758,s272.076352
162_49,s9.014607,s8.402385,s345.046022
162_50,s5.726856,s2.121734,s131.186868
162_51,s7.998185,s4.426209,s5.356552
162_52,s8.371121,s7.408324,s23.322626
162_53,s7.948277,s3.501316,s215.283492
162_54,s3.554646,s4.226594,s107.265513
162_55,s6.864581,s6.925688,s19.764960
162_56,s4.415749,s6.437595,s309.022980
162_57,s4.666966,s7.053282,s30.083567
162_58,s3.498151,s5.240656,s117.790990
162_59,s7.791448,s2.004926,s67.966043
162_60,s7.829581,s5.979683,s338.852693
162_61,s4.951195,s1.575357,s69.345801
162_62,s5.748847,s7.214092,s295.314660
162_63,s6.173006,s1.903773,s223.631840
162_64,s8.366325,s4.761149,s297.606551
162_65,s8.696753,s3.601965,s280.443108
162_66,s9.224568,s4.988282,s269.127781
162_67,s8.165114,s5.661165,s229.383757
162_68,s6.615804,s2.354498,s186.459209
162_69,s5.498800,s1.488526,s177.971525
162_70,s3.152991,s4.505192,s67.051797
162_71,s3.362220,s3.653950,s72.427303
162_72,s7.090239,s1.804716,s194.695198
162_73,s8.315991,s2.676755,s239.590118
162_74,s4.573060,s1.198216,s251.626117
162_75,s6.135415,s1.379876,s140.610941
162_76,s3.221147,s2.906816,s36.325632
162_77,s8.180790,s1.856238,s237.260020
162_78,s4.213044,s1.571819,s93.565123
162_79,s2.683506,s6.725149,s166.019064
162_80,s9.605311,s1.225564,s218.420738
162_81,s3.996967,s2.195824,s83.608301
162_82,s2.629330,s4.204698,s27.509791
162_83,s2.686403,s3.057037,s133.487089
162_84,s2.128314,s4.371977,s97.496175
162_85,s3.112971,s5.559680,s90.122841
162_86,s2.346258,s5.159163,s69.361050
162_87,s2.476835,s3.537549,s58.076118
162_88,s4.316166,s0.952954,s148.084876
162_89,s5.367274,s7.513124,s10.683472
162_90,s7.176228,s7.295636,s336.202683
162_91,s3.352011,s1.957112,s169.271009
162_92,s4.796447,s7.732730,s333.848083
162_93,s5.761729,s7.800591,s278.497376
162_94,s7.830924,s7.003836,s351.908428
162_95,s2.265128,s5.860155,s57.675100
162_96,s3.919785,s7.543138,s60.450668
162_97,s3.346375,s8.657857,s335.700198
162_98,s2.744199,s2.206853,s68.186470
162_99,s7.002272,s8.007576,s287.356210
162_100,s1.709199,s4.820677,s139.924651
162_101,s0.238176,s6.857878,s271.593577
162_102,s1.694977,s8.619378,s85.504287
162_103,s5.314526,s8.473849,s0.103534
162_104,s2.045653,s3.352465,s114.258505
162_105,s4.397647,s7.852135,s25.287596
162_106,s1.686297,s3.758657,s62.590339
162_107,s1.551127,s5.751706,s8.335234
162_108,s2.133857,s1.731258,s89.980788
162_109,s5.956689,s8.430017,s230.434429
162_110,s2.148293,s6.489559,s9.331424
162_111,s2.987687,s0.606472,s84.053867
162_112,s2.925989,s1.655474,s106.043814
162_113,s3.075711,s6.926934,s338.935497
162_114,s4.509496,s8.398585,s312.918642
162_115,s4.197054,s8.880403,s43.382345
162_116,s6.543932,s8.399544,s340.999918
162_117,s8.309263,s6.315816,s241.284563
162_118,s8.738854,s5.563481,s290.079996
162_119,s2.178553,s7.512545,s50.790775
162_120,s8.733676,s6.529600,s302.213158
162_121,s8.999690,s1.228880,s215.579086
162_122,s5.905033,s8.730108,s36.427553
162_123,s9.461166,s4.413865,s221.985369
162_124,s7.214353,s8.533580,s344.369125
162_125,s3.762275,s8.115094,s355.086780
162_126,s8.538810,s3.973958,s344.329466
162_127,s8.477293,s9.777891,s220.663577
162_128,s2.736057,s8.733904,s92.357909
162_129,s7.742256,s8.438468,s299.660567
162_130,s8.216936,s6.888871,s297.895839
162_131,s9.498207,s8.121760,s304.699902
162_132,s8.978618,s1.623204,s286.492753
162_133,s5.121049,s0.688777,s149.425763
162_134,s6.642864,s1.203559,s224.957941
162_135,s1.178513,s5.476568,s184.259798
162_136,s1.027510,s4.354645,s73.516720
162_137,s5.971464,s0.572862,s277.590798
162_138,s2.637053,s7.211249,s12.027672
162_139,s1.262837,s3.410075,s60.000000
162_140,s9.519439,s5.382337,s346.499413
162_141,s3.048468,s7.690305,s0.000000
162_142,s7.696831,s1.214942,s236.505549
162_143,s1.144467,s6.109830,s60.000000
162_144,s4.804556,s9.177385,s322.403100
162_145,s0.729278,s5.869625,s114.273019
162_146,s1.367468,s2.197553,s92.165671
162_147,s6.445993,s9.409174,s286.887618
162_148,s8.364843,s8.189740,s259.944915
162_149,s4.405040,s9.385273,s27.079151
162_150,s3.078052,s9.120485,s356.807997
162_151,s2.532369,s8.053587,s40.000000
162_152,s0.621332,s1.791170,s195.497967
162_153,s1.332984,s7.632859,s356.564808
162_154,s3.596170,s0.750030,s201.000234
162_155,s9.077154,s3.211142,s230.281985
162_156,s0.472192,s3.840313,s20.000000
162_157,s1.113335,s2.972728,s120.000000
162_158,s1.861999,s2.851468,s160.000000
162_159,s5.696444,s9.459623,s338.374470
162_160,s1.729224,s6.860213,s80.134538
162_161,s9.035317,s7.320880,s240.000000
163_0,s4.306883,s3.656783,s155.083789
163_1,s5.162863,s3.749886,s206.180148
163_2,s4.431616,s4.742947,s146.259059
163_3,s4.055207,s2.801421,s124.051521
163_4,s4.611595,s2.816908,s167.932840
163_5,s4.942230,s3.286734,s111.625215
163_6,s4.841629,s4.591035,s334.853987
163_7,s5.076988,s4.259011,s245.830198
163_8,s5.777292,s2.634325,s224.211385
163_9,s6.479981,s3.141221,s174.780695
163_10,s5.238304,s2.974178,s185.317027
163_11,s4.831486,s3.821225,s68.254794
163_12,s5.720037,s3.677475,s316.598268
163_13,s3.675782,s3.485095,s172.763098
163_14,s5.376267,s4.781775,s305.629873
163_15,s6.466548,s4.201680,s287.151329
163_16,s5.801661,s3.269498,s222.360085
163_17,s6.216491,s3.650343,s276.592573
163_18,s5.336005,s5.270179,s340.309550
163_19,s3.903312,s4.599714,s64.270949
163_20,s4.598353,s5.042135,s37.588747
163_21,s5.796977,s4.325664,s344.327548
163_22,s1.907207,s1.341022,s155.410322
163_23,s4.786973,s5.566734,s296.109201
163_24,s4.388754,s5.851650,s32.026723
163_25,s5.946133,s5.505227,s15.414033
163_26,s3.556447,s5.592079,s320.426147
163_27,s6.276854,s5.339268,s264.327577
163_28,s7.024498,s3.275020,s170.259436
163_29,s6.264615,s4.796065,s246.083806
163_30,s2.996086,s6.068726,s347.055037
163_31,s7.781919,s2.936472,s207.286011
163_32,s6.679418,s5.907118,s83.689669
163_33,s6.833580,s4.882599,s307.116602
163_34,s6.114998,s6.371979,s289.256917
163_35,s6.983477,s5.611947,s282.302437
163_36,s7.267009,s4.682826,s218.011258
163_37,s4.888150,s6.020311,s345.289643
163_38,s5.432486,s6.215138,s318.427250
163_39,s7.739682,s5.421808,s170.984218
163_40,s7.231976,s2.639420,s249.437534
163_41,s7.115209,s3.819372,s219.182966
163_42,s6.962149,s6.153683,s331.841808
163_43,s5.528924,s6.816774,s38.217527
163_44,s3.760834,s6.311515,s47.065366
163_45,s7.742667,s3.974062,s251.525050
163_46,s7.598043,s6.487108,s21.511714
163_47,s6.261733,s6.806577,s336.918446
163_48,s3.604181,s7.024591,s272.076352
163_49,s9.014607,s8.399218,s345.046022
163_50,s5.726856,s2.118567,s131.186868
163_51,s7.998185,s4.423041,s5.356552
163_52,s8.371121,s7.405156,s23.322626
163_53,s7.948277,s3.498149,s215.283492
163_54,s3.554646,s4.223426,s107.265513
163_55,s6.864581,s6.922521,s19.764960
163_56,s4.415749,s6.434428,s309.022980
163_57,s4.666966,s7.050115,s30.083567
163_58,s3.498151,s5.237489,s117.790990
163_59,s7.791448,s2.001759,s67.966043
163_60,s7.829581,s5.976516,s338.852693
163_61,s4.951195,s1.572190,s69.345801
163_62,s5.748847,s7.210925,s295.314660
163_63,s6.173006,s1.900605,s223.631840
163_64,s8.366325,s4.757982,s297.606551
163_65,s8.696753,s3.598797,s280.443108
163_66,s9.224568,s4.985115,s269.127781
163_67,s8.165114,s5.657998,s229.383757
163_68,s6.615804,s2.351330,s186.459209
163_69,s5.498800,s1.485359,s177.971525
163_70,s3.152991,s4.502025,s67.051797
163_71,s3.362220,s3.650783,s72.427303
163_72,s7.090239,s1.801549,s194.695198
163_73,s8.315991,s2.673588,s239.590118
163_74,s4.573060,s1.195049,s251.626117
163_75,s6.135415,s1.376709,s140.610941
163_76,s3.221147,s2.903648,s36.325632
163_77,s8.180790,s1.853070,s237.260020
163_78,s4.213044,s1.568652,s93.565123
163_79,s2.683506,s6.721982,s166.019064
163_80,s9.605311,s1.222397,s218.420738
163_81,s3.996967,s2.192657,s83.608301
163_82,s2.629330,s4.201530,s27.509791
163_83,s2.686403,s3.053870,s133.487089
163_84,s2.128314,s4.368810,s97.496175
163_85,s3.112971,s5.556513,s90.122841
163_86,s2.346258,s5.155996,s69.361050
163_87,s2.476835,s3.534382,s58.076118
163_88,s4.316166,s0.949786,s148.084876
163_89,s5.367274,s7.509956,s10.683472
163_90,s7.176228,s7.292468,s336.202683
163_91,s3.352011,s1.953945,s169.271009
163_92,s4.796447,s7.729563,s333.848083
163_93,s5.761729,s7.797423,s278.497376
163_94,s7.830924,s7.000669,s351.908428
163_95,s2.265128,s5.856988,s57.675100
163_96,s3.919785,s7.539971,s60.450668
163_97,s3.346375,s8.654690,s335.700198
163_98,s2.744199,s2.203685,s68.186470
163_99,s6.991342,s7.987912,s287.356210
163_100,s1.709199,s4.817510,s139.924651
163_101,s0.331914,s6.820727,s271.593577
163_102,s1.750514,s8.558487,s85.504287
163_103,s5.314526,s8.470682,s0.103534
163_104,s2.045653,s3.349298,s114.258505
163_105,s4.397647,s7.848968,s25.287596
163_106,s1.686297,s3.755490,s62.590339
163_107,s1.551127,s5.748539,s8.335234
163_108,s2.153335,s1.750400,s89.980788
163_109,s5.956689,s8.426850,s230.434429
163_110,s2.148293,s6.486392,s9.331424
163_111,s3.016468,s0.665222,s84.053867
163_112,s2.925989,s1.652306,s106.043814
163_113,s3.075711,s6.923767,s338.935497
163_114,s4.509496,s8.395418,s312.918642
163_115,s4.197054,s8.877236,s43.382345
163_116,s6.543932,s8.396377,s340.999918
163_117,s8.309263,s6.312648,s241.284563
163_118,s8.738854,s5.560314,s290.079996
163_119,s2.178553,s7.509378,s50.790775
163_120,s8.733676,s6.526433,s302.213158
163_121,s8.999690,s1.225713,s215.579086
163_122,s5.905033,s8.726941,s36.427553
163_123,s9.316773,s4.433398,s221.985369
163_124,s7.177934,s8.471936,s344.369125
163_125,s3.762275,s8.111927,s355.086780
163_126,s8.538810,s3.970791,s344.329466
163_127,s8.477293,s9.774724,s220.663577
163_128,s2.736057,s8.730737,s92.357909
163_129,s7.734609,s8.425727,s299.660567
163_130,s8.216936,s6.885703,s297.895839
163_131,s9.498207,s8.118593,s304.699902
163_132,s8.978618,s1.620037,s286.492753
163_133,s5.120745,s0.716695,s149.425763
163_134,s6.642864,s1.200391,s224.957941
163_135,s1.251111,s5.466451,s184.259798
163_136,s1.027510,s4.351477,s73.516720
163_137,s5.963020,s0.612509,s277.590798
163_138,s2.637053,s7.208082,s12.027672
163_139,s1.262837,s3.406908,s60.000000
163_140,s9.519439,s5.379170,s346.499413
163_141,s3.048468,s7.687138,s0.000000
163_142,s7.636532,s1.301303,s236.505549
163_143,s1.144467,s6.106663,s60.000000
163_144,s4.805657,s9.157810,s322.403100
163_145,s0.729278,s5.866458,s114.273019
163_146,s1.367468,s2.194386,s92.165671
163_147,s6.401218,s9.265064,s286.887618
163_148,s8.364843,s8.186573,s259.944915
163_149,s4.405040,s9.382106,s27.079151
163_150,s3.078052,s9.117318,s356.807997
163_151,s2.532369,s8.050420,s40.000000
163_152,s0.703567,s1.849105,s195.497967
163_153,s1.369898,s7.604758,s356.564808
163_154,s3.596170,s0.746863,s201.000234
163_155,s9.016105,s3.236858,s230.281985
163_156,s0.472192,s3.837146,s20.000000
163_157,s1.113335,s2.969561,s120.000000
163_158,s1.861999,s2.848300,s160.000000
163_159,s5.696444,s9.456455,s338.374470
163_160,s1.729224,s6.857046,s80.134538
163_161,s9.035317,s7.317712,s240.000000
163_162,s9.213799,s6.280962,s280.000000
164_0,s4.702746,s3.656783,s155.083789
164_1,s5.558726,s3.749886,s206.180148
164_2,s4.827479,s4.742947,s146.259059
164_3,s4.451069,s2.801421,s124.051521
164_4,s5.007458,s2.816908,s167.932840
164_5,s5.338093,s3.286734,s111.625215
164_6,s5.237492,s4.591035,s334.853987
164_7,s5.472851,s4.259011,s245.830198
164_8,s6.173155,s2.634325,s224.211385
164_9,s6.875844,s3.141221,s174.780695
164_10,s5.634167,s2.974178,s185.317027
164_11,s5.227349,s3.821225,s68.254794
164_12,s6.115899,s3.677475,s316.598268
164_13,s4.071644,s3.485095,s172.763098
164_14,s5.772130,s4.781775,s305.629873
164_15,s6.862411,s4.201680,s287.151329
164_16,s6.197524,s3.269498,s222.360085
164_17,s6.612354,s3.650343,s276.592573
164_18,s5.731868,s5.270179,s340.309550
164_19,s4.299175,s4.599714,s64.270949
164_20,s4.994216,s5.042135,s37.588747
164_21,s6.192839,s4.325664,s344.327548
164_22,s2.303069,s1.341022,s155.410322
164_23,s5.182836,s5.566734,s296.109201
164_24,s4.784617,s5.851650,s32.026723
164_25,s6.341995,s5.505227,s15.414033
164_26,s3.952310,s5.592079,s320.426147
164_27,s6.672717,s5.339268,s264.327577
164_28,s7.420361,s3.275020,s170.259436
164_29,s6.660478,s4.796065,s246.083806
164_30,s3.391949,s6.068726,s347.055037
164_31,s8.177782,s2.936472,s207.286011
164_32,s7.075281,s5.907118,s83.689669
164_33,s7.229443,s4.882599,s307.116602
164_34,s6.510861,s6.371979,s289.256917
164_35,s7.379340,s5.611947,s282.302437
164_36,s7.662872,s4.682826,s218.011258
164_37,s5.284012,s6.020311,s345.289643
164_38,s5.828348,s6.215138,s318.427250
164_39,s8.135545,s5.421808,s170.984218
164_40,s7.627839,s2.639420,s249.437534
164_41,s7.511072,s3.819372,s219.182966
164_42,s7.358011,s6.153683,s331.841808
164_43,s5.924786,s6.816774,s38.217527
164_44,s4.156697,s6.311515,s47.065366
164_45,s8.138530,s3.974062,s251.525050
164_46,s7.993906,s6.487108,s21.511714
164_47,s6.657596,s6.806577,s336.918446
164_48,s4.000043,s7.024591,s272.076352
164_49,s9.410470,s8.399218,s345.046022
164_50,s6.122719,s2.118567,s131.186868
164_51,s8.394047,s4.423041,s5.356552
164_52,s8.766984,s7.405156,s23.322626
164_53,s8.344139,s3.498149,s215.283492
164_54,s3.950509,s4.223426,s107.265513
164_55,s7.260444,s6.922521,s19.764960
164_56,s4.811611,s6.434428,s309.022980
164_57,s5.062828,s7.050115,s30.083567
164_58,s3.894013,s5.237489,s117.790990
164_59,s8.187311,s2.001759,s67.966043
164_60,s8.225444,s5.976516,s338.852693
164_61,s5.347057,s1.572190,s69.345801
164_62,s6.144709,s7.210925,s295.314660
164_63,s6.568869,s1.900605,s223.631840
164_64,s8.762188,s4.757982,s297.606551
164_65,s9.092615,s3.598797,s280.443108
164_66,s9.620430,s4.985115,s269.127781
164_67,s8.560977,s5.657998,s229.383757
164_68,s7.011666,s2.351330,s186.459209
164_69,s5.894662,s1.485359,s177.971525
164_70,s3.548854,s4.502025,s67.051797
164_71,s3.758083,s3.650783,s72.427303
164_72,s7.486102,s1.801549,s194.695198
164_73,s8.711854,s2.673588,s239.590118
164_74,s4.968923,s1.195049,s251.626117
164_75,s6.531277,s1.376709,s140.610941
164_76,s3.617010,s2.903648,s36.325632
164_77,s8.576653,s1.853070,s237.260020
164_78,s4.608907,s1.568652,s93.565123
164_79,s3.079369,s6.721982,s166.019064
164_80,s10.001174,s1.222397,s218.420738
164_81,s4.392830,s2.192657,s83.608301
164_82,s3.025193,s4.201530,s27.509791
164_83,s3.082265,s3.053870,s133.487089
164_84,s2.524177,s4.368810,s97.496175
164_85,s3.508834,s5.556513,s90.122841
164_86,s2.742121,s5.155996,s69.361050
164_87,s2.872698,s3.534382,s58.076118
164_88,s4.712029,s0.949786,s148.084876
164_89,s5.763137,s7.509956,s10.683472
164_90,s7.572090,s7.292468,s336.202683
164_91,s3.747874,s1.953945,s169.271009
164_92,s5.192309,s7.729563,s333.848083
164_93,s6.157592,s7.797423,s278.497376
164_94,s8.226787,s7.000669,s351.908428
164_95,s2.660991,s5.856988,s57.675100
164_96,s4.315647,s7.539971,s60.450668
164_97,s3.742238,s8.654690,s335.700198
164_98,s3.140062,s2.203685,s68.186470
164_99,s7.387205,s7.987912,s287.356210
164_100,s2.105061,s4.817510,s139.924651
164_101,s0.781587,s6.800369,s271.593577
164_102,s2.193899,s8.505970,s85.504287
164_103,s5.710388,s8.470682,s0.103534
164_104,s2.441515,s3.349298,s114.258505
164_105,s4.793509,s7.848968,s25.287596
164_106,s2.082159,s3.755490,s62.590339
164_107,s1.946990,s5.748539,s8.335234
164_108,s2.549197,s1.750400,s89.980788
164_109,s6.352552,s8.426850,s230.434429
164_110,s2.544156,s6.486392,s9.331424
164_111,s3.441486,s0.734604,s84.053867
164_112,s3.321852,s1.652306,s106.043814
164_113,s3.471574,s6.923767,s338.935497
164_114,s4.905359,s8.395418,s312.918642
164_115,s4.592917,s8.877236,s43.382345
164_116,s6.932276,s8.381483,s340.999918
164_117,s8.705125,s6.312648,s241.284563
164_118,s9.134717,s5.560314,s290.079996
164_119,s2.574415,s7.509378,s50.790775
164_120,s9.129539,s6.526433,s302.213158
164_121,s9.395552,s1.225713,s215.579086
164_122,s6.300896,s8.726941,s36.427553
164_123,s9.633859,s4.445235,s221.985369
164_124,s7.573797,s8.471936,s344.369125
164_125,s4.158138,s8.111927,s355.086780
164_126,s8.934672,s3.970791,s344.329466
164_127,s8.829773,s9.718349,s220.663577
164_128,s3.131920,s8.730737,s92.357909
164_129,s8.120417,s8.414014,s299.660567
164_130,s8.612799,s6.885703,s297.895839
164_131,s9.894070,s8.118593,s304.699902
164_132,s9.374480,s1.620037,s286.492753
164_133,s5.516608,s0.716695,s149.425763
164_134,s7.038727,s1.200391,s224.957941
164_135,s1.666477,s5.464476,s184.259798
164_136,s1.423373,s4.351477,s73.516720
164_137,s6.358882,s0.612509,s277.590798
164_138,s3.032916,s7.208082,s12.027672
164_139,s1.658699,s3.406908,s60.000000
164_140,s9.915301,s5.379170,s346.499413
164_141,s3.444331,s7.687138,s0.000000
164_142,s7.933394,s1.437609,s236.505549
164_143,s1.540330,s6.106663,s60.000000
164_144,s5.201520,s9.157810,s322.403100
164_145,s1.125140,s5.866458,s114.273019
164_146,s1.774141,s2.203328,s92.165671
164_147,s6.746028,s9.125281,s286.887618
164_148,s8.760706,s8.186573,s259.944915
164_149,s4.800903,s9.382106,s27.079151
164_150,s3.473914,s9.117318,s356.807997
164_151,s2.928232,s8.050420,s40.000000
164_152,s1.125044,s1.869043,s195.497967
164_153,s1.835426,s7.555047,s356.564808
164_154,s3.992033,s0.746863,s201.000234
164_155,s9.401975,s3.241360,s230.281985
164_156,s0.868055,s3.837146,s20.000000
164_157,s1.509198,s2.969561,s120.000000
164_158,s2.257861,s2.848300,s160.000000
164_159,s6.092306,s9.456455,s338.374470
164_160,s2.125087,s6.857046,s80.134538
164_161,s9.431179,s7.317712,s240.000000
164_162,s9.591443,s6.275998,s280.000000
164_163,s0.692820,s4.767781,s60.000000
165_0,s4.587559,s3.834291,s155.083789
165_1,s5.443539,s3.927393,s206.180148
165_2,s4.712293,s4.920454,s146.259059
165_3,s4.335883,s2.978929,s124.051521
165_4,s4.892272,s2.994415,s167.932840
165_5,s5.222906,s3.464241,s111.625215
165_6,s5.122305,s4.768543,s334.853987
165_7,s5.357664,s4.436518,s245.830198
165_8,s6.057969,s2.811832,s224.211385
165_9,s6.760657,s3.318728,s174.817882
165_10,s5.518980,s3.151685,s185.317027
165_11,s5.112162,s3.998732,s66.172135
165_12,s6.000713,s3.854982,s316.598268
165_13,s3.956458,s3.662602,s172.763098
165_14,s5.656943,s4.959282,s305.629873
165_15,s6.747224,s4.379187,s287.151329
165_16,s6.082337,s3.447006,s222.360085
165_17,s6.497167,s3.827850,s276.592573
165_18,s5.616681,s5.447687,s340.309550
165_19,s4.183988,s4.777221,s64.270949
165_20,s4.879029,s5.219642,s37.588747
165_21,s6.077653,s4.503172,s344.327548
165_22,s1.695931,s1.455904,s141.148157
165_23,s5.067649,s5.744242,s296.109201
165_24,s4.669430,s6.029157,s32.026723
165_25,s6.226809,s5.682734,s15.414033
165_26,s3.837123,s5.769586,s320.426147
165_27,s6.557531,s5.516776,s264.327577
165_28,s7.305174,s3.452528,s170.356629
165_29,s6.545291,s4.973572,s246.083806
165_30,s3.276763,s6.246234,s347.055037
165_31,s8.062595,s3.113979,s207.286011
165_32,s6.960094,s6.084626,s83.689669
165_33,s7.114257,s5.060107,s307.116602
165_34,s6.395674,s6.549486,s289.256917
165_35,s7.264154,s5.789454,s282.302437
165_36,s7.547685,s4.860334,s218.011258
165_37,s5.168826,s6.197818,s345.289643
165_38,s5.713162,s6.392645,s318.427250
165_39,s8.020358,s5.599315,s170.984218
165_40,s7.512652,s2.816928,s249.437534
165_41,s7.395885,s3.996879,s219.182966
165_42,s7.242825,s6.331190,s331.841808
165_43,s5.809600,s6.994282,s38.217527
165_44,s4.041510,s6.489023,s47.065366
165_45,s8.023343,s4.151569,s251.525050
165_46,s7.878719,s6.664615,s21.511714
165_47,s6.542409,s6.984084,s336.918446
165_48,s3.904131,s7.171602,s279.790248
165_49,s9.198529,s8.850076,s334.365119
165_50,s6.007532,s2.296074,s131.186868
165_51,s8.278861,s4.600549,s5.356552
165_52,s8.651798,s7.582664,s25.829000
165_53,s8.228953,s3.675656,s215.283492
165_54,s3.835322,s4.400934,s107.265513
165_55,s7.145258,s7.100028,s19.764960
165_56,s4.696425,s6.611936,s309.022980
165_57,s4.947642,s7.227622,s30.083567
165_58,s3.778827,s5.414996,s117.790990
165_59,s8.072125,s2.179266,s68.804773
165_60,s8.110257,s6.154023,s338.852693
165_61,s5.231871,s1.749697,s69.345801
165_62,s6.029523,s7.388432,s295.314660
165_63,s6.453682,s2.078113,s224.292678
165_64,s8.647001,s4.935490,s297.606551
165_65,s8.977429,s3.776305,s280.443108
165_66,s9.505244,s5.162622,s266.172151
165_67,s8.445790,s5.835505,s229.383757
165_68,s6.896480,s2.528838,s184.183221
165_69,s5.779476,s1.662866,s177.810875
165_70,s3.433667,s4.679532,s67.051797
165_71,s3.642896,s3.828290,s70.380157
165_72,s7.365187,s1.987547,s198.734904
165_73,s8.955912,s3.151356,s227.574887
165_74,s4.853736,s1.372556,s251.626117
165_75,s6.416091,s1.554216,s143.276084
165_76,s3.501823,s3.081156,s36.325632
165_77,s8.461466,s2.030578,s237.260020
165_78,s4.493720,s1.746159,s93.565123
165_79,s2.964182,s6.899489,s166.019064
165_80,s9.913599,s1.594881,s181.148734
165_81,s4.277643,s2.370164,s83.608301
165_82,s2.910006,s4.379038,s27.509791
165_83,s2.967079,s3.231377,s133.487089
165_84,s2.408991,s4.546317,s97.496175
165_85,s3.393647,s5.734020,s84.565930
165_86,s2.626934,s5.333503,s70.529111
165_87,s2.757511,s3.711889,s58.076118
165_88,s4.816180,s0.781107,s138.301301
165_89,s5.647951,s7.687464,s10.683472
165_90,s7.456904,s7.469976,s336.202683
165_91,s3.632687,s2.131452,s169.271009
165_92,s5.077123,s7.907070,s333.848083
165_93,s6.042405,s7.974931,s278.497376
165_94,s8.111600,s7.178176,s351.908428
165_95,s2.545804,s6.034495,s57.675100
165_96,s4.212767,s7.684414,s60.450668
165_97,s3.627051,s8.832197,s335.700198
165_98,s3.024875,s2.381193,s68.186470
165_99,s7.230063,s8.145382,s311.279631
165_100,s1.989875,s4.995017,s132.068309
165_101,s0.233027,s8.496067,s287.786051
165_102,s2.088956,s8.671927,s82.955647
165_103,s5.595202,s8.648189,s0.103534
165_104,s2.326329,s3.526805,s109.151199
165_105,s4.678323,s8.026475,s25.287596
165_106,s1.966973,s3.932997,s76.744234
165_107,s1.831803,s5.926046,s8.335234
165_108,s2.434011,s1.927907,s89.980788
165_109,s6.237366,s8.604358,s230.434429
165_110,s2.428969,s6.663900,s9.331424
165_111,s2.646969,s0.668927,s55.767429
165_112,s3.206665,s1.829814,s106.544191
165_113,s3.356388,s7.101274,s338.935497
165_114,s4.790172,s8.572925,s312.918642
165_115,s4.477731,s9.054744,s43.382345
165_116,s6.817090,s8.558990,s337.961931
165_117,s8.589939,s6.490156,s241.284563
165_118,s9.019530,s5.737821,s290.079996
165_119,s2.470416,s7.676634,s50.790775
165_120,s9.014352,s6.703940,s302.213158
165_121,s9.280366,s1.403220,s215.579086
165_122,s6.185709,s8.904448,s36.427553
165_123,s9.477106,s4.629049,s221.985369
165_124,s7.443644,s8.809230,s344.369125
165_125,s4.046774,s8.278696,s355.086780
165_126,s8.819486,s4.148298,s344.329466
165_127,s8.216933,s9.750066,s144.007454
165_128,s2.768280,s9.085452,s35.506473
165_129,s8.104305,s8.732943,s292.664957
165_130,s8.497612,s7.063211,s292.859425
165_131,s9.464832,s9.688809,s311.782169
165_132,s9.259294,s1.797544,s286.492753
165_133,s5.401422,s0.894203,s152.273798
165_134,s6.923540,s1.377899,s230.995042
165_135,s1.563570,s5.640665,s184.259798
165_136,s1.161585,s4.618344,s75.830519
165_137,s6.324601,s0.867961,s250.344394
165_138,s2.917729,s7.385589,s12.027672
165_139,s0.788350,s3.163793,s80.209850
165_140,s9.800115,s5.556677,s324.309338
165_141,s3.336976,s7.853370,s0.226860
165_142,s8.119031,s1.240689,s254.021280
165_143,s1.101150,s6.940062,s58.414442
165_144,s5.086334,s9.335317,s322.676255
165_145,s0.831458,s6.389110,s94.304033
165_146,s1.717622,s2.429776,s134.528156
165_147,s7.089729,s9.546944,s312.739333
165_148,s8.645519,s8.364080,s259.944915
165_149,s4.685716,s9.559613,s27.079151
165_150,s3.358728,s9.294825,s356.807997
165_151,s2.813045,s8.227927,s35.041927
165_152,s1.044954,s0.696382,s209.485787
165_153,s1.733332,s7.723082,s356.564808
165_154,s3.908298,s1.033757,s150.906620
165_155,s9.632144,s3.415864,s201.896973
165_156,s0.903794,s3.699728,s15.637948
165_157,s1.394011,s3.147068,s137.000977
165_158,s2.159459,s3.038374,s175.941904
165_159,s6.205112,s9.602506,s56.309458
165_160,s2.020946,s7.253225,s79.003583
165_161,s9.474577,s7.709890,s237.496704
165_162,s9.476257,s6.453505,s280.000000
165_163,s1.008995,s5.682327,s70.399109
165_164,s1.113540,s9.079793,s354.639584
166_0,s4.784587,s3.695009,s155.083789
166_1,s5.640567,s3.788111,s206.180148
166_2,s4.909321,s4.781173,s146.259059
166_3,s4.532911,s2.839647,s124.051521
166_4,s5.089300,s2.855133,s169.902738
166_5,s5.419934,s3.324960,s111.625215
166_6,s5.319333,s4.629261,s334.853987
166_7,s5.554692,s4.297237,s245.830198
166_8,s6.254997,s2.672551,s224.211385
166_9,s6.957685,s3.179447,s174.817882
166_10,s5.716008,s3.012404,s185.317027
166_11,s5.309191,s3.859451,s66.172135
166_12,s6.197741,s3.715701,s316.598268
166_13,s4.153486,s3.523320,s172.763098
166_14,s5.853971,s4.820001,s305.629873
166_15,s6.944252,s4.239906,s287.151329
166_16,s6.279365,s3.307724,s222.360085
166_17,s6.694196,s3.688569,s276.592573
166_18,s5.813709,s5.308405,s340.309550
166_19,s4.381017,s4.637940,s64.270949
166_20,s5.076058,s5.080361,s37.588747
166_21,s6.274681,s4.363890,s344.327548
166_22,s1.906596,s1.331958,s142.652235
166_23,s5.264678,s5.604960,s296.109201
166_24,s4.866459,s5.889875,s32.026723
166_25,s6.423837,s5.543453,s15.414033
166_26,s4.034152,s5.630305,s320.426147
166_27,s6.754559,s5.377494,s264.327577
166_28,s7.502203,s3.313246,s170.356629
166_29,s6.742320,s4.834291,s246.083806
166_30,s3.473791,s6.106952,s347.055037
166_31,s8.259624,s2.974698,s207.286011
166_32,s7.157122,s5.945344,s83.689669
166_33,s7.311285,s4.920825,s307.116602
166_34,s6.592703,s6.410205,s289.256917
166_35,s7.461182,s5.650173,s282.302437
166_36,s7.744713,s4.721052,s218.011258
166_37,s5.365854,s6.058536,s345.289643
166_38,s5.910190,s6.253363,s318.427250
166_39,s8.217386,s5.460033,s170.984218
166_40,s7.709680,s2.677646,s249.437534
166_41,s7.592913,s3.857598,s219.182966
166_42,s7.439853,s6.191908,s331.841808
166_43,s6.006628,s6.855000,s38.217527
166_44,s4.238538,s6.349741,s47.065366
166_45,s8.220372,s4.012288,s251.525050
166_46,s8.075748,s6.525333,s21.511714
166_47,s6.739438,s6.844803,s336.918446
166_48,s4.101159,s7.032320,s279.790248
166_49,s10.032728,s8.092195,s334.365119
166_50,s6.204561,s2.156793,s131.186868
166_51,s8.475889,s4.461267,s5.356552
166_52,s8.848826,s7.443382,s25.829000
166_53,s8.425981,s3.536375,s215.283492
166_54,s4.032351,s4.261652,s107.265513
166_55,s7.342286,s6.960747,s19.764960
166_56,s4.893453,s6.472654,s309.022980
166_57,s5.144670,s7.088341,s30.452969
166_58,s3.975855,s5.275715,s117.790990
166_59,s8.269153,s2.039984,s68.804773
166_60,s8.307286,s6.014742,s338.852693
166_61,s5.428899,s1.610416,s69.345801
166_62,s6.226551,s7.249150,s295.314660
166_63,s6.650711,s1.938831,s224.292678
166_64,s8.844030,s4.796208,s297.606551
166_65,s9.174457,s3.637023,s284.188123
166_66,s9.702272,s5.023340,s266.172151
166_67,s8.642819,s5.696224,s229.383757
166_68,s7.093508,s2.389556,s184.183221
166_69,s5.976504,s1.523585,s177.810875
166_70,s3.630696,s4.540251,s67.051797
166_71,s3.839924,s3.689008,s70.380157
166_72,s7.542541,s1.878082,s198.734904
166_73,s9.113277,s3.034814,s227.574887
166_74,s5.050764,s1.233274,s251.626117
166_75,s6.613119,s1.414935,s143.276084
166_76,s3.698851,s2.941874,s36.325632
166_77,s8.658494,s1.891296,s237.260020
166_78,s4.690748,s1.606878,s93.565123
166_79,s3.161210,s6.760208,s166.019064
166_80,s10.110627,s1.455599,s181.148734
166_81,s4.474672,s2.230883,s83.608301
166_82,s3.107034,s4.239756,s27.509791
166_83,s3.164107,s3.092095,s133.487089
166_84,s2.606019,s4.407035,s97.499061
166_85,s3.590675,s5.594739,s84.565930
166_86,s2.823963,s5.194222,s70.529111
166_87,s2.976243,s3.587339,s58.076118
166_88,s5.014749,s0.662721,s138.301301
166_89,s5.844979,s7.548182,s10.683472
166_90,s7.653932,s7.330694,s336.202683
166_91,s3.829715,s1.992170,s169.271009
166_92,s5.274151,s7.767789,s333.848083
166_93,s6.239433,s7.835649,s278.497376
166_94,s8.308628,s7.038895,s351.908428
166_95,s2.742832,s5.895213,s57.675100
166_96,s4.409795,s7.545132,s59.211519
166_97,s3.824080,s8.692915,s335.700198
166_98,s3.221903,s2.241911,s68.186470
166_99,s7.370935,s7.930100,s320.123857
166_100,s2.204265,s4.857617,s132.068309
166_101,s0.542590,s8.624221,s267.793610
166_102,s2.285984,s8.532645,s67.923761
166_103,s5.792230,s8.508907,s0.103534
166_104,s2.532630,s3.393481,s97.240120
166_105,s4.875351,s7.887194,s25.287596
166_106,s2.164001,s3.793715,s76.744234
166_107,s1.903717,s5.920555,s8.335234
166_108,s2.631039,s1.788625,s76.812762
166_109,s6.434394,s8.465076,s230.434429
166_110,s2.625998,s6.524618,s9.331424
166_111,s2.826346,s0.454227,s105.088630
166_112,s3.403693,s1.690532,s110.275221
166_113,s3.553416,s6.961993,s335.997343
166_114,s4.987200,s8.433643,s312.918642
166_115,s4.674759,s8.915462,s43.382345
166_116,s7.014118,s8.419708,s337.961931
166_117,s8.786967,s6.350874,s241.284563
166_118,s9.216558,s5.598540,s290.079996
166_119,s2.667444,s7.537353,s50.790775
166_120,s9.211381,s6.564658,s302.213158
166_121,s9.477394,s1.263939,s215.579086
166_122,s6.382738,s8.765167,s36.427553
166_123,s9.674134,s4.489767,s219.492421
166_124,s7.616694,s8.633674,s344.369125
166_125,s4.243802,s8.139415,s355.086780
166_126,s9.016514,s4.009016,s344.329466
166_127,s8.349361,s9.517995,s144.007454
166_128,s2.995778,s8.898135,s31.637600
166_129,s8.254502,s8.539622,s292.664957
166_130,s8.694641,s6.923929,s292.859425
166_131,s9.224762,s9.325072,s321.735986
166_132,s9.456322,s1.658262,s286.492753
166_133,s5.598450,s0.754921,s152.273798
166_134,s7.510584,s0.862099,s231.109558
166_135,s1.760598,s5.501383,s184.259798
166_136,s1.382895,s4.483332,s75.830519
166_137,s6.774931,s0.834540,s202.443904
166_138,s3.114757,s7.246308,s12.027672
166_139,s0.985378,s3.024512,s86.444984
166_140,s9.997143,s5.417396,s348.322517
166_141,s3.534004,s7.714089,s0.226860
166_142,s8.131349,s1.408715,s254.021280
166_143,s1.308808,s6.796529,s29.074356
166_144,s5.283362,s9.196035,s322.676255
166_145,s0.765698,s6.449222,s106.839019
166_146,s1.289182,s1.964708,s134.528156
166_147,s7.255074,s9.338967,s312.739333
166_148,s8.826846,s8.211217,s259.944915
166_149,s4.882745,s9.420332,s5.785075
166_150,s3.468578,s9.423676,s346.269327
166_151,s3.010074,s8.088645,s35.041927
166_152,s0.812230,s0.739176,s245.798562
166_153,s1.930360,s7.583800,s0.010022
166_154,s4.203282,s0.731848,s156.178737
166_155,s9.760946,s3.305778,s246.108127
166_156,s1.257774,s3.620548,s15.637948
166_157,s1.591040,s3.007786,s137.000977
166_158,s2.356487,s2.899093,s175.941904
166_159,s6.402140,s9.463224,s56.309458
166_160,s2.217974,s7.113943,s79.003583
166_161,s9.611935,s7.537864,s248.610474
166_162,s9.673285,s6.314224,s280.000000
166_163,s1.219989,s5.541898,s70.399109
166_164,s1.314552,s9.253484,s354.639584
166_165,s4.193545,s9.700653,s9.479035
167_0,s4.637309,s3.648233,s155.083789
167_1,s5.493289,s3.741335,s206.180148
167_2,s4.762042,s4.734396,s146.259059
167_3,s4.385632,s2.792871,s124.051521
167_4,s4.942021,s2.808357,s169.902738
167_5,s5.272656,s3.278183,s111.625215
167_6,s5.172055,s4.582485,s334.853987
167_7,s5.407414,s4.250461,s245.830198
167_8,s6.107718,s2.625774,s224.211385
167_9,s6.810407,s3.132670,s174.817882
167_10,s5.568730,s2.965627,s185.317027
167_11,s5.161912,s3.812674,s66.172135
167_12,s6.050462,s3.668924,s316.598268
167_13,s4.006208,s3.476544,s172.763098
167_14,s5.706693,s4.773225,s305.629873
167_15,s6.796974,s4.193129,s287.151329
167_16,s6.132087,s3.260948,s222.360085
167_17,s6.546917,s3.641792,s276.592573
167_18,s5.666431,s5.261629,s340.309550
167_19,s4.233738,s4.591163,s64.270949
167_20,s4.928779,s5.033585,s37.588747
167_21,s6.127402,s4.317114,s344.327548
167_22,s1.813218,s1.348455,s142.652235
167_23,s5.117399,s5.558184,s296.109201
167_24,s4.719180,s5.843099,s32.026723
167_25,s6.276559,s5.496677,s15.414033
167_26,s3.886873,s5.583529,s320.426147
167_27,s6.607280,s5.330718,s264.327577
167_28,s7.354924,s3.266470,s170.356629
167_29,s6.595041,s4.787514,s246.083806
167_30,s3.326512,s6.060176,s347.055037
167_31,s8.112345,s2.927921,s207.286011
167_32,s7.009844,s5.898568,s83.689669
167_33,s7.164006,s4.874049,s307.116602
167_34,s6.445424,s6.363428,s289.256917
167_35,s7.313903,s5.603396,s282.302437
167_36,s7.597435,s4.674276,s218.011258
167_37,s5.218576,s6.011760,s345.289643
167_38,s5.762911,s6.206587,s318.427250
167_39,s8.070108,s5.413257,s170.984218
167_40,s7.562402,s2.630870,s249.437534
167_41,s7.445635,s3.810821,s219.182966
167_42,s7.292574,s6.145132,s331.841808
167_43,s5.859349,s6.808224,s38.217527
167_44,s4.091260,s6.302965,s47.065366
167_45,s8.073093,s3.965511,s251.525050
167_46,s7.928469,s6.478557,s21.511714
167_47,s6.592159,s6.798027,s336.918446
167_48,s3.962264,s6.972587,s279.790248
167_49,s9.800269,s9.510003,s314.291170
167_50,s6.057282,s2.110016,s131.186868
167_51,s8.328610,s4.414491,s5.356552
167_52,s8.701547,s7.396606,s25.829000
167_53,s8.278702,s3.489599,s215.283492
167_54,s3.885072,s4.214876,s107.265513
167_55,s7.195007,s6.913971,s19.764960
167_56,s4.746174,s6.425878,s309.022980
167_57,s4.997392,s7.041564,s30.452969
167_58,s3.828577,s5.228938,s117.790990
167_59,s8.121874,s1.993208,s68.804773
167_60,s8.160007,s5.967965,s338.852693
167_61,s5.281620,s1.563639,s69.345801
167_62,s6.079272,s7.202374,s295.314660
167_63,s6.503432,s1.892055,s224.292678
167_64,s8.696751,s4.749432,s297.606551
167_65,s9.027178,s3.590247,s284.188123
167_66,s9.554994,s4.976564,s266.172151
167_67,s8.495540,s5.649447,s229.383757
167_68,s6.946229,s2.342780,s184.183221
167_69,s5.829225,s1.476808,s177.810875
167_70,s3.483417,s4.493474,s67.051797
167_71,s3.692646,s3.642232,s70.380157
167_72,s7.395263,s1.831305,s198.734904
167_73,s8.928854,s3.009270,s227.574887
167_74,s4.903486,s1.186498,s251.626117
167_75,s6.462343,s1.378005,s143.276084
167_76,s3.551573,s2.895098,s36.325632
167_77,s8.511216,s1.844520,s237.260020
167_78,s4.543470,s1.560101,s93.565123
167_79,s3.013932,s6.713431,s166.019064
167_80,s9.963348,s1.408823,s181.148734
167_81,s4.327393,s2.184106,s83.608301
167_82,s2.959756,s4.192980,s27.509791
167_83,s3.016828,s3.045319,s133.487089
167_84,s2.458740,s4.360259,s97.499061
167_85,s3.443397,s5.547963,s84.565930
167_86,s2.676684,s5.147445,s70.529111
167_87,s2.828964,s3.540563,s58.076118
167_88,s4.868754,s0.641278,s135.904616
167_89,s5.697700,s7.501406,s10.683472
167_90,s7.506653,s7.283918,s336.202683
167_91,s3.682437,s1.945394,s169.271009
167_92,s5.126872,s7.721013,s333.848083
167_93,s6.092155,s7.788873,s278.497376
167_94,s8.161350,s6.992118,s351.908428
167_95,s2.595554,s5.848437,s57.675100
167_96,s4.262516,s7.498356,s59.211519
167_97,s3.676801,s8.646139,s335.700198
167_98,s3.074625,s2.195135,s68.186470
167_99,s7.206876,s7.862242,s320.123857
167_100,s2.056987,s4.810840,s132.068309
167_101,s0.776447,s7.884187,s212.182542
167_102,s2.186049,s8.433564,s67.923761
167_103,s5.644951,s8.462131,s0.103534
167_104,s2.397678,s3.355188,s97.240120
167_105,s4.728072,s7.840417,s25.287596
167_106,s2.040710,s3.758359,s76.744234
167_107,s1.799980,s5.865195,s8.335234
167_108,s2.569453,s1.855614,s76.812762
167_109,s6.287115,s8.418300,s230.434429
167_110,s2.478719,s6.477842,s9.331424
167_111,s2.969575,s0.709983,s105.088630
167_112,s3.256415,s1.643756,s110.275221
167_113,s3.406137,s6.915216,s335.997343
167_114,s4.839922,s8.386867,s312.918642
167_115,s4.527480,s8.868686,s43.382345
167_116,s6.866839,s8.372932,s337.961931
167_117,s8.639689,s6.304098,s241.284563
167_118,s9.069280,s5.551763,s290.079996
167_119,s2.520166,s7.490576,s50.790775
167_120,s9.064102,s6.517882,s302.213158
167_121,s9.330116,s1.217162,s215.579086
167_122,s6.235459,s8.718390,s36.427553
167_123,s9.467036,s4.423367,s221.933533
167_124,s7.469415,s8.586898,s344.369125
167_125,s4.096523,s8.092638,s355.086780
167_126,s8.869235,s3.962240,s344.329466
167_127,s8.066747,s10.127467,s128.585284
167_128,s2.875553,s8.807653,s31.637600
167_129,s8.036066,s8.415130,s296.159422
167_130,s8.547362,s6.877153,s292.859425
167_131,s8.866710,s9.632472,s321.735986
167_132,s9.309044,s1.611486,s286.492753
167_133,s5.451171,s0.708145,s152.273798
167_134,s7.351995,s0.837271,s238.013006
167_135,s1.628619,s5.453554,s184.259798
167_136,s1.283148,s4.446128,s75.830519
167_137,s6.621381,s0.805864,s202.443904
167_138,s2.976346,s7.191277,s12.027672
167_139,s0.976481,s3.050374,s73.253981
167_140,s9.978885,s5.432938,s339.563137
167_141,s3.386725,s7.667313,s0.226860
167_142,s7.937894,s1.423461,s254.021280
167_143,s1.295753,s6.697027,s30.002425
167_144,s5.136083,s9.149259,s322.676255
167_145,s0.765698,s6.258187,s106.839019
167_146,s0.627081,s2.537091,s161.883282
167_147,s6.823140,s9.673554,s312.739333
167_148,s8.679567,s8.164441,s259.944915
167_149,s4.735466,s9.373555,s5.785075
167_150,s3.351511,s9.306027,s346.269327
167_151,s2.862795,s8.041869,s35.041927
167_152,s0.687999,s0.715902,s322.184528
167_153,s1.810216,s7.517888,s25.225611
167_154,s3.832120,s0.952467,s160.202986
167_155,s9.613668,s3.259002,s246.108127
167_156,s1.139071,s3.585526,s15.637948
167_157,s1.520094,s3.007933,s125.391619
167_158,s2.209208,s2.852317,s160.318982
167_159,s5.863462,s9.838751,s56.309458
167_160,s2.081814,s7.060367,s79.003583
167_161,s9.398283,s7.456221,s248.610474
167_162,s9.526006,s6.267447,s280.000000
167_163,s1.072710,s5.495122,s70.399109
167_164,s1.235395,s9.137425,s354.639584
167_165,s4.046267,s9.653877,s354.278790
167_166,s0.633900,s4.135075,s131.277580
168_0,s4.602447,s3.648233,s155.083789
168_1,s5.458428,s3.741335,s206.180148
168_2,s4.727181,s4.734396,s146.259059
168_3,s4.350771,s2.792871,s124.051521
168_4,s4.907160,s2.808357,s169.902738
168_5,s5.237795,s3.278183,s111.625215
168_6,s5.137194,s4.582485,s334.853987
168_7,s5.372553,s4.250461,s245.830198
168_8,s6.072857,s2.625774,s224.211385
168_9,s6.775546,s3.132670,s174.817882
168_10,s5.533868,s2.965627,s185.317027
168_11,s5.127051,s3.812674,s66.172135
168_12,s6.015601,s3.668924,s316.598268
168_13,s3.971346,s3.476544,s172.763098
168_14,s5.671831,s4.773225,s305.629873
168_15,s6.762112,s4.193129,s287.151329
168_16,s6.097226,s3.260948,s222.360085
168_17,s6.512056,s3.641792,s276.592573
168_18,s5.631569,s5.261629,s340.309550
168_19,s4.198877,s4.591163,s64.270949
168_20,s4.893918,s5.033585,s37.588747
168_21,s6.092541,s4.317114,s344.327548
168_22,s1.854347,s1.434895,s142.652235
168_23,s5.082538,s5.558184,s296.109201
168_24,s4.684319,s5.843099,s32.026723
168_25,s6.241697,s5.496677,s15.414033
168_26,s3.852012,s5.583529,s320.426147
168_27,s6.572419,s5.330718,s264.327577
168_28,s7.320063,s3.266470,s170.356629
168_29,s6.560180,s4.787514,s246.083806
168_30,s3.291651,s6.060176,s347.055037
168_31,s8.077484,s2.927921,s207.286011
168_32,s6.974983,s5.898568,s83.689669
168_33,s7.129145,s4.874049,s307.116602
168_34,s6.410563,s6.363428,s289.256917
168_35,s7.279042,s5.603396,s282.302437
168_36,s7.562574,s4.674276,s218.011258
168_37,s5.183714,s6.011760,s345.289643
168_38,s5.728050,s6.206587,s318.427250
168_39,s8.035247,s5.413257,s170.984218
168_40,s7.527541,s2.630870,s249.437534
168_41,s7.410774,s3.810821,s219.182966
168_42,s7.257713,s6.145132,s331.841808
168_43,s5.824488,s6.808224,s38.217527
168_44,s4.056399,s6.302965,s47.065366
168_45,s8.038232,s3.965511,s251.525050
168_46,s7.893608,s6.478557,s21.511714
168_47,s6.557298,s6.798027,s336.918446
168_48,s3.927403,s6.972587,s279.790248
168_49,s9.640307,s9.392712,s314.291170
168_50,s6.022421,s2.110016,s131.186868
168_51,s8.293749,s4.414491,s5.356552
168_52,s8.666686,s7.396606,s25.829000
168_53,s8.243841,s3.489599,s215.283492
168_54,s3.850211,s4.214876,s107.265513
168_55,s7.160146,s6.913971,s19.764960
168_56,s4.711313,s6.425878,s309.022980
168_57,s4.962530,s7.041564,s30.452969
168_58,s3.793715,s5.228938,s117.790990
168_59,s8.079479,s2.001405,s68.804773
168_60,s8.125146,s5.967965,s338.852693
168_61,s5.246759,s1.563639,s69.345801
168_62,s6.044411,s7.202374,s295.314660
168_63,s6.468571,s1.892055,s224.292678
168_64,s8.661890,s4.749432,s297.606551
168_65,s8.992317,s3.590247,s284.188123
168_66,s9.520132,s4.976564,s266.172151
168_67,s8.460679,s5.649447,s229.383757
168_68,s6.911368,s2.342780,s184.183221
168_69,s5.794364,s1.476808,s177.810875
168_70,s3.448556,s4.493474,s67.051797
168_71,s3.657785,s3.642232,s70.380157
168_72,s7.360402,s1.831305,s198.734904
168_73,s8.876780,s3.019161,s227.574887
168_74,s4.868625,s1.186498,s251.626117
168_75,s6.427482,s1.378005,s143.276084
168_76,s3.516711,s2.895098,s36.325632
168_77,s8.476354,s1.844520,s221.433263
168_78,s4.508609,s1.560101,s93.565123
168_79,s2.979070,s6.713431,s166.019064
168_80,s9.919078,s1.416249,s193.920183
168_81,s4.292532,s2.184106,s83.608301
168_82,s2.924895,s4.192980,s27.509791
168_83,s2.981967,s3.045319,s133.487089
168_84,s2.423879,s4.360259,s97.499061
168_85,s3.408536,s5.547963,s84.565930
168_86,s2.641823,s5.147445,s70.529111
168_87,s2.794103,s3.540563,s58.076118
168_88,s4.837060,s0.687229,s135.904616
168_89,s5.662839,s7.501406,s10.683472
168_90,s7.471792,s7.283918,s336.202683
168_91,s3.647575,s1.945394,s169.271009
168_92,s5.092011,s7.721013,s333.848083
168_93,s6.057294,s7.788873,s278.497376
168_94,s8.126489,s6.992118,s351.908428
168_95,s2.560693,s5.848437,s57.675100
168_96,s4.227655,s7.498356,s59.211519
168_97,s3.641940,s8.646139,s335.700198
168_98,s3.039764,s2.195135,s68.186470
168_99,s7.172015,s7.862242,s320.123857
168_100,s2.022125,s4.810840,s132.068309
168_101,s0.763939,s7.870376,s212.182542
168_102,s2.173920,s8.408722,s69.720022
168_103,s5.610090,s8.462131,s0.103534
168_104,s2.362817,s3.355188,s97.240120
168_105,s4.693211,s7.840417,s25.287596
168_106,s2.015677,s3.762836,s76.744234
168_107,s1.814033,s5.855125,s8.335234
168_108,s2.549617,s1.874739,s76.812762
168_109,s6.252254,s8.418300,s230.434429
168_110,s2.443858,s6.477842,s9.331424
168_111,s2.974931,s0.791408,s105.088630
168_112,s3.221554,s1.643756,s110.275221
168_113,s3.371276,s6.915216,s335.997343
168_114,s4.805061,s8.386867,s312.918642
168_115,s4.492619,s8.868686,s43.382345
168_116,s6.831978,s8.372932,s337.961931
168_117,s8.604827,s6.304098,s241.284563
168_118,s9.034418,s5.551763,s290.079996
168_119,s2.485304,s7.490576,s50.790775
168_120,s9.029241,s6.517882,s302.213158
168_121,s9.241643,s1.268126,s215.579086
168_122,s6.200598,s8.718390,s36.427553
168_123,s9.349041,s4.438157,s221.933533
168_124,s7.745408,s8.973712,s344.369125
168_125,s4.061662,s8.092638,s355.086780
168_126,s8.834374,s3.962240,s344.329466
168_127,s8.007084,s10.085066,s135.370261
168_128,s2.875719,s8.752430,s31.637600
168_129,s7.917898,s8.320633,s296.159422
168_130,s8.512501,s6.877153,s292.859425
168_131,s8.809468,s9.605507,s321.735986
168_132,s9.205439,s1.670607,s286.492753
168_133,s5.416310,s0.708145,s152.273798
168_134,s7.267284,s0.936931,s238.013006
168_135,s1.593758,s5.453554,s184.259798
168_136,s1.273331,s4.450734,s75.830519
168_137,s6.568428,s0.861032,s202.443904
168_138,s2.941484,s7.191277,s12.027672
168_139,s0.959603,s3.059430,s73.253981
168_140,s9.797539,s5.424983,s339.563137
168_141,s3.351864,s7.667313,s0.226860
168_142,s7.903033,s1.423461,s254.021280
168_143,s1.359034,s6.658678,s30.002425
168_144,s5.101222,s9.149259,s322.676255
168_145,s0.765698,s6.249550,s106.839019
168_146,s0.670257,s2.582148,s161.883282
168_147,s6.743358,s9.550453,s312.739333
168_148,s8.644706,s8.164441,s259.944915
168_149,s4.700605,s9.373555,s5.785075
168_150,s3.381238,s9.159905,s346.269327
168_151,s2.843078,s8.023184,s35.041927
168_152,s0.675592,s0.738267,s342.565468
168_153,s1.775355,s7.517888,s25.225611
168_154,s3.807665,s0.985240,s160.202986
168_155,s9.541187,s3.275259,s246.108127
168_156,s1.104209,s3.585526,s15.637948
168_157,s1.541328,s3.041267,s125.391619
168_158,s2.174347,s2.852317,s160.318982
168_159,s5.828601,s9.838751,s56.309458
168_160,s2.046953,s7.060367,s79.003583
168_161,s9.352946,s7.450536,s248.610474
168_162,s9.491145,s6.267447,s280.000000
168_163,s1.052697,s5.493929,s70.399109
168_164,s1.212791,s9.125126,s354.639584
168_165,s4.011405,s9.653877,s323.309750
168_166,s0.634543,s4.143214,s131.277580
168_167,s1.579475,s2.488165,s180.000000
169_0,s4.569122,s3.648233,s155.083789
169_1,s5.425103,s3.741335,s206.180148
169_2,s4.693856,s4.734396,s146.259059
169_3,s4.317446,s2.792871,s124.051521
169_4,s4.873835,s2.808357,s169.902738
169_5,s5.204469,s3.278183,s111.625215
169_6,s5.103869,s4.582485,s334.853987
169_7,s5.339227,s4.250461,s245.830198
169_8,s6.039532,s2.625774,s224.211385
169_9,s6.742221,s3.132670,s174.817882
169_10,s5.500543,s2.965627,s185.317027
169_11,s5.093726,s3.812674,s66.172135
169_12,s5.982276,s3.668924,s316.598268
169_13,s3.938021,s3.476544,s172.763098
169_14,s5.638506,s4.773225,s305.629873
169_15,s6.728787,s4.193129,s287.151329
169_16,s6.063900,s3.260948,s222.360085
169_17,s6.478731,s3.641792,s276.592573
169_18,s5.598244,s5.261629,s340.309550
169_19,s4.165552,s4.591163,s64.270949
169_20,s4.860593,s5.033585,s37.588747
169_21,s6.059216,s4.317114,s344.327548
169_22,s1.860261,s1.478782,s142.652235
169_23,s5.049213,s5.558184,s296.109201
169_24,s4.650994,s5.843099,s32.026723
169_25,s6.208372,s5.496677,s15.414033
169_26,s3.818687,s5.583529,s320.426147
169_27,s6.539094,s5.330718,s264.327577
169_28,s7.286738,s3.266470,s170.356629
169_29,s6.526855,s4.787514,s246.083806
169_30,s3.258326,s6.060176,s347.055037
169_31,s8.044159,s2.927921,s207.286011
169_32,s6.941657,s5.898568,s83.689669
169_33,s7.095820,s4.874049,s307.116602
169_34,s6.377238,s6.363428,s289.256917
169_35,s7.245717,s5.603396,s282.302437
169_36,s7.529248,s4.674276,s218.011258
169_37,s5.150389,s6.011760,s345.289643
169_38,s5.694725,s6.206587,s318.427250
169_39,s8.001922,s5.413257,s170.984218
169_40,s7.494216,s2.630870,s249.437534
169_41,s7.377449,s3.810821,s219.182966
169_42,s7.224388,s6.145132,s331.841808
169_43,s5.791163,s6.808224,s38.217527
169_44,s4.023073,s6.302965,s47.065366
169_45,s8.004907,s3.965511,s251.525050
169_46,s7.860283,s6.478557,s21.511714
169_47,s6.523973,s6.798027,s336.918446
169_48,s3.894078,s6.972587,s279.790248
169_49,s9.479938,s9.272048,s314.291170
169_50,s5.989096,s2.110016,s131.186868
169_51,s8.260424,s4.414491,s5.356552
169_52,s8.633361,s7.396606,s25.829000
169_53,s8.210516,s3.489599,s215.283492
169_54,s3.816886,s4.214876,s107.265513
169_55,s7.126821,s6.913971,s19.764960
169_56,s4.677988,s6.425878,s309.022980
169_57,s4.929205,s7.041564,s30.452969
169_58,s3.760390,s5.228938,s117.790990
169_59,s8.046154,s2.001405,s68.804773
169_60,s8.091821,s5.967965,s338.852693
169_61,s5.213434,s1.563639,s69.345801
169_62,s6.011086,s7.202374,s295.314660
169_63,s6.435246,s1.892055,s224.292678
169_64,s8.628565,s4.749432,s297.606551
169_65,s8.958992,s3.590247,s284.188123
169_66,s9.486807,s4.976564,s266.172151
169_67,s8.427354,s5.649447,s229.383757
169_68,s6.878043,s2.342780,s184.183221
169_69,s5.761039,s1.476808,s177.810875
169_70,s3.415231,s4.493474,s67.051797
169_71,s3.624460,s3.642232,s70.380157
169_72,s7.327077,s1.831305,s198.734904
169_73,s8.843454,s3.019161,s227.574887
169_74,s4.835299,s1.186498,s251.626117
169_75,s6.394157,s1.378005,s143.276084
169_76,s3.483386,s2.895098,s36.325632
169_77,s8.443029,s1.844520,s221.433263
169_78,s4.475283,s1.560101,s93.565123
169_79,s2.945745,s6.713431,s166.019064
169_80,s9.885753,s1.416249,s193.920183
169_81,s4.259207,s2.184106,s83.608301
169_82,s2.891570,s4.192980,s27.509791
169_83,s2.948642,s3.045319,s133.487089
169_84,s2.390554,s4.360259,s97.499061
169_85,s3.375211,s5.547963,s84.565930
169_86,s2.608498,s5.147445,s70.529111
169_87,s2.760778,s3.540563,s58.076118
169_88,s4.807853,s0.741508,s135.904616
169_89,s5.629514,s7.501406,s10.683472
169_90,s7.438467,s7.283918,s336.202683
169_91,s3.614250,s1.945394,s169.271009
169_92,s5.058686,s7.721013,s333.848083
169_93,s6.023969,s7.788873,s278.497376
169_94,s8.093164,s6.992118,s351.908428
169_95,s2.527368,s5.848437,s57.675100
169_96,s4.194330,s7.498356,s59.211519
169_97,s3.608615,s8.646139,s335.700198
169_98,s3.006439,s2.195135,s68.186470
169_99,s7.138690,s7.862242,s320.123857
169_100,s1.988800,s4.810840,s132.068309
169_101,s0.746393,s7.860638,s212.182542
169_102,s2.238422,s8.302452,s69.720022
169_103,s5.576765,s8.462131,s0.103534
169_104,s2.329492,s3.355188,s97.240120
169_105,s4.659886,s7.840417,s25.287596
169_106,s1.982352,s3.762836,s76.744234
169_107,s1.780708,s5.855125,s8.335234
169_108,s2.516292,s1.874739,s76.812762
169_109,s6.218929,s8.418300,s230.434429
169_110,s2.410533,s6.477842,s9.331424
169_111,s2.969670,s0.846956,s105.088630
169_112,s3.188229,s1.643756,s110.275221
169_113,s3.337951,s6.915216,s335.997343
169_114,s4.771736,s8.386867,s312.918642
169_115,s4.459294,s8.868686,s43.382345
169_116,s6.798653,s8.372932,s337.961931
169_117,s8.571502,s6.304098,s241.284563
169_118,s9.001093,s5.551763,s290.079996
169_119,s2.451979,s7.490576,s50.790775
169_120,s8.995916,s6.517882,s302.213158
169_121,s9.151224,s1.322654,s215.579086
169_122,s6.167273,s8.718390,s36.427553
169_123,s9.315716,s4.438157,s221.933533
169_124,s7.631148,s8.853602,s344.369125
169_125,s4.028337,s8.092638,s355.086780
169_126,s8.801049,s3.962240,s344.329466
169_127,s7.936429,s10.020075,s135.370261
169_128,s2.855653,s8.731650,s31.637600
169_129,s7.807099,s8.231153,s296.159422
169_130,s8.479176,s6.877153,s292.859425
169_131,s8.719091,s9.535532,s321.735986
169_132,s9.111539,s1.722987,s286.492753
169_133,s5.382985,s0.708145,s152.273798
169_134,s7.205826,s0.993642,s238.013006
169_135,s1.560433,s5.453554,s184.259798
169_136,s1.240006,s4.450734,s75.830519
169_137,s6.526069,s0.888839,s202.443904
169_138,s2.908159,s7.191277,s12.027672
169_139,s0.926278,s3.059430,s73.253981
169_140,s9.752968,s5.424308,s339.563137
169_141,s3.318539,s7.667313,s0.226860
169_142,s7.869708,s1.423461,s254.021280
169_143,s1.325709,s6.658678,s30.002425
169_144,s5.067897,s9.149259,s322.676255
169_145,s0.819009,s6.228028,s106.839019
169_146,s0.654356,s2.592070,s161.883282
169_147,s6.710033,s9.550453,s312.739333
169_148,s8.611381,s8.164441,s259.944915
169_149,s4.667280,s9.373555,s5.785075
169_150,s3.347912,s9.159905,s346.269327
169_151,s2.809753,s8.023184,s35.041927
169_152,s0.674019,s0.769431,s342.565468
169_153,s1.742030,s7.517888,s25.225611
169_154,s3.784485,s1.016237,s160.202986
169_155,s9.434969,s3.306632,s246.108127
169_156,s1.070884,s3.585526,s15.637948
169_157,s1.508003,s3.041267,s125.391619
169_158,s2.141022,s2.852317,s160.318982
169_159,s5.795276,s9.838751,s56.309458
169_160,s2.013628,s7.060367,s79.003583
169_161,s9.319621,s7.450536,s248.610474
169_162,s9.457820,s6.267447,s280.000000
169_163,s1.019371,s5.493929,s70.399109
169_164,s1.238887,s9.065625,s354.639584
169_165,s3.978080,s9.653877,s323.309750
169_166,s0.601218,s4.143214,s131.277580
169_167,s1.546150,s2.488165,s180.000000
169_168,s6.153360,s9.321593,s0.000000
170_0,s4.708027,s3.648233,s155.083789
170_1,s5.564007,s3.741335,s206.180148
170_2,s4.832760,s4.734396,s146.259059
170_3,s4.456351,s2.792871,s124.051521
170_4,s5.012739,s2.808357,s169.902738
170_5,s5.343374,s3.278183,s111.625215
170_6,s5.242773,s4.582485,s334.853987
170_7,s5.478132,s4.250461,s245.830198
170_8,s6.178436,s2.625774,s224.211385
170_9,s6.881125,s3.132670,s174.817882
170_10,s5.639448,s2.965627,s185.317027
170_11,s5.232630,s3.812674,s66.172135
170_12,s6.121181,s3.668924,s316.598268
170_13,s4.076926,s3.476544,s172.763098
170_14,s5.777411,s4.773225,s305.629873
170_15,s6.867692,s4.193129,s287.151329
170_16,s6.202805,s3.260948,s222.360085
170_17,s6.617635,s3.641792,s276.592573
170_18,s5.737149,s5.261629,s340.309550
170_19,s4.304456,s4.591163,s64.270949
170_20,s4.999497,s5.033585,s37.588747
170_21,s6.198121,s4.317114,s344.327548
170_22,s2.109654,s1.605048,s142.652235
170_23,s5.188117,s5.558184,s296.109201
170_24,s4.789898,s5.843099,s32.026723
170_25,s6.347277,s5.496677,s15.414033
170_26,s3.957591,s5.583529,s320.426147
170_27,s6.677998,s5.330718,s264.327577
170_28,s7.425642,s3.266470,s170.356629
170_29,s6.665759,s4.787514,s246.083806
170_30,s3.397230,s6.060176,s347.055037
170_31,s8.183063,s2.927921,s207.286011
170_32,s7.080562,s5.898568,s83.689669
170_33,s7.234724,s4.874049,s307.116602
170_34,s6.516142,s6.363428,s289.256917
170_35,s7.384621,s5.603396,s282.302437
170_36,s7.668153,s4.674276,s218.011258
170_37,s5.289294,s6.011760,s345.289643
170_38,s5.833630,s6.206587,s318.427250
170_39,s8.140826,s5.413257,s170.984218
170_40,s7.633120,s2.630870,s249.437534
170_41,s7.516353,s3.810821,s219.182966
170_42,s7.363293,s6.145132,s331.841808
170_43,s5.930068,s6.808224,s38.217527
170_44,s4.161978,s6.302965,s47.065366
170_45,s8.143811,s3.965511,s251.525050
170_46,s7.999187,s6.478557,s21.511714
170_47,s6.662877,s6.798027,s336.918446
170_48,s4.032982,s6.972587,s279.790248
170_49,s9.600176,s9.254601,s314.291170
170_50,s6.128000,s2.110016,s131.186868
170_51,s8.399329,s4.414491,s5.356552
170_52,s8.772265,s7.396606,s25.829000
170_53,s8.349421,s3.489599,s215.283492
170_54,s3.955790,s4.214876,s107.265513
170_55,s7.265725,s6.913971,s19.764960
170_56,s4.816893,s6.425878,s309.022980
170_57,s5.068110,s7.041564,s30.452969
170_58,s3.899295,s5.228938,s117.790990
170_59,s8.185058,s2.001405,s68.804773
170_60,s8.230725,s5.967965,s338.852693
170_61,s5.352339,s1.563639,s69.345801
170_62,s6.149991,s7.202374,s295.314660
170_63,s6.574150,s1.892055,s224.292678
170_64,s8.767469,s4.749432,s297.606551
170_65,s9.097897,s3.590247,s284.188123
170_66,s9.625712,s4.976564,s266.172151
170_67,s8.566258,s5.649447,s229.383757
170_68,s7.016948,s2.342780,s184.183221
170_69,s5.899944,s1.476808,s177.810875
170_70,s3.554135,s4.493474,s67.051797
170_71,s3.763364,s3.642232,s70.380157
170_72,s7.465981,s1.831305,s198.734904
170_73,s8.982359,s3.019161,s227.574887
170_74,s4.974204,s1.186498,s251.626117
170_75,s6.533062,s1.378005,s143.276084
170_76,s3.622291,s2.895098,s36.325632
170_77,s8.573929,s1.852353,s221.433263
170_78,s4.614188,s1.560101,s93.565123
170_79,s3.084650,s6.713431,s166.019064
170_80,s10.012443,s1.425708,s193.920183
170_81,s4.398111,s2.184106,s83.608301
170_82,s3.030474,s4.192980,s27.509791
170_83,s3.087547,s3.045319,s133.487089
170_84,s2.529458,s4.360259,s97.499061
170_85,s3.514115,s5.547963,s84.565930
170_86,s2.747402,s5.147445,s70.529111
170_87,s2.899683,s3.540563,s58.076118
170_88,s4.946758,s0.741508,s135.904616
170_89,s5.768418,s7.501406,s10.683472
170_90,s7.577372,s7.283918,s336.202683
170_91,s3.753155,s1.945394,s169.271009
170_92,s5.197591,s7.721013,s333.848083
170_93,s6.162873,s7.788873,s278.497376
170_94,s8.232068,s6.992118,s351.908428
170_95,s2.666272,s5.848437,s57.675100
170_96,s4.333235,s7.498356,s59.211519
170_97,s3.747519,s8.646139,s335.700198
170_98,s3.145343,s2.195135,s68.186470
170_99,s7.277595,s7.862242,s320.123857
170_100,s2.127705,s4.810840,s132.068309
170_101,s0.953160,s7.818030,s212.182542
170_102,s2.377326,s8.302452,s69.720022
170_103,s5.715670,s8.462131,s0.103534
170_104,s2.468397,s3.355188,s97.240120
170_105,s4.798791,s7.840417,s25.287596
170_106,s2.121256,s3.762836,s76.744234
170_107,s1.919613,s5.855125,s8.335234
170_108,s2.655196,s1.874739,s76.812762
170_109,s6.357833,s8.418300,s230.434429
170_110,s2.549437,s6.477842,s9.331424
170_111,s3.146564,s0.924757,s105.088630
170_112,s3.327133,s1.643756,s110.275221
170_113,s3.476855,s6.915216,s335.997343
170_114,s4.910640,s8.386867,s312.918642
170_115,s4.598198,s8.868686,s43.382345
170_116,s6.937558,s8.372932,s337.961931
170_117,s8.710407,s6.304098,s241.284563
170_118,s9.139998,s5.551763,s290.079996
170_119,s2.590884,s7.490576,s50.790775
170_120,s9.134820,s6.517882,s302.213158
170_121,s9.281186,s1.331030,s215.579086
170_122,s6.306177,s8.718390,s36.427553
170_123,s9.454621,s4.438157,s221.933533
170_124,s7.691417,s8.739780,s344.369125
170_125,s4.167242,s8.092638,s355.086780
170_126,s8.939954,s3.962240,s344.329466
170_127,s8.026726,s9.937529,s135.370261
170_128,s2.994558,s8.731650,s31.637600
170_129,s7.946003,s8.231153,s296.159422
170_130,s8.618080,s6.877153,s292.859425
170_131,s8.817430,s9.486742,s321.735986
170_132,s9.240592,s1.731329,s286.492753
170_133,s5.521889,s0.708145,s152.273798
170_134,s7.344730,s0.993642,s238.013006
170_135,s1.699337,s5.453554,s184.259798
170_136,s1.378910,s4.450734,s75.830519
170_137,s6.664974,s0.888839,s202.443904
170_138,s3.047064,s7.191277,s12.027672
170_139,s1.087395,s3.070632,s73.253981
170_140,s9.891873,s5.424308,s339.563137
170_141,s3.457444,s7.667313,s0.226860
170_142,s8.008612,s1.423461,s254.021280
170_143,s1.485455,s6.650274,s30.002425
170_144,s5.206801,s9.149259,s322.676255
170_145,s1.016700,s6.213084,s106.839019
170_146,s0.812022,s2.602920,s161.883282
170_147,s6.841152,s9.529513,s312.739333
170_148,s8.750285,s8.164441,s259.944915
170_149,s4.806184,s9.373555,s5.785075
170_150,s3.486817,s9.159905,s346.269327
170_151,s2.948657,s8.023184,s35.041927
170_152,s0.898128,s0.854246,s342.565468
170_153,s1.880934,s7.517888,s25.225611
170_154,s3.923390,s1.016237,s160.202986
170_155,s9.563438,s3.311031,s246.108127
170_156,s1.219907,s3.589481,s15.637948
170_157,s1.646908,s3.041267,s125.391619
170_158,s2.279927,s2.852317,s160.318982
170_159,s5.934180,s9.838751,s56.309458
170_160,s2.152532,s7.060367,s79.003583
170_161,s9.458525,s7.450536,s248.610474
170_162,s9.596725,s6.267447,s280.000000
170_163,s1.158276,s5.493929,s70.399109
170_164,s1.477895,s8.963259,s354.639584
170_165,s4.116985,s9.653877,s323.309750
170_166,s0.740122,s4.143214,s131.277580
170_167,s1.685054,s2.488165,s180.000000
170_168,s6.288517,s9.307116,s0.000000
170_169,s0.514230,s4.579623,s40.000000
171_0,s4.708027,s3.713799,s155.083789
171_1,s5.564007,s3.806902,s206.180148
171_2,s4.832760,s4.799963,s146.259059
171_3,s4.456351,s2.858438,s124.051521
171_4,s5.012739,s2.873924,s169.902738
171_5,s5.343374,s3.343750,s111.625215
171_6,s5.242773,s4.648051,s334.853987
171_7,s5.478132,s4.316027,s245.830198
171_8,s6.178436,s2.691341,s224.211385
171_9,s6.881125,s3.198237,s174.817882
171_10,s5.639448,s3.031194,s185.317027
171_11,s5.232630,s3.878241,s66.172135
171_12,s6.121181,s3.734491,s316.598268
171_13,s4.076926,s3.542111,s172.763098
171_14,s5.777411,s4.838791,s305.629873
171_15,s6.867692,s4.258696,s287.151329
171_16,s6.202805,s3.326515,s222.360085
171_17,s6.617635,s3.707359,s276.592573
171_18,s5.737149,s5.327195,s340.309550
171_19,s4.304456,s4.656730,s64.270949
171_20,s4.999497,s5.099151,s37.588747
171_21,s6.198121,s4.382680,s344.327548
171_22,s2.150476,s1.716799,s142.652235
171_23,s5.188117,s5.623750,s296.109201
171_24,s4.789898,s5.908666,s32.026723
171_25,s6.347277,s5.562243,s15.414033
171_26,s3.957591,s5.649095,s320.426147
171_27,s6.677998,s5.396284,s264.327577
171_28,s7.425642,s3.332036,s170.356629
171_29,s6.665759,s4.853081,s246.083806
171_30,s3.397230,s6.125743,s347.055037
171_31,s8.183063,s2.993488,s207.286011
171_32,s7.080562,s5.964135,s83.689669
171_33,s7.234724,s4.939616,s307.116602
171_34,s6.516142,s6.428995,s289.256917
171_35,s7.384621,s5.668963,s282.302437
171_36,s7.668153,s4.739842,s218.011258
171_37,s5.289294,s6.077327,s345.289643
171_38,s5.833630,s6.272154,s318.427250
171_39,s8.140826,s5.478824,s170.984218
171_40,s7.633120,s2.696436,s249.437534
171_41,s7.516353,s3.876388,s219.182966
171_42,s7.363293,s6.210699,s331.841808
171_43,s5.930068,s6.873790,s38.217527
171_44,s4.161978,s6.368531,s47.065366
171_45,s8.143811,s4.031078,s251.525050
171_46,s7.999187,s6.544124,s21.511714
171_47,s6.662877,s6.863593,s336.918446
171_48,s4.032982,s7.038153,s279.790248
171_49,s9.536436,s9.260038,s314.291170
171_50,s6.128000,s2.175583,s131.186868
171_51,s8.399329,s4.480057,s5.356552
171_52,s8.772265,s7.462172,s25.829000
171_53,s8.349421,s3.555165,s215.283492
171_54,s3.955790,s4.280443,s107.265513
171_55,s7.265725,s6.979537,s19.764960
171_56,s4.816893,s6.491444,s309.022980
171_57,s5.068110,s7.107131,s30.452969
171_58,s3.899295,s5.294505,s117.790990
171_59,s8.185058,s2.066971,s68.804773
171_60,s8.230725,s6.033532,s338.852693
171_61,s5.352339,s1.629206,s69.345801
171_62,s6.149991,s7.267941,s295.314660
171_63,s6.574150,s1.957621,s224.292678
171_64,s8.767469,s4.814998,s297.606551
171_65,s9.097897,s3.655814,s284.188123
171_66,s9.625712,s5.042131,s266.172151
171_67,s8.566258,s5.715014,s229.383757
171_68,s7.016948,s2.408346,s184.183221
171_69,s5.899944,s1.542375,s177.810875
171_70,s3.554135,s4.559041,s67.051797
171_71,s3.763364,s3.707799,s70.380157
171_72,s7.465981,s1.896872,s198.734904
171_73,s8.982359,s3.084728,s227.574887
171_74,s4.974204,s1.252065,s251.626117
171_75,s6.533062,s1.443571,s143.276084
171_76,s3.622291,s2.960665,s36.325632
171_77,s8.573929,s1.917919,s221.433263
171_78,s4.614188,s1.625668,s93.565123
171_79,s3.084650,s6.778998,s166.019064
171_80,s9.935214,s1.550625,s193.920183
171_81,s4.398111,s2.249673,s83.608301
171_82,s3.030474,s4.258546,s27.509791
171_83,s3.087547,s3.110886,s133.487089
171_84,s2.529458,s4.425826,s97.499061
171_85,s3.514115,s5.613529,s84.565930
171_86,s2.747402,s5.213012,s70.529111
171_87,s2.899683,s3.606129,s58.076118
171_88,s4.946758,s0.807075,s135.904616
171_89,s5.768418,s7.566973,s10.683472
171_90,s7.577372,s7.349484,s336.202683
171_91,s3.753155,s2.010961,s169.271009
171_92,s5.197591,s7.786579,s333.848083
171_93,s6.162873,s7.854439,s278.497376
171_94,s8.232068,s7.057685,s351.908428
171_95,s2.666272,s5.914004,s57.675100
171_96,s4.333235,s7.563922,s59.211519
171_97,s3.747519,s8.711706,s335.700198
171_98,s3.145343,s2.260701,s68.186470
171_99,s7.277595,s7.927809,s320.123857
171_100,s2.127705,s4.876407,s132.068309
171_101,s0.953160,s7.883597,s212.182542
171_102,s2.377326,s8.368018,s69.720022
171_103,s5.715670,s8.527698,s0.103534
171_104,s2.468397,s3.420755,s97.240120
171_105,s4.798791,s7.905984,s25.287596
171_106,s2.121256,s3.828403,s76.744234
171_107,s1.930589,s5.918224,s8.335234
171_108,s2.655196,s1.940306,s76.812762
171_109,s6.357833,s8.483866,s230.434429
171_110,s2.549437,s6.543408,s9.331424
171_111,s3.174103,s1.046194,s105.088630
171_112,s3.327133,s1.709322,s110.275221
171_113,s3.476855,s6.980783,s335.997343
171_114,s4.910640,s8.452434,s312.918642
171_115,s4.598198,s8.934252,s43.382345
171_116,s6.937558,s8.438499,s337.961931
171_117,s8.710407,s6.369664,s241.284563
171_118,s9.139998,s5.617330,s290.079996
171_119,s2.590884,s7.556143,s50.790775
171_120,s9.134820,s6.583449,s302.213158
171_121,s9.264359,s1.412243,s215.579086
171_122,s6.306177,s8.783957,s36.427553
171_123,s9.454621,s4.503724,s221.933533
171_124,s7.656722,s8.754624,s344.369125
171_125,s4.167242,s8.158205,s355.086780
171_126,s8.939954,s4.027807,s344.329466
171_127,s7.971917,s9.909188,s135.370261
171_128,s2.994558,s8.797217,s31.637600
171_129,s7.946003,s8.296720,s296.159422
171_130,s8.618080,s6.942719,s292.859425
171_131,s8.772368,s9.497669,s321.735986
171_132,s9.211123,s1.821647,s286.492753
171_133,s5.521889,s0.773711,s152.273798
171_134,s7.344730,s1.059208,s238.013006
171_135,s1.699337,s5.519121,s184.259798
171_136,s1.378910,s4.516301,s75.830519
171_137,s6.664974,s0.954405,s202.443904
171_138,s3.047064,s7.256844,s12.027672
171_139,s1.097647,s3.141280,s73.253981
171_140,s9.891873,s5.489875,s339.563137
171_141,s3.457444,s7.732879,s0.226860
171_142,s8.008612,s1.489028,s254.021280
171_143,s1.485455,s6.715841,s30.002425
171_144,s5.206801,s9.214826,s322.676255
171_145,s1.091281,s6.259128,s106.839019
171_146,s0.821477,s2.673885,s161.883282
171_147,s6.815788,s9.526349,s312.739333
171_148,s8.750285,s8.230008,s259.944915
171_149,s4.806184,s9.439122,s5.785075
171_150,s3.486817,s9.225472,s346.269327
171_151,s2.948657,s8.088751,s35.041927
171_152,s0.970282,s0.991077,s342.565468
171_153,s1.880934,s7.583454,s25.225611
171_154,s3.923390,s1.081804,s160.202986
171_155,s9.563438,s3.376598,s246.108127
171_156,s1.239144,s3.662399,s15.637948
171_157,s1.646908,s3.106834,s125.391619
171_158,s2.279927,s2.917883,s160.318982
171_159,s5.934180,s9.904318,s56.309458
171_160,s2.152532,s7.125933,s79.003583
171_161,s9.458525,s7.516103,s248.610474
171_162,s9.596725,s6.333014,s280.000000
171_163,s1.158276,s5.559496,s70.399109
171_164,s1.561808,s8.942345,s354.639584
171_165,s4.116985,s9.719444,s323.309750
171_166,s0.766852,s4.214589,s131.277580
171_167,s1.685054,s2.553732,s180.000000
171_168,s6.288517,s9.372683,s0.000000
171_169,s0.514230,s4.645190,s40.000000
171_170,s6.262074,s0.612836,s140.000000
172_0,s4.708027,s3.699020,s155.083789
172_1,s5.564007,s3.792123,s206.180148
172_2,s4.832760,s4.785184,s146.259059
172_3,s4.456351,s2.843659,s124.051521
172_4,s5.012739,s2.859145,s169.902738
172_5,s5.343374,s3.328971,s111.625215
172_6,s5.242773,s4.633272,s334.853987
172_7,s5.478132,s4.301248,s245.830198
172_8,s6.178436,s2.676562,s224.211385
172_9,s6.881125,s3.183458,s174.817882
172_10,s5.639448,s3.016415,s185.317027
172_11,s5.232630,s3.863462,s66.172135
172_12,s6.121181,s3.719712,s316.598268
172_13,s4.076926,s3.527332,s172.763098
172_14,s5.777411,s4.824012,s305.629873
172_15,s6.867692,s4.243917,s287.151329
172_16,s6.202805,s3.311736,s222.360085
172_17,s6.617635,s3.692580,s276.592573
172_18,s5.737149,s5.312416,s340.309550
172_19,s4.304456,s4.641951,s64.270949
172_20,s4.999497,s5.084372,s37.588747
172_21,s6.198121,s4.367901,s344.327548
172_22,s2.150476,s1.702020,s175.255932
172_23,s5.188117,s5.608971,s296.109201
172_24,s4.789898,s5.893887,s32.026723
172_25,s6.347277,s5.547464,s15.414033
172_26,s3.957591,s5.634316,s320.426147
172_27,s6.677998,s5.381505,s264.327577
172_28,s7.425642,s3.317257,s170.356629
172_29,s6.665759,s4.838302,s246.083806
172_30,s3.397230,s6.110963,s347.055037
172_31,s8.183063,s2.978709,s207.286011
172_32,s7.080562,s5.949356,s83.689669
172_33,s7.234724,s4.924837,s307.116602
172_34,s6.516142,s6.414216,s289.256917
172_35,s7.384621,s5.654184,s282.302437
172_36,s7.668153,s4.725063,s218.011258
172_37,s5.289294,s6.062548,s345.289643
172_38,s5.833630,s6.257375,s318.427250
172_39,s8.140826,s5.464045,s170.984218
172_40,s7.633120,s2.681657,s249.437534
172_41,s7.516353,s3.861609,s219.182966
172_42,s7.363293,s6.195920,s331.841808
172_43,s5.930068,s6.859011,s38.217527
172_44,s4.161978,s6.353752,s47.065366
172_45,s8.143811,s4.016299,s251.525050
172_46,s7.999187,s6.529345,s21.511714
172_47,s6.662877,s6.848814,s336.918446
172_48,s4.032982,s7.023374,s279.790248
172_49,s9.707878,s9.255690,s314.291170
172_50,s6.128000,s2.160804,s131.186868
172_51,s8.399329,s4.465278,s5.356552
172_52,s8.772265,s7.447393,s25.829000
172_53,s8.349421,s3.540386,s215.283492
172_54,s3.955790,s4.265664,s107.265513
172_55,s7.265725,s6.964758,s19.764960
172_56,s4.816893,s6.476665,s309.022980
172_57,s5.068110,s7.092352,s30.452969
172_58,s3.899295,s5.279726,s117.790990
172_59,s8.177901,s2.059695,s68.804773
172_60,s8.230725,s6.018753,s338.852693
172_61,s5.352339,s1.614427,s69.345801
172_62,s6.149991,s7.253162,s295.314660
172_63,s6.574150,s1.942842,s224.292678
172_64,s8.767469,s4.800219,s297.606551
172_65,s9.097897,s3.641035,s284.188123
172_66,s9.625712,s5.027352,s274.967206
172_67,s8.566258,s5.700235,s229.383757
172_68,s7.016948,s2.393567,s184.183221
172_69,s5.899944,s1.527596,s177.810875
172_70,s3.554135,s4.544262,s67.051797
172_71,s3.763364,s3.693020,s70.380157
172_72,s7.465981,s1.882093,s198.734904
172_73,s8.982359,s3.069949,s227.574887
172_74,s4.974204,s1.237286,s251.626117
172_75,s6.533062,s1.428792,s143.276084
172_76,s3.622291,s2.945885,s36.325632
172_77,s8.573929,s1.903140,s221.433263
172_78,s4.614188,s1.610889,s93.565123
172_79,s3.084650,s6.764219,s166.019064
172_80,s9.871154,s1.585119,s193.920183
172_81,s4.398111,s2.234894,s83.608301
172_82,s3.030474,s4.243767,s27.509791
172_83,s3.087547,s3.096107,s133.487089
172_84,s2.529458,s4.411047,s97.499061
172_85,s3.514115,s5.598750,s84.565930
172_86,s2.747402,s5.198233,s70.529111
172_87,s2.899683,s3.591350,s58.076118
172_88,s4.946758,s0.792296,s135.904616
172_89,s5.768418,s7.552194,s10.683472
172_90,s7.577372,s7.334705,s336.202683
172_91,s3.753155,s1.996182,s169.271009
172_92,s5.197591,s7.771800,s333.848083
172_93,s6.162873,s7.839660,s278.497376
172_94,s8.232068,s7.042906,s351.908428
172_95,s2.666272,s5.899225,s57.675100
172_96,s4.333235,s7.549143,s59.211519
172_97,s3.747519,s8.696927,s335.700198
172_98,s3.145343,s2.245922,s68.186470
172_99,s7.277595,s7.913030,s320.123857
172_100,s2.127705,s4.861628,s132.068309
172_101,s0.953160,s7.868818,s212.182542
172_102,s2.377326,s8.353239,s69.720022
172_103,s5.715670,s8.512919,s0.103534
172_104,s2.468397,s3.405976,s97.240120
172_105,s4.798791,s7.891205,s25.287596
172_106,s2.121256,s3.813624,s76.744234
172_107,s1.930589,s5.903445,s8.335234
172_108,s2.655196,s1.925527,s76.812762
172_109,s6.357833,s8.469087,s230.434429
172_110,s2.549437,s6.528629,s9.331424
172_111,s3.200447,s1.084900,s105.088630
172_112,s3.327133,s1.694543,s110.275221
172_113,s3.484518,s6.958067,s335.997343
172_114,s4.910640,s8.437655,s312.918642
172_115,s4.598198,s8.919473,s43.382345
172_116,s6.937558,s8.423720,s337.961931
172_117,s8.710407,s6.354885,s241.284563
172_118,s9.139998,s5.602551,s290.079996
172_119,s2.590884,s7.541364,s50.790775
172_120,s9.134820,s6.568670,s302.213158
172_121,s9.238154,s0.786819,s215.579086
172_122,s6.306177,s8.769178,s36.427553
172_123,s9.454621,s4.488945,s221.933533
172_124,s7.649107,s8.728722,s344.369125
172_125,s4.167242,s8.143426,s355.086780
172_126,s8.939954,s4.013028,s344.329466
172_127,s7.942339,s9.843766,s135.370261
172_128,s2.994558,s8.782438,s31.637600
172_129,s7.928076,s8.261528,s296.159422
172_130,s8.618080,s6.927940,s292.859425
172_131,s8.396143,s9.365268,s329.923436
172_132,s9.211123,s1.806868,s286.492753
172_133,s5.521889,s0.758932,s152.273798
172_134,s7.344730,s1.044429,s238.013006
172_135,s1.699337,s5.504342,s153.967899
172_136,s1.378910,s4.501522,s75.830519
172_137,s6.664974,s0.939626,s202.443904
172_138,s3.059069,s7.230568,s12.027672
172_139,s1.097647,s3.126501,s73.253981
172_140,s9.891873,s5.475096,s339.563137
172_141,s3.463188,s7.709754,s0.226860
172_142,s7.994899,s1.492365,s254.021280
172_143,s1.502777,s6.693974,s30.002425
172_144,s5.206801,s9.200047,s322.676255
172_145,s1.091281,s6.244349,s106.839019
172_146,s0.821477,s2.659106,s161.883282
172_147,s6.807529,s9.489207,s312.739333
172_148,s8.750285,s8.215229,s259.944915
172_149,s4.807487,s9.410677,s5.785075
172_150,s3.486817,s9.210693,s346.269327
172_151,s2.948657,s8.073972,s35.041927
172_152,s0.991953,s0.997717,s17.914130
172_153,s1.880934,s7.568675,s25.225611
172_154,s3.923390,s1.067025,s160.202986
172_155,s9.563438,s3.361819,s246.108127
172_156,s1.239144,s3.647620,s15.637948
172_157,s1.646908,s3.092055,s125.391619
172_158,s2.279927,s2.903104,s160.318982
172_159,s5.934180,s9.889539,s56.309458
172_160,s2.152532,s7.111154,s79.003583
172_161,s9.458525,s7.501324,s248.610474
172_162,s9.586369,s6.315520,s280.000000
172_163,s1.158276,s5.544717,s70.399109
172_164,s1.117852,s8.797817,s354.639584
172_165,s4.116985,s9.704665,s323.309750
172_166,s0.766852,s4.199810,s131.277580
172_167,s1.685054,s2.538953,s180.000000
172_168,s6.288517,s9.357904,s0.000000
172_169,s0.514230,s4.630411,s40.000000
172_170,s6.258679,s0.612836,s140.000000
172_171,s3.270842,s9.739590,s40.000000
173_0,s4.708027,s3.699020,s155.083789
173_1,s5.564007,s3.792123,s206.180148
173_2,s4.832760,s4.785184,s146.259059
173_3,s4.456351,s2.843659,s124.051521
173_4,s5.012739,s2.859145,s169.902738
173_5,s5.343374,s3.328971,s111.625215
173_6,s5.242773,s4.633272,s334.853987
173_7,s5.478132,s4.301248,s245.830198
173_8,s6.178436,s2.676562,s224.211385
173_9,s6.881125,s3.183458,s174.817882
173_10,s5.639448,s3.016415,s185.317027
173_11,s5.232630,s3.863462,s66.172135
173_12,s6.121181,s3.719712,s316.598268
173_13,s4.076926,s3.527332,s172.763098
173_14,s5.777411,s4.824012,s305.629873
173_15,s6.867692,s4.243917,s287.151329
173_16,s6.202805,s3.311736,s222.360085
173_17,s6.617635,s3.692580,s276.592573
173_18,s5.737149,s5.312416,s340.309550
173_19,s4.304456,s4.641951,s64.270949
173_20,s4.999497,s5.084372,s37.588747
173_21,s6.198121,s4.367901,s344.327548
173_22,s2.150476,s1.702020,s175.255932
173_23,s5.188117,s5.608971,s296.109201
173_24,s4.789898,s5.893887,s32.026723
173_25,s6.347277,s5.547464,s15.414033
173_26,s3.957591,s5.634316,s320.426147
173_27,s6.677998,s5.381505,s264.327577
173_28,s7.425642,s3.317257,s170.356629
173_29,s6.665759,s4.838302,s246.083806
173_30,s3.397230,s6.110963,s347.055037
173_31,s8.183063,s2.978709,s207.286011
173_32,s7.080562,s5.949356,s83.689669
173_33,s7.234724,s4.924837,s307.116602
173_34,s6.516142,s6.414216,s289.256917
173_35,s7.384621,s5.654184,s282.302437
173_36,s7.668153,s4.725063,s218.011258
173_37,s5.289294,s6.062548,s345.289643
173_38,s5.833630,s6.257375,s318.427250
173_39,s8.140826,s5.464045,s170.984218
173_40,s7.633120,s2.681657,s249.437534
173_41,s7.516353,s3.861609,s219.182966
173_42,s7.363293,s6.195920,s331.841808
173_43,s5.930068,s6.859011,s38.217527
173_44,s4.161978,s6.353752,s47.065366
173_45,s8.143811,s4.016299,s251.525050
173_46,s7.999187,s6.529345,s21.511714
173_47,s6.662877,s6.848814,s336.918446
173_48,s4.032982,s7.023374,s279.790248
173_49,s9.598671,s9.156612,s314.291170
173_50,s6.128000,s2.160804,s131.186868
173_51,s8.399329,s4.465278,s5.356552
173_52,s8.772265,s7.447393,s25.829000
173_53,s8.349421,s3.540386,s215.283492
173_54,s3.955790,s4.265664,s107.265513
173_55,s7.265725,s6.964758,s19.764960
173_56,s4.816893,s6.476665,s309.022980
173_57,s5.068110,s7.092352,s30.452969
173_58,s3.899295,s5.279726,s117.790990
173_59,s8.177901,s2.059695,s68.804773
173_60,s8.230725,s6.018753,s338.852693
173_61,s5.352339,s1.614427,s69.345801
173_62,s6.149991,s7.253162,s295.314660
173_63,s6.574150,s1.942842,s224.292678
173_64,s8.767469,s4.800219,s297.606551
173_65,s9.097897,s3.641035,s284.188123
173_66,s9.625712,s5.027352,s274.967206
173_67,s8.566258,s5.700235,s229.383757
173_68,s7.016948,s2.393567,s184.183221
173_69,s5.899944,s1.527596,s177.810875
173_70,s3.554135,s4.544262,s67.051797
173_71,s3.763364,s3.693020,s70.380157
173_72,s7.465981,s1.882093,s198.734904
173_73,s8.982359,s3.069949,s227.574887
173_74,s4.974204,s1.237286,s251.626117
173_75,s6.533062,s1.428792,s143.276084
173_76,s3.622291,s2.945885,s36.325632
173_77,s8.573929,s1.903140,s221.433263
173_78,s4.614188,s1.610889,s93.565123
173_79,s3.084650,s6.764219,s166.019064
173_80,s9.799065,s1.640675,s193.920183
173_81,s4.398111,s2.234894,s83.608301
173_82,s3.030474,s4.243767,s27.509791
173_83,s3.087547,s3.096107,s133.487089
173_84,s2.529458,s4.411047,s97.499061
173_85,s3.514115,s5.598750,s84.565930
173_86,s2.747402,s5.198233,s70.529111
173_87,s2.899683,s3.591350,s58.076118
173_88,s4.946758,s0.792296,s135.904616
173_89,s5.768418,s7.552194,s10.683472
173_90,s7.577372,s7.334705,s336.202683
173_91,s3.753155,s1.996182,s169.271009
173_92,s5.197591,s7.771800,s333.848083
173_93,s6.162873,s7.839660,s278.497376
173_94,s8.232068,s7.042906,s351.908428
173_95,s2.666272,s5.899225,s57.675100
173_96,s4.333235,s7.549143,s59.211519
173_97,s3.747519,s8.696927,s335.700198
173_98,s3.145343,s2.245922,s68.186470
173_99,s7.277595,s7.913030,s320.123857
173_100,s2.127705,s4.861628,s132.068309
173_101,s0.953160,s7.868818,s212.182542
173_102,s2.377326,s8.353239,s69.720022
173_103,s5.715670,s8.512919,s0.103534
173_104,s2.468397,s3.405976,s97.240120
173_105,s4.798791,s7.891205,s25.287596
173_106,s2.121256,s3.813624,s76.744234
173_107,s1.930589,s5.903445,s8.335234
173_108,s2.655196,s1.925527,s76.812762
173_109,s6.357833,s8.469087,s230.434429
173_110,s2.549437,s6.528629,s9.331424
173_111,s3.200447,s1.084900,s105.088630
173_112,s3.327133,s1.694543,s110.275221
173_113,s3.484518,s6.958067,s335.997343
173_114,s4.910640,s8.437655,s312.918642
173_115,s4.598198,s8.919473,s43.382345
173_116,s6.937558,s8.423720,s337.961931
173_117,s8.710407,s6.354885,s241.284563
173_118,s9.139998,s5.602551,s290.079996
173_119,s2.590884,s7.541364,s50.790775
173_120,s9.134820,s6.568670,s302.213158
173_121,s9.197776,s0.830833,s215.579086
173_122,s6.306177,s8.769178,s36.427553
173_123,s9.454621,s4.488945,s221.933533
173_124,s7.597918,s8.654126,s344.369125
173_125,s4.167242,s8.143426,s355.086780
173_126,s8.939954,s4.013028,s344.329466
173_127,s7.942339,s9.843766,s135.370261
173_128,s2.994558,s8.782438,s31.637600
173_129,s7.928076,s8.261528,s296.159422
173_130,s8.618080,s6.927940,s292.859425
173_131,s8.290466,s9.226268,s329.923436
173_132,s9.150831,s1.857657,s286.492753
173_133,s5.521889,s0.758932,s152.273798
173_134,s7.344730,s1.044429,s238.013006
173_135,s1.699337,s5.504342,s153.967899
173_136,s1.378910,s4.501522,s75.830519
173_137,s6.664974,s0.939626,s202.443904
173_138,s3.059069,s7.230568,s12.027672
173_139,s1.097647,s3.126501,s73.253981
173_140,s9.891873,s5.475096,s339.563137
173_141,s3.463188,s7.709754,s0.226860
173_142,s7.994899,s1.492365,s254.021280
173_143,s1.502777,s6.693974,s30.002425
173_144,s5.206801,s9.200047,s322.676255
173_145,s1.109659,s6.239585,s106.839019
173_146,s0.821477,s2.659106,s161.883282
173_147,s6.807529,s9.489207,s312.739333
173_148,s8.750285,s8.215229,s259.944915
173_149,s4.807487,s9.410677,s5.785075
173_150,s3.486817,s9.210693,s346.269327
173_151,s2.959013,s8.060710,s35.041927
173_152,s1.156975,s1.161140,s17.914130
173_153,s1.880934,s7.568675,s25.225611
173_154,s3.928743,s1.084106,s160.202986
173_155,s9.563438,s3.361819,s246.108127
173_156,s1.239144,s3.647620,s15.637948
173_157,s1.646908,s3.092055,s125.391619
173_158,s2.279927,s2.903104,s160.318982
173_159,s5.934180,s9.889539,s56.309458
173_160,s2.152532,s7.111154,s79.003583
173_161,s9.458525,s7.501324,s248.610474
173_162,s9.586369,s6.315520,s280.000000
173_163,s1.210003,s5.540014,s70.399109
173_164,s1.172244,s8.749695,s354.639584
173_165,s4.116985,s9.704665,s323.309750
173_166,s0.766852,s4.199810,s131.277580
173_167,s1.685054,s2.538953,s180.000000
173_168,s6.288517,s9.357904,s0.000000
173_169,s0.514230,s4.630411,s40.000000
173_170,s6.258679,s0.612836,s140.000000
173_171,s3.270842,s9.739590,s40.000000
173_172,s2.337403,s8.850601,s0.000000
174_0,s4.708027,s3.699020,s155.083789
174_1,s5.564007,s3.792123,s206.180148
174_2,s4.832760,s4.785184,s146.259059
174_3,s4.456351,s2.843659,s124.051521
174_4,s5.012739,s2.859145,s169.902738
174_5,s5.343374,s3.328971,s111.625215
174_6,s5.242773,s4.633272,s334.853987
174_7,s5.478132,s4.301248,s245.830198
174_8,s6.178436,s2.676562,s224.211385
174_9,s6.881125,s3.183458,s174.817882
174_10,s5.639448,s3.016415,s185.317027
174_11,s5.232630,s3.863462,s66.172135
174_12,s6.121181,s3.719712,s316.598268
174_13,s4.076926,s3.527332,s172.763098
174_14,s5.777411,s4.824012,s305.629873
174_15,s6.867692,s4.243917,s287.151329
174_16,s6.202805,s3.311736,s222.360085
174_17,s6.617635,s3.692580,s276.592573
174_18,s5.737149,s5.312416,s340.309550
174_19,s4.304456,s4.641951,s64.270949
174_20,s4.999497,s5.084372,s37.588747
174_21,s6.198121,s4.367901,s344.327548
174_22,s2.150476,s1.702020,s175.255932
174_23,s5.188117,s5.608971,s296.109201
174_24,s4.789898,s5.893887,s32.026723
174_25,s6.347277,s5.547464,s15.414033
174_26,s3.957591,s5.634316,s320.426147
174_27,s6.677998,s5.381505,s264.327577
174_28,s7.425642,s3.317257,s170.356629
174_29,s6.665759,s4.838302,s246.083806
174_30,s3.397230,s6.110963,s347.055037
174_31,s8.183063,s2.978709,s207.286011
174_32,s7.080562,s5.949356,s83.689669
174_33,s7.234724,s4.924837,s307.116602
174_34,s6.516142,s6.414216,s289.256917
174_35,s7.384621,s5.654184,s282.302437
174_36,s7.668153,s4.725063,s218.011258
174_37,s5.289294,s6.062548,s345.289643
174_38,s5.833630,s6.257375,s318.427250
174_39,s8.140826,s5.464045,s170.984218
174_40,s7.633120,s2.681657,s249.437534
174_41,s7.516353,s3.861609,s219.182966
174_42,s7.363293,s6.195920,s331.841808
174_43,s5.930068,s6.859011,s38.217527
174_44,s4.161978,s6.353752,s47.065366
174_45,s8.143811,s4.016299,s251.525050
174_46,s7.999187,s6.529345,s21.511714
174_47,s6.662877,s6.848814,s336.918446
174_48,s4.032982,s7.023374,s279.790248
174_49,s9.577477,s9.137384,s314.291170
174_50,s6.128000,s2.160804,s131.186868
174_51,s8.399329,s4.465278,s5.356552
174_52,s8.772265,s7.447393,s25.829000
174_53,s8.349421,s3.540386,s215.283492
174_54,s3.955790,s4.265664,s107.265513
174_55,s7.265725,s6.964758,s19.764960
174_56,s4.816893,s6.476665,s309.022980
174_57,s5.068110,s7.092352,s30.452969
174_58,s3.899295,s5.279726,s117.790990
174_59,s8.177901,s2.059695,s68.804773
174_60,s8.230725,s6.018753,s338.852693
174_61,s5.352339,s1.614427,s69.345801
174_62,s6.149991,s7.253162,s295.314660
174_63,s6.574150,s1.942842,s224.292678
174_64,s8.767469,s4.800219,s297.606551
174_65,s9.097897,s3.641035,s284.188123
174_66,s9.613941,s5.027749,s274.967206
174_67,s8.566258,s5.700235,s229.383757
174_68,s7.016948,s2.393567,s184.183221
174_69,s5.899944,s1.527596,s177.810875
174_70,s3.554135,s4.544262,s67.051797
174_71,s3.763364,s3.693020,s70.380157
174_72,s7.465981,s1.882093,s198.734904
174_73,s8.982359,s3.069949,s227.574887
174_74,s4.974204,s1.237286,s251.626117
174_75,s6.533062,s1.428792,s143.276084
174_76,s3.622291,s2.945885,s36.325632
174_77,s8.563722,s1.913058,s221.433263
174_78,s4.614188,s1.610889,s93.565123
174_79,s3.084650,s6.764219,s166.019064
174_80,s9.676833,s1.734753,s193.920183
174_81,s4.398111,s2.234894,s83.608301
174_82,s3.030474,s4.243767,s27.509791
174_83,s3.087547,s3.096107,s133.487089
174_84,s2.529458,s4.411047,s97.499061
174_85,s3.514115,s5.598750,s84.565930
174_86,s2.747402,s5.198233,s70.529111
174_87,s2.899683,s3.591350,s58.076118
174_88,s4.946758,s0.792296,s135.904616
174_89,s5.768418,s7.552194,s10.683472
174_90,s7.577372,s7.334705,s336.202683
174_91,s3.753155,s1.996182,s169.271009
174_92,s5.197591,s7.771800,s333.848083
174_93,s6.162873,s7.839660,s278.497376
174_94,s8.232068,s7.042906,s351.908428
174_95,s2.666272,s5.899225,s57.675100
174_96,s4.333235,s7.549143,s59.211519
174_97,s3.747519,s8.696927,s335.700198
174_98,s3.145343,s2.245922,s68.186470
174_99,s7.277595,s7.913030,s320.123857
174_100,s2.127705,s4.861628,s132.068309
174_101,s0.953160,s7.868818,s212.182542
174_102,s2.387482,s8.341830,s69.720022
174_103,s5.715670,s8.512919,s0.103534
174_104,s2.468397,s3.405976,s97.240120
174_105,s4.798791,s7.891205,s25.287596
174_106,s2.121256,s3.813624,s76.744234
174_107,s1.930589,s5.903445,s8.335234
174_108,s2.655196,s1.925527,s76.812762
174_109,s6.357833,s8.469087,s230.434429
174_110,s2.549437,s6.528629,s9.331424
174_111,s3.200447,s1.084900,s105.088630
174_112,s3.327133,s1.694543,s110.275221
174_113,s3.484518,s6.958067,s335.997343
174_114,s4.910640,s8.437655,s312.918642
174_115,s4.598198,s8.919473,s43.382345
174_116,s6.937558,s8.423720,s337.961931
174_117,s8.710407,s6.354885,s241.284563
174_118,s9.139998,s5.602551,s290.079996
174_119,s2.590884,s7.541364,s50.790775
174_120,s9.134820,s6.568670,s302.213158
174_121,s9.197776,s0.830833,s215.579086
174_122,s6.306177,s8.769178,s36.427553
174_123,s9.454621,s4.488945,s221.933533
174_124,s7.597918,s8.654126,s344.369125
174_125,s4.167242,s8.143426,s355.086780
174_126,s8.939954,s4.013028,s344.329466
174_127,s7.918581,s9.803249,s135.370261
174_128,s2.994558,s8.782438,s31.637600
174_129,s7.928076,s8.261528,s296.159422
174_130,s8.618080,s6.927940,s292.859425
174_131,s8.290466,s9.226268,s329.923436
174_132,s9.081257,s1.916265,s286.492753
174_133,s5.521889,s0.758932,s152.273798
174_134,s7.344730,s1.044429,s238.013006
174_135,s1.699337,s5.504342,s153.967899
174_136,s1.378910,s4.501522,s75.830519
174_137,s6.664974,s0.939626,s202.443904
174_138,s3.059069,s7.230568,s12.027672
174_139,s1.097647,s3.126501,s73.253981
174_140,s9.891873,s5.475096,s339.563137
174_141,s3.463188,s7.709754,s0.226860
174_142,s7.994899,s1.492365,s254.021280
174_143,s1.502777,s6.693974,s30.002425
174_144,s5.206801,s9.200047,s322.676255
174_145,s1.241856,s6.205276,s106.839019
174_146,s0.821477,s2.659106,s161.883282
174_147,s6.807529,s9.489207,s312.739333
174_148,s8.750285,s8.215229,s259.944915
174_149,s4.807487,s9.410677,s5.785075
174_150,s3.486817,s9.210693,s346.269327
174_151,s2.959013,s8.060710,s35.041927
174_152,s1.264530,s1.267807,s17.914130
174_153,s1.880934,s7.568675,s25.225611
174_154,s3.928743,s1.084106,s160.202986
174_155,s9.563438,s3.361819,s246.108127
174_156,s1.239144,s3.647620,s15.637948
174_157,s1.646908,s3.092055,s125.391619
174_158,s2.279927,s2.903104,s160.318982
174_159,s5.934180,s9.889539,s56.309458
174_160,s2.152532,s7.111154,s79.003583
174_161,s9.458525,s7.501324,s248.610474
174_162,s9.586369,s6.315520,s280.000000
174_163,s1.210003,s5.540014,s70.399109
174_164,s1.193016,s8.731291,s354.639584
174_165,s4.116985,s9.704665,s323.309750
174_166,s0.766852,s4.199810,s131.277580
174_167,s1.685054,s2.538953,s180.000000
174_168,s6.288517,s9.357904,s0.000000
174_169,s0.514230,s4.630411,s40.000000
174_170,s6.258679,s0.612836,s140.000000
174_171,s3.270842,s9.739590,s40.000000
174_172,s2.337403,s8.850601,s0.000000
174_173,s0.894196,s6.688105,s0.000000
175_0,s4.708027,s4.071657,s155.083789
175_1,s5.564007,s4.164760,s206.180148
175_2,s4.832760,s5.157821,s146.259059
175_3,s4.456351,s3.216295,s124.051521
175_4,s5.012739,s3.231782,s169.902738
175_5,s5.343374,s3.701608,s111.625215
175_6,s5.242773,s5.005909,s334.853987
175_7,s5.478132,s4.673885,s245.830198
175_8,s6.178436,s3.049199,s224.211385
175_9,s6.881125,s3.556095,s174.817882
175_10,s5.639448,s3.389052,s185.317027
175_11,s5.232630,s4.236099,s66.172135
175_12,s6.121181,s4.092349,s316.598268
175_13,s4.076926,s3.899968,s172.763098
175_14,s5.777411,s5.196649,s305.629873
175_15,s6.867692,s4.616554,s287.151329
175_16,s6.202805,s3.684372,s222.360085
175_17,s6.617635,s4.065217,s276.592573
175_18,s5.737149,s5.685053,s340.309550
175_19,s4.304456,s5.014588,s64.270949
175_20,s4.999497,s5.457009,s37.588747
175_21,s6.198121,s4.740538,s344.327548
175_22,s2.150476,s2.074657,s175.255932
175_23,s5.188117,s5.981608,s296.109201
175_24,s4.789898,s6.266524,s32.026723
175_25,s6.347277,s5.920101,s15.414033
175_26,s3.957591,s6.006953,s320.426147
175_27,s6.677998,s5.754142,s264.327577
175_28,s7.425642,s3.689894,s170.356629
175_29,s6.665759,s5.210939,s246.083806
175_30,s3.397230,s6.483600,s347.055037
175_31,s8.183063,s3.351346,s207.286011
175_32,s7.080562,s6.321992,s83.689669
175_33,s7.234724,s5.297473,s307.116602
175_34,s6.516142,s6.786853,s289.256917
175_35,s7.384621,s6.026821,s282.302437
175_36,s7.668153,s5.097700,s218.011258
175_37,s5.289294,s6.435185,s345.289643
175_38,s5.833630,s6.630012,s318.427250
175_39,s8.140826,s5.836682,s170.984218
175_40,s7.633120,s3.054294,s249.437534
175_41,s7.516353,s4.234246,s219.182966
175_42,s7.363293,s6.568557,s331.841808
175_43,s5.930068,s7.231648,s38.217527
175_44,s4.161978,s6.726389,s47.065366
175_45,s8.143811,s4.388936,s251.525050
175_46,s7.999187,s6.901982,s21.511714
175_47,s6.662877,s7.221451,s336.918446
175_48,s4.032982,s7.396011,s279.790248
175_49,s9.528634,s9.463651,s314.291170
175_50,s6.128000,s2.533441,s131.186868
175_51,s8.399329,s4.837915,s5.356552
175_52,s8.772265,s7.820030,s25.829000
175_53,s8.349421,s3.913023,s215.283492
175_54,s3.955790,s4.638300,s107.265513
175_55,s7.265725,s7.337395,s19.764960
175_56,s4.816893,s6.849302,s309.022980
175_57,s5.068110,s7.464989,s30.452969
175_58,s3.899295,s5.652363,s117.790990
175_59,s8.177901,s2.432332,s68.804773
175_60,s8.230725,s6.391390,s338.852693
175_61,s5.352339,s1.987064,s69.345801
175_62,s6.149991,s7.625799,s295.314660
175_63,s6.574150,s2.315479,s224.292678
175_64,s8.767469,s5.172856,s297.606551
175_65,s9.097897,s4.013671,s284.188123
175_66,s9.613941,s5.400385,s274.967206
175_67,s8.566258,s6.072872,s229.383757
175_68,s7.016948,s2.766204,s184.183221
175_69,s5.899944,s1.900233,s177.810875
175_70,s3.554135,s4.916899,s67.051797
175_71,s3.763364,s4.065657,s70.380157
175_72,s7.465981,s2.254730,s198.734904
175_73,s8.982359,s3.442586,s227.574887
175_74,s4.974204,s1.609923,s251.626117
175_75,s6.533062,s1.801429,s143.276084
175_76,s3.622291,s3.318522,s36.325632
175_77,s8.563722,s2.285695,s221.433263
175_78,s4.614188,s1.983526,s93.565123
175_79,s3.084650,s7.136856,s166.019064
175_80,s9.658902,s2.120431,s193.920183
175_81,s4.398111,s2.607531,s83.608301
175_82,s3.030474,s4.616404,s27.509791
175_83,s3.087547,s3.468744,s133.487089
175_84,s2.529458,s4.783684,s97.499061
175_85,s3.514115,s5.971387,s84.565930
175_86,s2.747402,s5.570870,s70.529111
175_87,s2.899683,s3.963987,s58.076118
175_88,s4.946758,s1.164933,s135.904616
175_89,s5.768418,s7.924830,s10.683472
175_90,s7.577372,s7.707342,s336.202683
175_91,s3.753155,s2.368819,s169.271009
175_92,s5.197591,s8.144437,s333.848083
175_93,s6.162873,s8.212297,s278.497376
175_94,s8.232068,s7.415543,s351.908428
175_95,s2.666272,s6.271861,s57.675100
175_96,s4.333235,s7.921780,s59.211519
175_97,s3.747519,s9.069564,s335.700198
175_98,s3.145343,s2.618559,s68.186470
175_99,s7.277595,s8.285666,s320.123857
175_100,s2.127705,s5.234265,s132.068309
175_101,s0.953160,s8.241455,s212.182542
175_102,s2.387482,s8.714467,s69.720022
175_103,s5.715670,s8.885556,s0.103534
175_104,s2.468397,s3.778613,s97.240120
175_105,s4.798791,s8.263842,s25.287596
175_106,s2.121256,s4.186260,s76.744234
175_107,s1.930589,s6.276082,s8.335234
175_108,s2.655196,s2.298164,s76.812762
175_109,s6.357833,s8.841724,s230.434429
175_110,s2.549437,s6.901266,s9.331424
175_111,s3.200447,s1.457537,s105.088630
175_112,s3.327133,s2.067180,s110.275221
175_113,s3.484518,s7.330704,s335.997343
175_114,s4.910640,s8.810292,s312.918642
175_115,s4.598198,s9.292110,s43.382345
175_116,s6.937558,s8.796357,s337.961931
175_117,s8.710407,s6.727522,s241.284563
175_118,s9.139998,s5.975188,s290.079996
175_119,s2.590884,s7.914001,s50.790775
175_120,s9.134820,s6.941307,s302.213158
175_121,s9.163919,s1.238714,s215.579086
175_122,s6.306177,s9.141815,s36.427553
175_123,s9.454621,s4.861581,s221.933533
175_124,s7.597918,s9.026763,s344.369125
175_125,s4.167242,s8.516063,s355.086780
175_126,s8.939954,s4.385665,s344.329466
175_127,s7.893031,s10.130528,s135.370261
175_128,s2.994558,s9.155075,s31.637600
175_129,s7.928076,s8.634165,s296.159422
175_130,s8.618080,s7.300577,s292.859425
175_131,s8.253442,s9.548026,s329.923436
175_132,s9.081257,s2.288902,s286.492753
175_133,s5.521889,s1.131569,s152.273798
175_134,s7.344730,s1.417066,s238.013006
175_135,s1.709282,s5.875511,s153.967899
175_136,s1.378910,s4.874159,s75.830519
175_137,s6.664974,s1.312263,s202.443904
175_138,s3.059069,s7.603205,s12.027672
175_139,s1.097647,s3.499137,s73.253981
175_140,s9.891873,s5.847733,s339.563137
175_141,s3.463188,s8.082391,s0.226860
175_142,s7.994899,s1.865002,s254.021280
175_143,s1.502777,s7.066611,s30.002425
175_144,s5.206801,s9.572684,s322.676255
175_145,s1.272563,s6.568473,s106.839019
175_146,s0.821477,s3.031743,s161.883282
175_147,s6.807529,s9.861844,s312.739333
175_148,s8.750285,s8.587866,s259.944915
175_149,s4.807487,s9.783314,s5.785075
175_150,s3.486817,s9.583330,s346.269327
175_151,s2.959013,s8.433347,s35.041927
175_152,s1.297224,s1.671296,s17.914130
175_153,s1.880934,s7.941312,s25.225611
175_154,s3.928743,s1.456743,s160.202986
175_155,s9.563438,s3.734456,s246.108127
175_156,s1.239144,s4.020257,s15.637948
175_157,s1.646908,s3.464692,s125.391619
175_158,s2.279927,s3.275741,s160.318982
175_159,s5.934180,s10.262176,s56.309458
175_160,s2.152532,s7.483791,s79.003583
175_161,s9.458525,s7.873961,s248.610474
175_162,s9.586369,s6.688157,s280.000000
175_163,s1.210003,s5.912651,s70.399109
175_164,s1.238170,s9.061789,s354.639584
175_165,s4.116985,s10.077302,s323.309750
175_166,s0.766852,s4.572447,s131.277580
175_167,s1.685054,s2.911590,s180.000000
175_168,s6.288517,s9.730541,s0.000000
175_169,s0.514230,s5.003048,s40.000000
175_170,s6.258679,s0.985472,s140.000000
175_171,s3.274993,s10.102038,s40.000000
175_172,s2.337403,s9.223238,s0.000000
175_173,s0.894196,s7.060742,s0.000000
175_174,s4.103628,s0.800000,s180.000000
176_0,s4.708027,s4.071657,s155.083789
176_1,s5.564007,s4.164760,s206.180148
176_2,s4.832760,s5.157821,s146.259059
176_3,s4.456351,s3.216295,s124.051521
176_4,s5.012739,s3.231782,s169.902738
176_5,s5.343374,s3.701608,s111.625215
176_6,s5.242773,s5.005909,s334.853987
176_7,s5.478132,s4.673885,s245.830198
176_8,s6.178436,s3.049199,s224.211385
176_9,s6.881125,s3.556095,s174.817882
176_10,s5.639448,s3.389052,s185.317027
176_11,s5.232630,s4.236099,s66.172135
176_12,s6.121181,s4.092349,s316.598268
176_13,s4.076926,s3.899968,s172.763098
176_14,s5.777411,s5.196649,s305.629873
176_15,s6.867692,s4.616554,s287.151329
176_16,s6.202805,s3.684372,s222.360085
176_17,s6.617635,s4.065217,s276.592573
176_18,s5.737149,s5.685053,s340.309550
176_19,s4.304456,s5.014588,s64.270949
176_20,s4.999497,s5.457009,s37.588747
176_21,s6.198121,s4.740538,s344.327548
176_22,s2.150476,s2.074657,s175.255932
176_23,s5.188117,s5.981608,s296.109201
176_24,s4.789898,s6.266524,s32.026723
176_25,s6.347277,s5.920101,s15.414033
176_26,s3.957591,s6.006953,s320.426147
176_27,s6.677998,s5.754142,s264.327577
176_28,s7.425642,s3.689894,s170.356629
176_29,s6.665759,s5.210939,s246.083806
176_30,s3.397230,s6.483600,s347.055037
176_31,s8.183063,s3.351346,s207.286011
176_32,s7.080562,s6.321992,s83.689669
176_33,s7.234724,s5.297473,s307.116602
176_34,s6.516142,s6.786853,s289.256917
176_35,s7.384621,s6.026821,s282.302437
176_36,s7.668153,s5.097700,s218.011258
176_37,s5.289294,s6.435185,s345.289643
176_38,s5.833630,s6.630012,s318.427250
176_39,s8.140826,s5.836682,s170.984218
176_40,s7.633120,s3.054294,s249.437534
176_41,s7.516353,s4.234246,s219.182966
176_42,s7.363293,s6.568557,s331.841808
176_43,s5.930068,s7.231648,s38.217527
176_44,s4.161978,s6.726389,s47.065366
176_45,s8.143811,s4.388936,s251.525050
176_46,s7.999187,s6.901982,s21.511714
176_47,s6.662877,s7.221451,s336.918446
176_48,s4.032982,s7.396011,s279.790248
176_49,s9.519132,s9.454630,s314.291170
176_50,s6.128000,s2.533441,s131.186868
176_51,s8.399329,s4.837915,s5.356552
176_52,s8.772265,s7.820030,s25.829000
176_53,s8.349421,s3.913023,s215.283492
176_54,s3.955790,s4.638300,s107.265513
176_55,s7.265725,s7.337395,s19.764960
176_56,s4.816893,s6.849302,s309.022980
176_57,s5.068110,s7.464989,s30.452969
176_58,s3.899295,s5.652363,s117.790990
176_59,s8.177901,s2.432332,s68.804773
176_60,s8.230725,s6.391390,s338.852693
176_61,s5.352339,s1.987064,s69.345801
176_62,s6.149991,s7.625799,s295.314660
176_63,s6.574150,s2.315479,s224.292678
176_64,s8.767469,s5.172856,s297.606551
176_65,s9.097897,s4.013671,s284.188123
176_66,s9.613941,s5.400385,s274.967206
176_67,s8.566258,s6.072872,s229.383757
176_68,s7.016948,s2.766204,s184.183221
176_69,s5.899944,s1.900233,s177.810875
176_70,s3.554135,s4.916899,s67.051797
176_71,s3.763364,s4.065657,s70.380157
176_72,s7.465981,s2.254730,s198.734904
176_73,s8.982359,s3.442586,s227.574887
176_74,s4.974204,s1.609923,s251.626117
176_75,s6.533062,s1.801429,s143.276084
176_76,s3.622291,s3.318522,s36.325632
176_77,s8.563722,s2.285695,s221.433263
176_78,s4.614188,s1.983526,s93.565123
176_79,s3.084650,s7.136856,s166.019064
176_80,s9.658902,s2.120431,s193.920183
176_81,s4.398111,s2.607531,s83.608301
176_82,s3.030474,s4.616404,s27.509791
176_83,s3.087547,s3.468744,s133.487089
176_84,s2.529458,s4.783684,s97.499061
176_85,s3.514115,s5.971387,s84.565930
176_86,s2.747402,s5.570870,s70.529111
176_87,s2.899683,s3.963987,s58.076118
176_88,s4.946758,s1.164933,s135.904616
176_89,s5.768418,s7.924830,s10.683472
176_90,s7.577372,s7.707342,s336.202683
176_91,s3.753155,s2.368819,s169.271009
176_92,s5.197591,s8.144437,s333.848083
176_93,s6.162873,s8.212297,s278.497376
176_94,s8.232068,s7.415543,s351.908428
176_95,s2.666272,s6.271861,s57.675100
176_96,s4.333235,s7.921780,s59.211519
176_97,s3.747519,s9.069564,s335.700198
176_98,s3.145343,s2.618559,s68.186470
176_99,s7.277595,s8.285666,s320.123857
176_100,s2.127705,s5.234265,s132.068309
176_101,s0.953160,s8.241455,s212.182542
176_102,s2.387482,s8.714467,s69.720022
176_103,s5.715670,s8.885556,s0.103534
176_104,s2.468397,s3.778613,s97.240120
176_105,s4.798791,s8.263842,s25.287596
176_106,s2.121256,s4.186260,s76.744234
176_107,s1.930589,s6.276082,s8.335234
176_108,s2.655196,s2.298164,s76.812762
176_109,s6.357833,s8.841724,s230.434429
176_110,s2.549437,s6.901266,s9.331424
176_111,s3.200447,s1.457537,s105.088630
176_112,s3.327133,s2.067180,s110.275221
176_113,s3.484518,s7.330704,s335.997343
176_114,s4.910640,s8.810292,s312.918642
176_115,s4.598198,s9.292110,s43.382345
176_116,s6.937558,s8.796357,s337.961931
176_117,s8.710407,s6.727522,s241.284563
176_118,s9.139998,s5.975188,s290.079996
176_119,s2.590884,s7.914001,s50.790775
176_120,s9.134820,s6.941307,s302.213158
176_121,s9.044783,s1.362733,s215.579086
176_122,s6.306177,s9.141815,s36.427553
176_123,s9.454621,s4.861581,s221.933533
176_124,s7.597918,s9.026763,s344.369125
176_125,s4.167242,s8.516063,s355.086780
176_126,s8.939954,s4.385665,s344.329466
176_127,s7.893031,s10.130528,s135.370261
176_128,s2.994558,s9.155075,s31.637600
176_129,s7.928076,s8.634165,s296.159422
176_130,s8.618080,s7.300577,s292.859425
176_131,s8.167725,s9.430231,s329.923436
176_132,s9.072369,s2.295943,s286.492753
176_133,s5.521889,s1.131569,s152.273798
176_134,s7.344730,s1.417066,s238.013006
176_135,s1.709282,s5.875511,s153.967899
176_136,s1.378910,s4.874159,s75.830519
176_137,s6.664974,s1.312263,s202.443904
176_138,s3.059069,s7.603205,s12.027672
176_139,s1.097647,s3.499137,s73.253981
176_140,s9.891873,s5.847733,s339.563137
176_141,s3.463188,s8.082391,s0.226860
176_142,s7.994899,s1.865002,s254.021280
176_143,s1.502777,s7.066611,s30.002425
176_144,s5.206801,s9.572684,s322.676255
176_145,s1.374475,s6.537143,s106.839019
176_146,s0.831213,s3.036912,s161.883282
176_147,s6.807529,s9.861844,s312.739333
176_148,s8.750285,s8.587866,s259.944915
176_149,s4.807487,s9.783314,s5.785075
176_150,s3.486817,s9.583330,s346.269327
176_151,s2.959013,s8.433347,s35.041927
176_152,s1.315919,s1.688938,s17.914130
176_153,s1.880934,s7.941312,s25.225611
176_154,s3.928743,s1.456743,s160.202986
176_155,s9.563438,s3.734456,s246.108127
176_156,s1.239144,s4.020257,s15.637948
176_157,s1.659093,s3.471180,s125.391619
176_158,s2.279927,s3.275741,s160.318982
176_159,s5.934180,s10.262176,s56.309458
176_160,s2.152532,s7.483791,s79.003583
176_161,s9.458525,s7.873961,s248.610474
176_162,s9.586369,s6.688157,s280.000000
176_163,s1.210003,s5.912651,s70.399109
176_164,s1.276283,s9.026220,s354.639584
176_165,s4.116985,s10.077302,s323.309750
176_166,s0.766852,s4.572447,s131.277580
176_167,s1.685054,s2.911590,s180.000000
176_168,s6.288517,s9.730541,s0.000000
176_169,s0.514230,s5.003048,s40.000000
176_170,s6.258679,s0.985472,s140.000000
176_171,s3.274993,s10.102038,s40.000000
176_172,s2.348647,s9.208091,s0.000000
176_173,s0.894196,s7.060742,s0.000000
176_174,s4.103628,s0.800000,s180.000000
176_175,s3.289638,s0.910637,s120.000000
177_0,s4.770745,s4.071657,s155.083789
177_1,s5.626725,s4.164760,s206.180148
177_2,s4.895478,s5.157821,s146.259059
177_3,s4.519068,s3.216295,s124.051521
177_4,s5.075457,s3.231782,s169.902738
177_5,s5.406092,s3.701608,s111.625215
177_6,s5.305491,s5.005909,s334.853987
177_7,s5.540850,s4.673885,s245.830198
177_8,s6.241154,s3.049199,s224.211385
177_9,s6.943843,s3.556095,s174.817882
177_10,s5.702166,s3.389052,s185.317027
177_11,s5.295348,s4.236099,s66.172135
177_12,s6.183898,s4.092349,s316.598268
177_13,s4.139644,s3.899968,s172.763098
177_14,s5.840129,s5.196649,s305.629873
177_15,s6.930410,s4.616554,s287.151329
177_16,s6.265523,s3.684372,s222.360085
177_17,s6.680353,s4.065217,s276.592573
177_18,s5.799867,s5.685053,s340.309550
177_19,s4.367174,s5.014588,s64.270949
177_20,s5.062215,s5.457009,s37.588747
177_21,s6.260838,s4.740538,s344.327548
177_22,s2.213194,s2.074657,s175.255932
177_23,s5.250835,s5.981608,s296.109201
177_24,s4.852616,s6.266524,s32.026723
177_25,s6.409995,s5.920101,s15.414033
177_26,s4.020309,s6.006953,s320.426147
177_27,s6.740716,s5.754142,s264.327577
177_28,s7.488360,s3.689894,s170.356629
177_29,s6.728477,s5.210939,s246.083806
177_30,s3.459948,s6.483600,s347.055037
177_31,s8.245781,s3.351346,s207.286011
177_32,s7.143280,s6.321992,s83.689669
177_33,s7.297442,s5.297473,s307.116602
177_34,s6.578860,s6.786853,s289.256917
177_35,s7.447339,s6.026821,s282.302437
177_36,s7.730871,s5.097700,s218.011258
177_37,s5.352012,s6.435185,s345.289643
177_38,s5.896348,s6.630012,s318.427250
177_39,s8.203544,s5.836682,s170.984218
177_40,s7.695838,s3.054294,s249.437534
177_41,s7.579071,s4.234246,s219.182966
177_42,s7.426010,s6.568557,s331.841808
177_43,s5.992786,s7.231648,s38.217527
177_44,s4.224696,s6.726389,s47.065366
177_45,s8.206529,s4.388936,s251.525050
177_46,s8.061905,s6.901982,s21.511714
177_47,s6.725595,s7.221451,s336.918446
177_48,s4.095700,s7.396011,s279.790248
177_49,s9.546969,s9.421755,s314.291170
177_50,s6.190718,s2.533441,s131.186868
177_51,s8.462047,s4.837915,s5.356552
177_52,s8.834983,s7.820030,s25.829000
177_53,s8.412138,s3.913023,s215.283492
177_54,s4.018508,s4.638300,s107.265513
177_55,s7.328443,s7.337395,s19.764960
177_56,s4.879610,s6.849302,s309.022980
177_57,s5.130828,s7.464989,s30.452969
177_58,s3.962013,s5.652363,s117.790990
177_59,s8.240619,s2.432332,s68.804773
177_60,s8.293443,s6.391390,s338.852693
177_61,s5.415056,s1.987064,s69.345801
177_62,s6.212708,s7.625799,s295.314660
177_63,s6.636868,s2.315479,s224.292678
177_64,s8.830187,s5.172856,s297.606551
177_65,s9.160615,s4.013671,s284.188123
177_66,s9.676659,s5.400385,s274.967206
177_67,s8.628976,s6.072872,s229.383757
177_68,s7.079666,s2.766204,s184.183221
177_69,s5.962661,s1.900233,s177.810875
177_70,s3.616853,s4.916899,s67.051797
177_71,s3.826082,s4.065657,s70.380157
177_72,s7.528699,s2.254730,s198.734904
177_73,s9.045077,s3.442586,s227.574887
177_74,s5.036922,s1.609923,s251.626117
177_75,s6.595779,s1.801429,s143.276084
177_76,s3.685009,s3.318522,s36.325632
177_77,s8.626440,s2.285695,s221.433263
177_78,s4.676906,s1.983526,s93.565123
177_79,s3.147368,s7.136856,s166.019064
177_80,s9.721619,s2.120431,s193.920183
177_81,s4.460829,s2.607531,s83.608301
177_82,s3.093192,s4.616404,s27.509791
177_83,s3.150264,s3.468744,s133.487089
177_84,s2.592176,s4.783684,s97.499061
177_85,s3.576833,s5.971387,s84.565930
177_86,s2.810120,s5.570870,s70.529111
177_87,s2.962401,s3.963987,s58.076118
177_88,s5.009476,s1.164933,s135.904616
177_89,s5.831136,s7.924830,s10.683472
177_90,s7.640089,s7.707342,s336.202683
177_91,s3.815873,s2.368819,s169.271009
177_92,s5.260308,s8.144437,s333.848083
177_93,s6.225591,s8.212297,s278.497376
177_94,s8.294786,s7.415543,s351.908428
177_95,s2.728990,s6.271861,s57.675100
177_96,s4.395952,s7.921780,s59.211519
177_97,s3.816234,s9.053966,s335.700198
177_98,s3.208061,s2.618559,s68.186470
177_99,s7.340312,s8.285666,s320.123857
177_100,s2.190423,s5.234265,s132.068309
177_101,s1.015877,s8.241455,s212.182542
177_102,s2.450200,s8.714467,s69.720022
177_103,s5.778387,s8.885556,s0.103534
177_104,s2.531114,s3.778613,s97.240120
177_105,s4.861509,s8.263842,s25.287596
177_106,s2.183974,s4.186260,s76.744234
177_107,s1.993307,s6.276082,s8.335234
177_108,s2.717914,s2.298164,s76.812762
177_109,s6.420551,s8.841724,s230.434429
177_110,s2.612155,s6.901266,s9.331424
177_111,s3.263165,s1.457537,s105.088630
177_112,s3.389851,s2.067180,s110.275221
177_113,s3.547236,s7.330704,s335.997343
177_114,s4.973358,s8.810292,s312.918642
177_115,s4.660916,s9.292110,s43.382345
177_116,s7.000275,s8.796357,s337.961931
177_117,s8.773125,s6.727522,s241.284563
177_118,s9.202716,s5.975188,s290.079996
177_119,s2.653602,s7.914001,s50.790775
177_120,s9.197538,s6.941307,s302.213158
177_121,s9.085291,s1.385666,s215.579086
177_122,s6.368895,s9.141815,s36.427553
177_123,s9.517339,s4.861581,s221.933533
177_124,s7.660636,s9.026763,s344.369125
177_125,s4.229959,s8.516063,s355.086780
177_126,s9.002672,s4.385665,s344.329466
177_127,s7.955749,s10.130528,s135.370261
177_128,s3.057276,s9.155075,s31.637600
177_129,s7.990794,s8.634165,s296.159422
177_130,s8.680798,s7.300577,s292.859425
177_131,s8.230443,s9.430231,s329.923436
177_132,s9.135087,s2.295943,s286.492753
177_133,s5.584607,s1.131569,s152.273798
177_134,s7.407448,s1.417066,s238.013006
177_135,s1.772000,s5.875511,s153.967899
177_136,s1.441628,s4.874159,s75.830519
177_137,s6.727692,s1.312263,s202.443904
177_138,s3.121786,s7.603205,s12.027672
177_139,s1.172487,s3.504669,s73.253981
177_140,s9.954590,s5.847733,s339.563137
177_141,s3.525906,s8.082391,s0.226860
177_142,s8.057617,s1.865002,s254.021280
177_143,s1.565495,s7.066611,s30.002425
177_144,s5.269519,s9.572684,s322.676255
177_145,s1.500086,s6.517649,s106.839019
177_146,s0.907571,s3.044207,s161.883282
177_147,s6.870246,s9.861844,s312.739333
177_148,s8.813003,s8.587866,s259.944915
177_149,s4.870205,s9.783314,s5.785075
177_150,s3.549535,s9.583330,s346.269327
177_151,s3.021730,s8.433347,s35.041927
177_152,s1.420662,s1.728919,s17.914130
177_153,s1.943652,s7.941312,s25.225611
177_154,s3.991461,s1.456743,s160.202986
177_155,s9.626156,s3.734456,s246.108127
177_156,s1.301862,s4.020257,s15.637948
177_157,s1.721810,s3.471180,s125.391619
177_158,s2.342644,s3.275741,s160.318982
177_159,s5.996898,s10.262176,s56.309458
177_160,s2.215250,s7.483791,s79.003583
177_161,s9.521243,s7.873961,s248.610474
177_162,s9.649086,s6.688157,s280.000000
177_163,s1.272721,s5.912651,s70.399109
177_164,s1.386546,s8.981493,s354.639584
177_165,s4.179703,s10.077302,s323.309750
177_166,s0.829570,s4.572447,s131.277580
177_167,s1.747772,s2.911590,s180.000000
177_168,s6.351235,s9.730541,s0.000000
177_169,s0.576948,s5.003048,s40.000000
177_170,s6.321397,s0.985472,s140.000000
177_171,s3.337710,s10.102038,s40.000000
177_172,s2.411365,s9.208091,s0.000000
177_173,s0.956914,s7.060742,s0.000000
177_174,s4.166346,s0.800000,s180.000000
177_175,s3.352356,s0.910637,s120.000000
177_176,s0.692820,s6.635540,s60.000000
178_0,s4.770745,s4.060684,s155.083789
178_1,s5.626725,s4.153786,s206.180148
178_2,s4.895478,s5.146847,s146.259059
178_3,s4.519068,s3.205322,s124.051521
178_4,s5.075457,s3.220808,s169.902738
178_5,s5.406092,s3.690635,s111.625215
178_6,s5.305491,s4.994936,s334.853987
178_7,s5.540850,s4.662912,s245.830198
178_8,s6.241154,s3.038226,s224.211385
178_9,s6.943843,s3.545122,s174.817882
178_10,s5.702166,s3.378079,s185.317027
178_11,s5.295348,s4.225125,s66.172135
178_12,s6.183898,s4.081376,s316.598268
178_13,s4.139644,s3.888995,s172.763098
178_14,s5.840129,s5.185676,s305.629873
178_15,s6.930410,s4.605580,s287.151329
178_16,s6.265523,s3.673399,s222.360085
178_17,s6.680353,s4.054243,s276.592573
178_18,s5.799867,s5.674080,s340.309550
178_19,s4.367174,s5.003615,s64.270949
178_20,s5.062215,s5.446036,s37.588747
178_21,s6.260838,s4.729565,s344.327548
178_22,s2.213194,s2.063683,s175.255932
178_23,s5.250835,s5.970635,s296.109201
178_24,s4.852616,s6.255550,s32.026723
178_25,s6.409995,s5.909128,s15.414033
178_26,s4.020309,s5.995980,s320.426147
178_27,s6.740716,s5.743169,s264.327577
178_28,s7.488360,s3.678921,s170.356629
178_29,s6.728477,s5.199966,s246.083806
178_30,s3.459948,s6.472627,s347.055037
178_31,s8.245781,s3.340373,s207.286011
178_32,s7.143280,s6.311019,s83.689669
178_33,s7.297442,s5.286500,s307.116602
178_34,s6.578860,s6.775879,s289.256917
178_35,s7.447339,s6.015847,s282.302437
178_36,s7.730871,s5.086727,s218.011258
178_37,s5.352012,s6.424211,s345.289643
178_38,s5.896348,s6.619038,s318.427250
178_39,s8.203544,s5.825708,s170.984218
178_40,s7.695838,s3.043321,s249.437534
178_41,s7.579071,s4.223272,s219.182966
178_42,s7.426010,s6.557583,s331.841808
178_43,s5.992786,s7.220675,s38.217527
178_44,s4.224696,s6.715416,s47.065366
178_45,s8.206529,s4.377962,s251.525050
178_46,s8.061905,s6.891008,s21.511714
178_47,s6.725595,s7.210478,s336.918446
178_48,s4.095700,s7.385038,s279.790248
178_49,s9.478918,s9.346664,s314.291170
178_50,s6.190718,s2.522468,s131.186868
178_51,s8.462047,s4.826942,s5.356552
178_52,s8.834983,s7.809057,s25.829000
178_53,s8.412138,s3.902050,s215.283492
178_54,s4.018508,s4.627327,s107.265513
178_55,s7.328443,s7.326422,s19.764960
178_56,s4.879610,s6.838329,s309.022980
178_57,s5.130828,s7.454016,s30.452969
178_58,s3.962013,s5.641390,s117.790990
178_59,s8.240619,s2.421359,s68.804773
178_60,s8.293443,s6.380417,s338.852693
178_61,s5.415056,s1.976090,s69.345801
178_62,s6.212708,s7.614825,s295.314660
178_63,s6.636868,s2.304506,s224.292678
178_64,s8.830187,s5.161883,s297.606551
178_65,s9.160615,s4.002698,s284.188123
178_66,s9.676659,s5.389412,s274.967206
178_67,s8.628976,s6.061898,s229.383757
178_68,s7.079666,s2.755231,s184.183221
178_69,s5.962661,s1.889260,s177.810875
178_70,s3.616853,s4.905925,s67.051797
178_71,s3.826082,s4.054683,s70.380157
178_72,s7.528699,s2.243757,s198.734904
178_73,s9.045077,s3.431612,s227.574887
178_74,s5.036922,s1.598949,s251.626117
178_75,s6.595779,s1.790456,s143.276084
178_76,s3.685009,s3.307549,s36.325632
178_77,s8.626440,s2.274721,s221.433263
178_78,s4.676906,s1.972553,s93.565123
178_79,s3.147368,s7.125882,s166.019064
178_80,s9.712917,s2.115743,s193.920183
178_81,s4.460829,s2.596558,s83.608301
178_82,s3.093192,s4.605431,s27.509791
178_83,s3.158249,s3.465005,s133.487089
178_84,s2.592176,s4.772710,s97.499061
178_85,s3.576833,s5.960414,s84.565930
178_86,s2.810120,s5.559897,s70.529111
178_87,s2.962401,s3.953014,s58.076118
178_88,s5.009476,s1.153960,s135.904616
178_89,s5.831136,s7.913857,s10.683472
178_90,s7.640089,s7.696369,s336.202683
178_91,s3.815873,s2.357845,s169.271009
178_92,s5.260308,s8.133464,s333.848083
178_93,s6.225591,s8.201324,s278.497376
178_94,s8.294786,s7.404570,s351.908428
178_95,s2.728990,s6.260888,s57.675100
178_96,s4.395952,s7.910807,s59.211519
178_97,s3.816234,s9.042993,s335.700198
178_98,s3.208061,s2.607586,s68.186470
178_99,s7.333805,s8.265641,s320.123857
178_100,s2.190423,s5.223291,s132.068309
178_101,s1.015877,s8.230481,s212.182542
178_102,s2.450200,s8.703494,s69.720022
178_103,s5.778387,s8.874582,s0.103534
178_104,s2.531114,s3.767640,s97.240120
178_105,s4.861509,s8.252868,s25.287596
178_106,s2.183974,s4.175287,s76.744234
178_107,s1.993307,s6.265109,s8.335234
178_108,s2.717914,s2.287190,s76.812762
178_109,s6.420551,s8.830751,s230.434429
178_110,s2.612155,s6.890293,s9.331424
178_111,s3.263165,s1.446563,s105.088630
178_112,s3.389851,s2.056207,s110.275221
178_113,s3.547236,s7.319730,s335.997343
178_114,s4.973358,s8.799318,s312.918642
178_115,s4.660916,s9.281137,s43.382345
178_116,s7.000275,s8.785383,s337.961931
178_117,s8.773125,s6.716549,s241.284563
178_118,s9.202716,s5.964214,s290.079996
178_119,s2.653602,s7.903028,s50.790775
178_120,s9.197538,s6.930333,s302.213158
178_121,s9.078075,s1.382144,s215.579086
178_122,s6.368895,s9.130842,s36.427553
178_123,s9.517339,s4.850608,s221.933533
178_124,s7.660636,s9.015789,s344.369125
178_125,s4.229959,s8.505089,s355.086780
178_126,s9.002672,s4.374691,s344.329466
178_127,s7.955749,s10.119554,s135.370261
178_128,s3.057276,s9.144101,s31.637600
178_129,s7.990794,s8.623192,s296.159422
178_130,s8.680798,s7.289604,s292.859425
178_131,s8.221264,s9.406776,s329.923436
178_132,s9.135087,s2.284970,s286.492753
178_133,s5.584607,s1.120596,s152.273798
178_134,s7.407448,s1.406093,s238.013006
178_135,s1.772000,s5.864537,s153.967899
178_136,s1.441628,s4.863186,s75.830519
178_137,s6.727692,s1.301290,s202.443904
178_138,s3.121786,s7.592232,s12.027672
178_139,s1.172487,s3.493696,s73.253981
178_140,s9.954590,s5.836760,s339.563137
178_141,s3.525906,s8.071418,s0.226860
178_142,s8.057617,s1.854028,s254.021280
178_143,s1.565495,s7.055637,s30.002425
178_144,s5.269519,s9.561710,s322.676255
178_145,s1.533806,s6.496223,s106.839019
178_146,s0.907571,s3.033233,s161.883282
178_147,s6.870246,s9.850870,s312.739333
178_148,s8.813003,s8.576892,s259.944915
178_149,s4.870205,s9.772341,s5.785075
178_150,s3.554966,s9.558760,s346.269327
178_151,s3.021730,s8.422373,s35.041927
178_152,s1.487605,s1.781631,s17.914130
178_153,s1.943652,s7.930339,s25.225611
178_154,s3.991461,s1.445769,s160.202986
178_155,s9.626156,s3.723482,s246.108127
178_156,s1.301862,s4.009283,s15.637948
178_157,s1.721810,s3.460206,s125.391619
178_158,s2.342644,s3.264768,s160.318982
178_159,s5.996898,s10.251202,s56.309458
178_160,s2.215250,s7.472818,s79.003583
178_161,s9.521243,s7.862987,s248.610474
178_162,s9.649086,s6.677184,s280.000000
178_163,s1.272721,s5.901678,s70.399109
178_164,s1.386546,s8.970520,s354.639584
178_165,s4.179703,s10.066328,s323.309750
178_166,s0.829570,s4.561473,s131.277580
178_167,s1.747772,s2.900617,s180.000000
178_168,s6.351235,s9.719567,s0.000000
178_169,s0.576948,s4.992075,s40.000000
178_170,s6.321397,s0.974499,s140.000000
178_171,s3.337710,s10.091064,s40.000000
178_172,s2.411365,s9.197117,s0.000000
178_173,s0.956914,s7.049769,s0.000000
178_174,s4.168922,s0.800000,s180.000000
178_175,s3.352356,s0.899663,s120.000000
178_176,s0.692820,s6.624567,s60.000000
178_177,s7.288415,s0.857338,s240.000000
179_0,s5.060816,s4.060684,s155.083789
179_1,s5.916796,s4.153786,s206.180148
179_2,s5.185550,s5.146847,s146.259059
179_3,s4.809140,s3.205322,s124.051521
179_4,s5.365529,s3.220808,s169.902738
179_5,s5.696163,s3.690635,s111.625215
179_6,s5.595562,s4.994936,s334.853987
179_7,s5.830921,s4.662912,s245.830198
179_8,s6.531226,s3.038226,s224.211385
179_9,s7.233914,s3.545122,s174.817882
179_10,s5.992237,s3.378079,s185.317027
179_11,s5.585419,s4.225125,s66.172135
179_12,s6.473970,s4.081376,s316.598268
179_13,s4.429715,s3.888995,s172.763098
179_14,s6.130200,s5.185676,s305.629873
179_15,s7.220481,s4.605580,s287.151329
179_16,s6.555594,s3.673399,s222.360085
179_17,s6.970424,s4.054243,s276.592573
179_18,s6.089938,s5.674080,s340.309550
179_19,s4.657245,s5.003615,s64.270949
179_20,s5.352286,s5.446036,s37.588747
179_21,s6.550910,s4.729565,s344.327548
179_22,s2.503265,s2.063683,s175.255932
179_23,s5.540906,s5.970635,s296.109201
179_24,s5.142687,s6.255550,s32.026723
179_25,s6.700066,s5.909128,s15.414033
179_26,s4.310380,s5.995980,s320.426147
179_27,s7.030788,s5.743169,s264.327577
179_28,s7.778431,s3.678921,s170.356629
179_29,s7.018548,s5.199966,s246.083806
179_30,s3.750020,s6.472627,s347.055037
179_31,s8.535852,s3.340373,s207.286011
179_32,s7.433351,s6.311019,s83.689669
179_33,s7.587514,s5.286500,s307.116602
179_34,s6.868931,s6.775879,s289.256917
179_35,s7.737411,s6.015847,s282.302437
179_36,s8.020942,s5.086727,s218.011258
179_37,s5.642083,s6.424211,s345.289643
179_38,s6.186419,s6.619038,s318.427250
179_39,s8.493615,s5.825708,s170.984218
179_40,s7.985909,s3.043321,s249.437534
179_41,s7.869142,s4.223272,s219.182966
179_42,s7.716082,s6.557583,s331.841808
179_43,s6.282857,s7.220675,s38.217527
179_44,s4.514767,s6.715416,s47.065366
179_45,s8.496601,s4.377962,s251.525050
179_46,s8.351976,s6.891008,s21.511714
179_47,s7.015666,s7.210478,s336.918446
179_48,s4.385771,s7.385038,s279.790248
179_49,s9.689235,s9.274079,s314.291170
179_50,s6.480789,s2.522468,s131.186868
179_51,s8.752118,s4.826942,s5.356552
179_52,s9.125055,s7.809057,s25.829000
179_53,s8.702210,s3.902050,s215.283492
179_54,s4.308579,s4.627327,s107.265513
179_55,s7.618515,s7.326422,s19.764960
179_56,s5.169682,s6.838329,s309.022980
179_57,s5.420899,s7.454016,s30.452969
179_58,s4.252084,s5.641390,s117.790990
179_59,s8.530690,s2.421359,s68.804773
179_60,s8.583514,s6.380417,s338.852693
179_61,s5.705128,s1.976090,s69.345801
179_62,s6.502780,s7.614825,s295.314660
179_63,s6.926939,s2.304506,s224.292678
179_64,s9.120258,s5.161883,s297.606551
179_65,s9.450686,s4.002698,s284.188123
179_66,s9.966730,s5.389412,s274.967206
179_67,s8.919047,s6.061898,s229.383757
179_68,s7.369737,s2.755231,s184.183221
179_69,s6.252733,s1.889260,s177.810875
179_70,s3.906924,s4.905925,s67.051797
179_71,s4.116153,s4.054683,s70.380157
179_72,s7.818770,s2.243757,s198.734904
179_73,s9.335148,s3.431612,s227.574887
179_74,s5.326993,s1.598949,s251.626117
179_75,s6.885851,s1.790456,s143.276084
179_76,s3.975080,s3.307549,s36.325632
179_77,s8.916512,s2.274721,s221.433263
179_78,s4.966977,s1.972553,s93.565123
179_79,s3.437439,s7.125882,s166.019064
179_80,s10.002988,s2.115743,s193.920183
179_81,s4.750900,s2.596558,s83.608301
179_82,s3.383263,s4.605431,s27.509791
179_83,s3.448321,s3.465005,s133.487089
179_84,s2.882248,s4.772710,s97.499061
179_85,s3.866904,s5.960414,s84.565930
179_86,s3.100191,s5.559897,s70.529111
179_87,s3.252472,s3.953014,s58.076118
179_88,s5.299547,s1.153960,s135.904616
179_89,s6.121208,s7.913857,s10.683472
179_90,s7.930161,s7.696369,s336.202683
179_91,s4.105944,s2.357845,s169.271009
179_92,s5.550380,s8.133464,s333.848083
179_93,s6.515662,s8.201324,s278.497376
179_94,s8.584857,s7.404570,s351.908428
179_95,s3.019061,s6.260888,s57.675100
179_96,s4.686024,s7.910807,s59.211519
179_97,s4.106306,s9.042993,s335.700198
179_98,s3.498132,s2.607586,s68.186470
179_99,s7.623877,s8.265641,s320.123857
179_100,s2.480494,s5.223291,s132.068309
179_101,s1.305949,s8.230481,s212.182542
179_102,s2.740271,s8.703494,s69.720022
179_103,s6.068459,s8.874582,s0.103534
179_104,s2.821186,s3.767640,s97.240120
179_105,s5.151580,s8.252868,s25.287596
179_106,s2.474046,s4.175287,s76.744234
179_107,s2.283378,s6.265109,s8.335234
179_108,s3.007986,s2.287190,s76.812762
179_109,s6.710623,s8.830751,s230.434429
179_110,s2.902226,s6.890293,s9.331424
179_111,s3.553236,s1.446563,s105.088630
179_112,s3.679922,s2.056207,s110.275221
179_113,s3.837308,s7.319730,s335.997343
179_114,s5.263429,s8.799318,s312.918642
179_115,s4.950988,s9.281137,s43.382345
179_116,s7.290347,s8.785383,s337.961931
179_117,s9.063196,s6.716549,s241.284563
179_118,s9.492787,s5.964214,s290.079996
179_119,s2.943673,s7.903028,s50.790775
179_120,s9.487609,s6.930333,s302.213158
179_121,s9.354516,s1.395724,s215.579086
179_122,s6.658966,s9.130842,s36.427553
179_123,s9.807410,s4.850608,s221.933533
179_124,s7.950708,s9.015789,s344.369125
179_125,s4.520031,s8.505089,s355.086780
179_126,s9.292743,s4.374691,s344.329466
179_127,s8.245820,s10.119554,s135.370261
179_128,s3.352706,s9.134118,s31.637600
179_129,s8.280866,s8.623192,s296.159422
179_130,s8.970869,s7.289604,s292.859425
179_131,s8.499445,s9.391377,s329.923436
179_132,s9.425158,s2.284970,s286.492753
179_133,s5.874679,s1.120596,s152.273798
179_134,s7.697520,s1.406093,s238.013006
179_135,s2.062071,s5.864537,s153.967899
179_136,s1.731700,s4.863186,s75.830519
179_137,s7.017763,s1.301290,s202.443904
179_138,s3.411858,s7.592232,s12.027672
179_139,s1.462558,s3.493696,s73.253981
179_140,s10.244662,s5.836760,s339.563137
179_141,s3.815977,s8.071418,s0.226860
179_142,s8.347688,s1.854028,s254.021280
179_143,s1.855566,s7.055637,s30.002425
179_144,s5.559591,s9.561710,s322.676255
179_145,s1.823878,s6.496223,s106.839019
179_146,s1.197642,s3.033233,s161.883282
179_147,s7.160318,s9.850870,s312.739333
179_148,s9.103075,s8.576892,s259.944915
179_149,s5.160277,s9.772341,s5.785075
179_150,s3.845037,s9.558760,s346.269327
179_151,s3.311802,s8.422373,s35.041927
179_152,s1.837328,s1.840755,s17.914130
179_153,s2.233724,s7.930339,s25.225611
179_154,s4.281533,s1.445769,s160.202986
179_155,s9.916227,s3.723482,s246.108127
179_156,s1.591933,s4.009283,s15.637948
179_157,s2.011882,s3.460206,s125.391619
179_158,s2.641719,s3.271609,s160.318982
179_159,s6.286970,s10.251202,s56.309458
179_160,s2.513804,s7.466569,s79.003583
179_161,s9.811314,s7.862987,s248.610474
179_162,s9.939158,s6.677184,s280.000000
179_163,s1.562792,s5.901678,s70.399109
179_164,s1.676617,s8.970520,s354.639584
179_165,s4.469774,s10.066328,s323.309750
179_166,s1.119641,s4.561473,s131.277580
179_167,s2.045939,s2.906556,s180.000000
179_168,s6.641307,s9.719567,s0.000000
179_169,s0.867019,s4.992075,s40.000000
179_170,s6.611468,s0.974499,s140.000000
179_171,s3.632895,s10.077256,s40.000000
179_172,s2.701436,s9.197117,s0.000000
179_173,s1.246985,s7.049769,s0.000000
179_174,s4.458993,s0.800000,s180.000000
179_175,s3.642427,s0.899663,s120.000000
179_176,s0.982892,s6.624567,s60.000000
179_177,s7.578486,s0.857338,s240.000000
179_178,s0.692820,s5.984243,s60.000000
180_0,s5.060816,s4.352837,s155.083789
180_1,s5.916796,s4.445939,s206.180148
180_2,s5.185550,s5.439000,s146.259059
180_3,s4.809140,s3.497475,s124.051521
180_4,s5.365529,s3.512961,s169.902738
180_5,s5.696163,s3.982787,s111.625215
180_6,s5.595562,s5.287089,s334.853987
180_7,s5.830921,s4.955065,s245.830198
180_8,s6.531226,s3.330378,s224.211385
180_9,s7.233914,s3.837274,s174.817882
180_10,s5.992237,s3.670231,s185.317027
180_11,s5.585419,s4.517278,s66.172135
180_12,s6.473970,s4.373528,s316.598268
180_13,s4.429715,s4.181148,s172.763098
180_14,s6.130200,s5.477829,s305.629873
180_15,s7.220481,s4.897733,s287.151329
180_16,s6.555594,s3.965552,s222.360085
180_17,s6.970424,s4.346396,s276.592573
180_18,s6.089938,s5.966233,s340.309550
180_19,s4.657245,s5.295767,s64.270949
180_20,s5.352286,s5.738189,s37.588747
180_21,s6.550910,s5.021718,s344.327548
180_22,s2.503265,s2.355836,s175.255932
180_23,s5.540906,s6.262788,s296.109201
180_24,s5.142687,s6.547703,s32.026723
180_25,s6.700066,s6.201281,s15.414033
180_26,s4.310380,s6.288133,s320.426147
180_27,s7.030788,s6.035322,s264.327577
180_28,s7.778431,s3.971074,s170.356629
180_29,s7.018548,s5.492118,s246.083806
180_30,s3.750020,s6.764780,s347.055037
180_31,s8.535852,s3.632525,s207.286011
180_32,s7.433351,s6.603172,s83.689669
180_33,s7.587514,s5.578653,s307.116602
180_34,s6.868931,s7.068032,s289.256917
180_35,s7.737411,s6.308000,s282.302437
180_36,s8.020942,s5.378880,s218.011258
180_37,s5.642083,s6.716364,s345.289643
180_38,s6.186419,s6.911191,s318.427250
180_39,s8.493615,s6.117861,s170.984218
180_40,s7.985909,s3.335474,s249.437534
180_41,s7.869142,s4.515425,s219.182966
180_42,s7.716082,s6.849736,s331.841808
180_43,s6.282857,s7.512828,s38.217527
180_44,s4.514767,s7.007569,s47.065366
180_45,s8.496601,s4.670115,s251.525050
180_46,s8.351976,s7.183161,s21.511714
180_47,s7.015666,s7.502631,s336.918446
180_48,s4.385771,s7.677191,s279.790248
180_49,s9.604926,s9.486643,s314.291170
180_50,s6.480789,s2.814620,s131.186868
180_51,s8.752118,s5.119095,s5.356552
180_52,s9.125055,s8.101210,s25.829000
180_53,s8.702210,s4.194203,s215.283492
180_54,s4.308579,s4.919480,s107.265513
180_55,s7.618515,s7.618575,s19.764960
180_56,s5.169682,s7.130482,s309.022980
180_57,s5.420899,s7.746168,s30.452969
180_58,s4.252084,s5.933542,s117.790990
180_59,s8.530690,s2.713511,s68.804773
180_60,s8.583514,s6.672569,s338.852693
180_61,s5.705128,s2.268243,s69.345801
180_62,s6.502780,s7.906978,s295.314660
180_63,s6.926939,s2.596659,s224.292678
180_64,s9.120258,s5.454036,s297.606551
180_65,s9.450686,s4.294851,s284.188123
180_66,s9.966730,s5.681565,s274.967206
180_67,s8.919047,s6.354051,s229.383757
180_68,s7.369737,s3.047384,s184.183221
180_69,s6.252733,s2.181412,s177.810875
180_70,s3.906924,s5.198078,s67.051797
180_71,s4.116153,s4.346836,s70.380157
180_72,s7.818770,s2.535909,s198.734904
180_73,s9.335148,s3.723765,s227.574887
180_74,s5.326993,s1.891102,s251.626117
180_75,s6.885851,s2.082609,s143.276084
180_76,s3.975080,s3.599702,s36.325632
180_77,s8.916512,s2.566874,s221.433263
180_78,s4.966977,s2.264705,s93.565123
180_79,s3.437439,s7.418035,s166.019064
180_80,s10.002988,s2.407896,s193.920183
180_81,s4.750900,s2.888710,s83.608301
180_82,s3.383263,s4.897584,s27.509791
180_83,s3.448321,s3.757158,s133.487089
180_84,s2.882248,s5.064863,s97.499061
180_85,s3.866904,s6.252567,s84.565930
180_86,s3.100191,s5.852049,s70.529111
180_87,s3.252472,s4.245166,s58.076118
180_88,s5.299547,s1.446112,s135.904616
180_89,s6.121208,s8.206010,s10.683472
180_90,s7.930161,s7.988522,s336.202683
180_91,s4.105944,s2.649998,s169.271009
180_92,s5.550380,s8.425617,s333.848083
180_93,s6.515662,s8.493477,s278.497376
180_94,s8.584857,s7.696722,s351.908428
180_95,s3.019061,s6.553041,s57.675100
180_96,s4.686024,s8.202960,s59.211519
180_97,s4.106306,s9.335145,s335.700198
180_98,s3.498132,s2.899739,s68.186470
180_99,s7.623877,s8.557793,s320.123857
180_100,s2.480494,s5.515444,s132.068309
180_101,s1.305949,s8.522634,s212.182542
180_102,s2.740271,s8.995647,s69.720022
180_103,s6.068459,s9.166735,s0.103534
180_104,s2.821186,s4.059792,s97.240120
180_105,s5.151580,s8.545021,s25.287596
180_106,s2.474046,s4.467440,s76.744234
180_107,s2.283378,s6.557262,s8.335234
180_108,s3.007986,s2.579343,s76.812762
180_109,s6.710623,s9.122904,s230.434429
180_110,s2.902226,s7.182446,s9.331424
180_111,s3.553236,s1.738716,s105.088630
180_112,s3.679922,s2.348360,s110.275221
180_113,s3.837308,s7.611883,s335.997343
180_114,s5.263429,s9.091471,s312.918642
180_115,s4.950988,s9.573290,s43.382345
180_116,s7.290347,s9.077536,s337.961931
180_117,s9.063196,s7.008702,s241.284563
180_118,s9.492787,s6.256367,s290.079996
180_119,s2.943673,s8.195180,s50.790775
180_120,s9.487609,s7.222486,s302.213158
180_121,s9.291221,s1.748614,s215.579086
180_122,s6.658966,s9.422994,s36.427553
180_123,s9.807410,s5.142761,s221.933533
180_124,s7.942607,s9.295934,s344.369125
180_125,s4.520031,s8.797242,s355.086780
180_126,s9.292743,s4.666844,s344.329466
180_127,s8.245820,s10.411707,s135.370261
180_128,s3.352706,s9.426271,s31.637600
180_129,s8.274073,s8.907342,s296.159422
180_130,s8.970869,s7.581757,s292.859425
180_131,s8.499445,s9.683530,s329.923436
180_132,s9.425158,s2.577122,s286.492753
180_133,s5.874679,s1.412749,s152.273798
180_134,s7.671638,s1.740737,s238.013006
180_135,s2.062071,s6.156690,s153.967899
180_136,s1.731700,s5.155338,s75.830519
180_137,s7.017763,s1.593443,s202.443904
180_138,s3.411858,s7.884384,s12.027672
180_139,s1.462558,s3.785849,s73.253981
180_140,s10.244662,s6.128912,s339.563137
180_141,s3.815977,s8.363571,s0.226860
180_142,s8.347688,s2.146181,s254.021280
180_143,s1.855566,s7.347790,s30.002425
180_144,s5.559591,s9.853863,s322.676255
180_145,s1.823878,s6.788376,s106.839019
180_146,s1.197642,s3.325386,s161.883282
180_147,s7.160318,s10.143023,s312.739333
180_148,s9.103075,s8.869045,s259.944915
180_149,s5.160277,s10.064493,s5.785075
180_150,s3.845037,s9.850913,s346.269327
180_151,s3.311802,s8.714526,s35.041927
180_152,s1.837328,s2.132908,s17.914130
180_153,s2.233724,s8.222492,s25.225611
180_154,s4.281533,s1.737922,s160.202986
180_155,s9.904314,s4.019535,s246.108127
180_156,s1.591933,s4.301436,s15.637948
180_157,s2.011882,s3.752359,s125.391619
180_158,s2.641719,s3.563762,s160.318982
180_159,s6.286970,s10.543355,s56.309458
180_160,s2.513804,s7.758722,s79.003583
180_161,s9.811314,s8.155140,s248.610474
180_162,s9.939158,s6.969337,s280.000000
180_163,s1.562792,s6.193830,s70.399109
180_164,s1.676617,s9.262673,s354.639584
180_165,s4.469774,s10.358481,s323.309750
180_166,s1.119641,s4.853626,s131.277580
180_167,s2.045939,s3.198709,s180.000000
180_168,s6.641307,s10.011720,s0.000000
180_169,s0.867019,s5.284227,s40.000000
180_170,s6.611468,s1.266652,s140.000000
180_171,s3.632895,s10.369409,s40.000000
180_172,s2.701436,s9.489270,s0.000000
180_173,s1.246985,s7.341921,s0.000000
180_174,s4.458993,s1.092153,s180.000000
180_175,s3.642427,s1.191816,s120.000000
180_176,s0.982892,s6.916719,s60.000000
180_177,s7.578486,s1.149491,s240.000000
180_178,s0.692820,s6.276396,s60.000000
180_179,s5.039835,s0.751754,s160.000000
181_0,s5.060816,s4.352837,s155.083789
181_1,s5.916796,s4.445939,s206.180148
181_2,s5.185550,s5.439000,s146.259059
181_3,s4.809140,s3.497475,s124.051521
181_4,s5.365529,s3.512961,s169.902738
181_5,s5.696163,s3.982787,s111.625215
181_6,s5.595562,s5.287089,s334.853987
181_7,s5.830921,s4.955065,s245.830198
181_8,s6.531226,s3.330378,s224.211385
181_9,s7.233914,s3.837274,s174.817882
181_10,s5.992237,s3.670231,s185.317027
181_11,s5.585419,s4.517278,s66.172135
181_12,s6.473970,s4.373528,s316.598268
181_13,s4.429715,s4.181148,s172.763098
181_14,s6.130200,s5.477829,s305.629873
181_15,s7.220481,s4.897733,s287.151329
181_16,s6.555594,s3.965552,s222.360085
181_17,s6.970424,s4.346396,s276.592573
181_18,s6.089938,s5.966233,s340.309550
181_19,s4.657245,s5.295767,s64.270949
181_20,s5.352286,s5.738189,s37.588747
181_21,s6.550910,s5.021718,s344.327548
181_22,s2.503265,s2.355836,s175.255932
181_23,s5.540906,s6.262788,s296.109201
181_24,s5.142687,s6.547703,s32.026723
181_25,s6.700066,s6.201281,s15.414033
181_26,s4.310380,s6.288133,s320.426147
181_27,s7.030788,s6.035322,s264.327577
181_28,s7.778431,s3.971074,s170.356629
181_29,s7.018548,s5.492118,s246.083806
181_30,s3.750020,s6.764780,s347.055037
181_31,s8.535852,s3.632525,s207.286011
181_32,s7.433351,s6.603172,s83.689669
181_33,s7.587514,s5.578653,s307.116602
181_34,s6.868931,s7.068032,s289.256917
181_35,s7.737411,s6.308000,s282.302437
181_36,s8.020942,s5.378880,s218.011258
181_37,s5.642083,s6.716364,s345.289643
181_38,s6.186419,s6.911191,s318.427250
181_39,s8.493615,s6.117861,s170.984218
181_40,s7.985909,s3.335474,s249.437534
181_41,s7.869142,s4.515425,s219.182966
181_42,s7.716082,s6.849736,s331.841808
181_43,s6.282857,s7.512828,s38.217527
181_44,s4.514767,s7.007569,s47.065366
181_45,s8.496601,s4.670115,s251.525050
181_46,s8.351976,s7.183161,s21.511714
181_47,s7.015666,s7.502631,s336.918446
181_48,s4.385771,s7.677191,s279.790248
181_49,s9.543600,s9.428750,s314.291170
181_50,s6.480789,s2.814620,s131.186868
181_51,s8.752118,s5.119095,s5.356552
181_52,s9.125055,s8.101210,s25.829000
181_53,s8.702210,s4.194203,s215.283492
181_54,s4.308579,s4.919480,s107.265513
181_55,s7.618515,s7.618575,s19.764960
181_56,s5.169682,s7.130482,s309.022980
181_57,s5.420899,s7.746168,s30.452969
181_58,s4.252084,s5.933542,s117.790990
181_59,s8.530690,s2.713511,s68.804773
181_60,s8.583514,s6.672569,s343.686207
181_61,s5.705128,s2.268243,s69.345801
181_62,s6.502780,s7.906978,s295.314660
181_63,s6.926939,s2.596659,s224.292678
181_64,s9.120258,s5.454036,s297.606551
181_65,s9.450686,s4.294851,s284.188123
181_66,s9.966730,s5.681565,s274.967206
181_67,s8.919047,s6.354051,s229.383757
181_68,s7.369737,s3.047384,s184.183221
181_69,s6.252733,s2.181412,s177.810875
181_70,s3.906924,s5.198078,s67.051797
181_71,s4.116153,s4.346836,s70.380157
181_72,s7.818770,s2.535909,s198.734904
181_73,s9.335148,s3.723765,s227.574887
181_74,s5.326993,s1.891102,s251.626117
181_75,s6.885851,s2.082609,s143.276084
181_76,s3.975080,s3.599702,s36.325632
181_77,s8.916512,s2.566874,s221.433263
181_78,s4.966977,s2.264705,s93.565123
181_79,s3.437439,s7.418035,s166.019064
181_80,s10.002988,s2.407896,s193.920183
181_81,s4.750900,s2.888710,s83.608301
181_82,s3.383263,s4.897584,s27.509791
181_83,s3.448321,s3.757158,s133.487089
181_84,s2.882248,s5.064863,s97.499061
181_85,s3.866904,s6.252567,s84.565930
181_86,s3.100191,s5.852049,s70.529111
181_87,s3.252472,s4.245166,s58.076118
181_88,s5.299547,s1.446112,s135.904616
181_89,s6.121208,s8.206010,s10.683472
181_90,s7.930161,s7.988522,s336.202683
181_91,s4.105944,s2.649998,s169.271009
181_92,s5.550380,s8.425617,s333.848083
181_93,s6.515662,s8.493477,s278.497376
181_94,s8.584857,s7.696722,s351.908428
181_95,s3.019061,s6.553041,s57.675100
181_96,s4.686024,s8.202960,s59.211519
181_97,s4.106306,s9.335145,s335.700198
181_98,s3.498132,s2.899739,s68.186470
181_99,s7.623877,s8.557793,s320.123857
181_100,s2.480494,s5.515444,s132.068309
181_101,s1.305949,s8.522634,s231.615741
181_102,s2.740271,s8.995647,s69.720022
181_103,s6.068459,s9.166735,s358.882203
181_104,s2.821186,s4.059792,s97.240120
181_105,s5.151580,s8.545021,s25.287596
181_106,s2.474046,s4.467440,s76.744234
181_107,s2.283378,s6.557262,s8.335234
181_108,s3.007986,s2.579343,s76.812762
181_109,s6.710623,s9.122904,s230.434429
181_110,s2.902226,s7.182446,s9.331424
181_111,s2.799952,s0.643737,s105.088630
181_112,s3.679922,s2.348360,s110.275221
181_113,s3.837308,s7.611883,s335.997343
181_114,s5.263429,s9.091471,s312.918642
181_115,s4.950988,s9.573290,s43.382345
181_116,s7.290347,s9.077536,s337.961931
181_117,s9.063196,s7.008702,s241.284563
181_118,s9.492787,s6.256367,s290.079996
181_119,s2.943673,s8.195180,s50.790775
181_120,s9.487609,s7.222486,s302.213158
181_121,s9.258713,s1.779808,s215.579086
181_122,s6.658966,s9.422994,s36.427553
181_123,s9.807410,s5.142761,s221.933533
181_124,s7.942607,s9.295934,s344.369125
181_125,s4.520031,s8.797242,s355.086780
181_126,s9.292743,s4.666844,s344.329466
181_127,s8.245820,s10.411707,s135.370261
181_128,s3.352706,s9.426271,s31.637600
181_129,s8.274073,s8.907342,s296.159422
181_130,s8.970869,s7.581757,s292.859425
181_131,s8.499445,s9.683530,s329.923436
181_132,s9.425158,s2.577122,s286.492753
181_133,s5.874679,s1.412749,s152.273798
181_134,s7.665509,s1.750800,s238.013006
181_135,s2.062071,s6.156690,s153.967899
181_136,s1.731700,s5.155338,s75.830519
181_137,s7.017763,s1.593443,s202.443904
181_138,s3.411858,s7.884384,s12.027672
181_139,s1.462558,s3.785849,s73.253981
181_140,s10.244662,s6.128912,s339.563137
181_141,s3.815977,s8.363571,s0.226860
181_142,s8.347688,s2.146181,s254.021280
181_143,s1.855566,s7.347790,s30.002425
181_144,s5.559591,s9.853863,s322.676255
181_145,s1.876154,s6.898098,s106.839019
181_146,s1.197642,s3.325386,s161.883282
181_147,s7.160318,s10.143023,s312.739333
181_148,s9.103075,s8.869045,s259.944915
181_149,s5.160277,s10.064493,s5.785075
181_150,s3.845037,s9.850913,s346.269327
181_151,s3.311802,s8.714526,s35.041927
181_152,s1.867750,s2.161806,s17.914130
181_153,s2.233724,s8.222492,s25.225611
181_154,s4.281533,s1.737922,s160.202986
181_155,s9.904314,s4.019535,s246.108127
181_156,s1.591933,s4.301436,s15.637948
181_157,s2.011882,s3.752359,s125.391619
181_158,s2.641719,s3.563762,s160.318982
181_159,s6.286970,s10.543355,s56.309458
181_160,s2.513804,s7.758722,s79.003583
181_161,s9.811314,s8.155140,s248.610474
181_162,s9.939158,s6.969337,s280.000000
181_163,s1.562792,s6.193830,s70.399109
181_164,s1.676617,s9.262673,s20.382061
181_165,s4.469774,s10.358481,s312.374241
181_166,s1.119641,s4.853626,s131.277580
181_167,s2.045939,s3.198709,s180.000000
181_168,s6.641307,s10.011720,s0.000000
181_169,s0.867019,s5.284227,s52.659549
181_170,s6.611468,s1.266652,s140.000000
181_171,s3.632895,s10.369409,s40.000000
181_172,s2.701436,s9.489270,s0.000000
181_173,s1.246985,s7.341921,s0.000000
181_174,s4.458993,s1.092153,s180.000000
181_175,s3.642427,s1.191816,s165.111674
181_176,s0.982892,s6.916719,s60.000000
181_177,s7.562217,s1.181712,s234.291874
181_178,s0.692820,s6.276396,s60.000000
181_179,s5.039835,s0.751754,s160.000000
181_180,s6.846916,s0.850341,s240.000000
182_0,s5.060816,s4.352837,s155.083789
182_1,s5.916796,s4.445939,s206.180148
182_2,s5.185550,s5.439000,s146.259059
182_3,s4.809140,s3.497475,s124.051521
182_4,s5.365529,s3.512961,s169.902738
182_5,s5.696163,s3.982787,s111.625215
182_6,s5.595562,s5.287089,s334.853987
182_7,s5.830921,s4.955065,s245.830198
182_8,s6.531226,s3.330378,s224.211385
182_9,s7.233914,s3.837274,s174.817882
182_10,s5.992237,s3.670231,s185.317027
182_11,s5.585419,s4.517278,s66.172135
182_12,s6.473970,s4.373528,s316.598268
182_13,s4.429715,s4.181148,s172.763098
182_14,s6.130200,s5.477829,s305.629873
182_15,s7.220481,s4.897733,s287.151329
182_16,s6.555594,s3.965552,s222.360085
182_17,s6.970424,s4.346396,s276.592573
182_18,s6.089938,s5.966233,s340.309550
182_19,s4.657245,s5.295767,s64.270949
182_20,s5.352286,s5.738189,s37.588747
182_21,s6.550910,s5.021718,s344.327548
182_22,s2.503265,s2.355836,s175.255932
182_23,s5.540906,s6.262788,s296.109201
182_24,s5.142687,s6.547703,s32.026723
182_25,s6.700066,s6.201281,s15.414033
182_26,s4.310380,s6.288133,s320.426147
182_27,s7.030788,s6.035322,s264.327577
182_28,s7.778431,s3.971074,s170.356629
182_29,s7.018548,s5.492118,s246.083806
182_30,s3.750020,s6.764780,s347.055037
182_31,s8.535852,s3.632525,s207.286011
182_32,s7.433351,s6.603172,s83.689669
182_33,s7.587514,s5.578653,s307.116602
182_34,s6.868931,s7.068032,s289.256917
182_35,s7.737411,s6.308000,s282.302437
182_36,s8.020942,s5.378880,s218.011258
182_37,s5.642083,s6.716364,s345.289643
182_38,s6.186419,s6.911191,s318.427250
182_39,s8.493615,s6.117861,s170.984218
182_40,s7.985909,s3.335474,s249.437534
182_41,s7.869142,s4.515425,s219.182966
182_42,s7.716082,s6.849736,s331.841808
182_43,s6.282857,s7.512828,s38.217527
182_44,s4.514767,s7.007569,s47.065366
182_45,s8.496601,s4.670115,s251.525050
182_46,s8.351976,s7.183161,s21.511714
182_47,s7.015666,s7.502631,s336.918446
182_48,s4.385771,s7.677191,s279.790248
182_49,s9.484087,s9.372477,s314.291170
182_50,s6.480789,s2.814620,s131.186868
182_51,s8.752118,s5.119095,s5.356552
182_52,s9.125055,s8.101210,s25.829000
182_53,s8.702210,s4.194203,s215.283492
182_54,s4.308579,s4.919480,s107.265513
182_55,s7.618515,s7.618575,s19.764960
182_56,s5.169682,s7.130482,s309.022980
182_57,s5.420899,s7.746168,s30.452969
182_58,s4.252084,s5.933542,s117.790990
182_59,s8.530690,s2.713511,s68.804773
182_60,s8.583514,s6.672569,s343.686207
182_61,s5.705128,s2.268243,s69.345801
182_62,s6.502780,s7.906978,s295.314660
182_63,s6.926939,s2.596659,s224.292678
182_64,s9.120258,s5.454036,s297.606551
182_65,s9.450686,s4.294851,s284.188123
182_66,s9.966730,s5.681565,s274.967206
182_67,s8.919047,s6.354051,s229.383757
182_68,s7.369737,s3.047384,s184.183221
182_69,s6.252733,s2.181412,s177.810875
182_70,s3.906924,s5.198078,s67.051797
182_71,s4.116153,s4.346836,s70.380157
182_72,s7.818770,s2.535909,s198.734904
182_73,s9.335148,s3.723765,s227.574887
182_74,s5.326993,s1.891102,s251.626117
182_75,s6.885851,s2.082609,s143.276084
182_76,s3.975080,s3.599702,s36.325632
182_77,s8.916512,s2.566874,s221.433263
182_78,s4.966977,s2.264705,s93.565123
182_79,s3.437439,s7.418035,s166.019064
182_80,s10.002988,s2.407896,s193.920183
182_81,s4.750900,s2.888710,s83.608301
182_82,s3.383263,s4.897584,s27.509791
182_83,s3.448321,s3.757158,s133.487089
182_84,s2.882248,s5.064863,s97.499061
182_85,s3.866904,s6.252567,s84.565930
182_86,s3.100191,s5.852049,s70.529111
182_87,s3.252472,s4.245166,s58.076118
182_88,s5.299547,s1.446112,s135.904616
182_89,s6.121208,s8.206010,s10.683472
182_90,s7.930161,s7.988522,s336.202683
182_91,s4.105944,s2.649998,s169.271009
182_92,s5.550380,s8.425617,s333.848083
182_93,s6.515662,s8.493477,s278.497376
182_94,s8.584857,s7.696722,s351.908428
182_95,s3.019061,s6.553041,s57.675100
182_96,s4.686024,s8.202960,s59.211519
182_97,s4.106306,s9.335145,s335.700198
182_98,s3.498132,s2.899739,s68.186470
182_99,s7.623877,s8.557793,s320.123857
182_100,s2.480494,s5.515444,s132.068309
182_101,s1.321721,s8.510913,s231.615741
182_102,s2.740271,s8.995647,s69.720022
182_103,s6.068459,s9.166735,s358.882203
182_104,s2.821186,s4.059792,s97.240120
182_105,s5.151580,s8.545021,s25.287596
182_106,s2.474046,s4.467440,s76.744234
182_107,s2.283378,s6.557262,s8.335234
182_108,s3.007986,s2.579343,s76.812762
182_109,s6.710623,s9.122904,s230.434429
182_110,s2.902226,s7.182446,s9.331424
182_111,s2.839428,s0.717887,s105.088630
182_112,s3.679922,s2.348360,s110.275221
182_113,s3.837308,s7.611883,s335.997343
182_114,s5.263429,s9.091471,s312.918642
182_115,s4.950988,s9.573290,s43.382345
182_116,s7.290347,s9.077536,s337.961931
182_117,s9.063196,s7.008702,s241.284563
182_118,s9.492787,s6.256367,s290.079996
182_119,s2.943673,s8.195180,s50.790775
182_120,s9.487609,s7.222486,s302.213158
182_121,s9.258713,s1.779808,s215.579086
182_122,s6.658966,s9.422994,s36.427553
182_123,s9.807410,s5.142761,s221.933533
182_124,s7.942607,s9.295934,s344.369125
182_125,s4.520031,s8.797242,s355.086780
182_126,s9.292743,s4.666844,s344.329466
182_127,s8.245820,s10.411707,s135.370261
182_128,s3.352706,s9.426271,s31.637600
182_129,s8.274073,s8.907342,s296.159422
182_130,s8.970869,s7.581757,s292.859425
182_131,s8.499445,s9.683530,s329.923436
182_132,s9.425158,s2.577122,s286.492753
182_133,s5.874679,s1.412749,s152.273798
182_134,s7.641216,s1.790614,s238.013006
182_135,s2.062071,s6.156690,s153.967899
182_136,s1.731700,s5.155338,s75.830519
182_137,s7.017763,s1.593443,s202.443904
182_138,s3.411858,s7.884384,s12.027672
182_139,s1.462558,s3.785849,s73.253981
182_140,s10.244662,s6.128912,s339.563137
182_141,s3.815977,s8.363571,s0.226860
182_142,s8.347688,s2.146181,s254.021280
182_143,s1.891471,s7.328910,s30.002425
182_144,s5.559591,s9.853863,s322.676255
182_145,s1.876154,s6.898098,s106.839019
182_146,s1.197642,s3.325386,s161.883282
182_147,s7.160318,s10.143023,s312.739333
182_148,s9.103075,s8.869045,s259.944915
182_149,s5.160277,s10.064493,s5.785075
182_150,s3.845037,s9.850913,s346.269327
182_151,s3.311802,s8.714526,s35.041927
182_152,s1.867750,s2.161806,s17.914130
182_153,s2.233724,s8.222492,s25.225611
182_154,s4.281533,s1.737922,s160.202986
182_155,s9.904314,s4.019535,s246.108127
182_156,s1.591933,s4.301436,s15.637948
182_157,s2.011882,s3.752359,s125.391619
182_158,s2.641719,s3.563762,s160.318982
182_159,s6.286970,s10.543355,s56.309458
182_160,s2.513804,s7.758722,s79.003583
182_161,s9.811314,s8.155140,s248.610474
182_162,s9.939158,s6.969337,s280.000000
182_163,s1.562792,s6.193830,s70.399109
182_164,s1.676617,s9.262673,s20.382061
182_165,s4.471917,s10.347049,s312.374241
182_166,s1.119641,s4.853626,s131.277580
182_167,s2.045939,s3.198709,s180.000000
182_168,s6.641307,s10.011720,s0.000000
182_169,s0.892320,s5.285400,s52.659549
182_170,s6.611468,s1.266652,s140.000000
182_171,s3.632895,s10.369409,s40.000000
182_172,s2.701436,s9.489270,s0.000000
182_173,s1.266156,s7.333352,s0.000000
182_174,s4.458993,s1.092153,s180.000000
182_175,s3.663234,s1.243274,s165.111674
182_176,s0.993345,s6.913338,s60.000000
182_177,s7.562217,s1.181712,s234.291874
182_178,s0.692820,s6.276396,s60.000000
182_179,s5.039835,s0.751754,s160.000000
182_180,s6.846916,s0.850341,s240.000000
182_181,s2.509189,s1.423974,s120.000000
183_0,s5.362932,s4.508404,s155.083789
183_1,s6.218912,s4.601507,s206.180148
183_2,s5.487665,s5.594568,s146.259059
183_3,s5.111255,s3.653043,s124.051521
183_4,s5.667644,s3.668529,s172.185046
183_5,s5.998279,s4.138355,s111.625215
183_6,s5.897678,s5.442656,s334.853987
183_7,s6.133037,s5.110632,s245.830198
183_8,s6.833341,s3.485946,s224.211385
183_9,s7.536030,s3.992842,s174.817882
183_10,s6.294353,s3.825799,s185.317027
183_11,s5.887535,s4.672846,s66.172135
183_12,s6.776085,s4.529096,s316.598268
183_13,s4.731830,s4.336716,s172.763098
183_14,s6.432316,s5.633396,s305.629873
183_15,s7.522596,s5.053301,s287.151329
183_16,s6.857710,s4.121120,s222.360085
183_17,s7.272540,s4.501964,s276.592573
183_18,s6.392054,s6.121801,s340.309550
183_19,s4.959361,s5.451335,s64.270949
183_20,s5.654402,s5.893756,s37.588747
183_21,s6.842982,s5.180624,s344.327548
183_22,s2.805380,s2.511404,s175.255932
183_23,s5.843022,s6.418355,s296.109201
183_24,s5.444803,s6.703271,s32.026723
183_25,s7.002181,s6.356848,s15.414033
183_26,s4.612496,s6.443700,s320.426147
183_27,s7.332903,s6.190889,s264.327577
183_28,s8.080547,s4.126641,s170.356629
183_29,s7.320664,s5.647686,s246.083806
183_30,s4.052135,s6.920348,s347.055037
183_31,s8.837968,s3.788093,s207.286011
183_32,s7.735467,s6.758740,s83.689669
183_33,s7.889629,s5.734221,s307.116602
183_34,s7.171047,s7.223600,s289.256917
183_35,s8.039526,s6.463568,s282.302437
183_36,s8.323058,s5.534447,s218.011258
183_37,s5.944198,s6.871932,s345.289643
183_38,s6.488534,s7.066759,s318.427250
183_39,s8.795731,s6.273429,s170.984218
183_40,s8.288025,s3.491041,s249.437534
183_41,s8.171258,s4.670993,s220.498306
183_42,s8.018197,s7.005304,s331.841808
183_43,s6.584972,s7.668395,s38.217527
183_44,s4.816883,s7.163136,s47.065366
183_45,s8.798716,s4.825683,s251.525050
183_46,s8.654092,s7.338729,s21.511714
183_47,s7.317782,s7.658198,s336.918446
183_48,s4.687887,s7.832758,s279.790248
183_49,s10.377759,s10.390649,s314.291170
183_50,s6.782905,s2.970188,s131.186868
183_51,s9.054233,s5.274663,s5.356552
183_52,s9.427170,s8.256777,s25.829000
183_53,s9.004325,s4.349770,s215.283492
183_54,s4.610695,s5.075048,s107.265513
183_55,s7.920630,s7.774142,s19.764960
183_56,s5.471797,s7.286049,s309.022980
183_57,s5.723014,s7.901736,s30.452969
183_58,s4.554199,s6.089110,s117.790990
183_59,s8.832806,s2.869079,s68.804773
183_60,s8.885630,s6.828137,s343.686207
183_61,s6.007243,s2.423811,s69.345801
183_62,s6.804895,s8.062546,s295.314660
183_63,s7.229055,s2.752227,s224.292678
183_64,s9.422374,s5.609603,s297.606551
183_65,s9.752801,s4.450419,s284.188123
183_66,s10.268845,s5.837133,s274.967206
183_67,s9.221163,s6.509619,s229.383757
183_68,s7.671852,s3.202952,s184.183221
183_69,s6.554848,s2.336980,s177.810875
183_70,s4.209040,s5.353646,s67.051797
183_71,s4.418269,s4.502404,s70.380157
183_72,s8.120886,s2.691477,s198.734904
183_73,s9.692388,s3.527155,s227.574887
183_74,s5.629109,s2.046670,s251.626117
183_75,s7.187966,s2.238176,s143.276084
183_76,s4.277196,s3.755270,s36.325632
183_77,s9.218627,s2.722442,s207.561169
183_78,s5.269093,s2.420273,s93.565123
183_79,s3.739555,s7.573603,s166.019064
183_80,s10.065993,s1.164742,s196.305095
183_81,s5.053016,s3.044278,s83.608301
183_82,s3.685379,s5.053152,s27.509791
183_83,s3.750436,s3.912726,s133.487089
183_84,s3.184363,s5.220431,s97.499061
183_85,s4.169020,s6.408134,s84.465890
183_86,s3.402307,s6.007617,s70.529111
183_87,s3.554587,s4.400734,s58.096730
183_88,s5.601663,s1.601680,s135.715203
183_89,s6.423323,s8.361578,s10.683472
183_90,s8.232276,s8.144089,s336.202683
183_91,s4.408060,s2.805566,s169.271009
183_92,s5.852495,s8.581184,s333.848083
183_93,s6.817778,s8.649044,s278.497376
183_94,s8.886973,s7.852290,s351.908428
183_95,s3.321177,s6.708609,s57.675100
183_96,s4.988139,s8.358527,s59.249960
183_97,s4.408421,s9.490713,s335.700198
183_98,s3.800248,s3.055307,s68.186470
183_99,s7.925992,s8.713361,s320.123857
183_100,s2.782609,s5.671012,s132.068309
183_101,s0.781502,s9.523537,s231.615741
183_102,s3.042387,s9.151215,s69.720022
183_103,s6.370574,s9.322303,s358.882203
183_104,s3.123301,s4.215360,s97.240120
183_105,s5.453695,s8.700589,s25.287596
183_106,s2.776161,s4.623008,s76.744234
183_107,s2.585494,s6.712829,s8.335234
183_108,s3.310101,s2.734911,s76.812762
183_109,s7.012738,s9.278471,s230.434429
183_110,s3.204342,s7.338013,s9.331424
183_111,s4.364910,s0.487787,s105.088630
183_112,s3.982038,s2.503927,s110.275221
183_113,s4.139423,s7.767451,s335.997343
183_114,s5.565545,s9.247039,s312.918642
183_115,s5.253103,s9.728857,s43.382345
183_116,s7.592462,s9.233104,s337.961931
183_117,s9.335675,s7.151402,s241.284563
183_118,s9.794903,s6.411935,s290.079996
183_119,s3.245789,s8.350748,s50.790775
183_120,s9.789725,s7.378054,s302.213158
183_121,s9.267706,s1.836654,s180.551730
183_122,s6.961082,s9.578562,s36.427553
183_123,s10.109525,s5.298329,s255.096897
183_124,s8.244722,s9.451502,s344.369125
183_125,s4.822146,s8.952810,s355.086780
183_126,s9.594858,s4.822412,s344.329466
183_127,s8.547936,s10.567275,s135.370261
183_128,s3.654821,s9.581838,s31.637600
183_129,s8.576189,s9.062910,s296.159422
183_130,s9.272985,s7.737324,s292.859425
183_131,s8.801561,s9.839098,s319.580728
183_132,s9.727274,s2.732690,s286.492753
183_133,s6.176794,s1.568317,s152.273798
183_134,s7.919070,s1.985051,s238.013006
183_135,s2.364187,s6.312258,s153.967899
183_136,s2.033815,s5.310906,s75.830519
183_137,s7.319878,s1.749010,s202.443904
183_138,s3.713973,s8.039952,s12.027672
183_139,s1.524433,s4.286062,s74.612852
183_140,s10.671373,s6.233535,s350.828175
183_141,s4.118092,s8.519138,s0.226860
183_142,s8.649803,s2.301749,s254.021280
183_143,s2.204422,s7.478522,s30.002425
183_144,s5.861706,s10.009431,s322.676255
183_145,s2.178270,s7.053666,s106.839019
183_146,s1.098092,s3.136913,s120.623851
183_147,s7.462433,s10.298591,s312.739333
183_148,s9.405190,s9.024613,s259.944915
183_149,s5.462392,s10.220061,s5.785075
183_150,s4.147153,s10.006481,s346.269327
183_151,s3.613917,s8.870094,s35.041927
183_152,s2.195583,s2.341148,s17.215422
183_153,s2.535839,s8.378059,s25.225611
183_154,s4.583648,s1.893490,s160.202986
183_155,s10.206430,s4.175102,s247.772336
183_156,s1.894049,s4.457004,s15.637948
183_157,s2.313997,s3.907927,s125.391619
183_158,s2.943834,s3.719330,s160.318982
183_159,s6.589085,s10.698923,s57.169167
183_160,s2.815920,s7.914290,s79.003583
183_161,s10.249191,s8.578920,s242.470916
183_162,s10.241273,s7.124904,s280.000000
183_163,s1.864908,s6.349398,s116.149935
183_164,s1.515489,s9.800958,s37.349655
183_165,s4.774033,s10.502617,s312.374241
183_166,s0.607305,s4.287526,s130.612309
183_167,s2.348055,s3.354277,s180.000000
183_168,s6.943422,s10.167288,s345.307574
183_169,s1.187237,s4.886854,s52.659549
183_170,s7.006517,s0.894284,s140.000000
183_171,s3.696611,s10.466874,s41.089497
183_172,s2.141639,s9.473553,s13.458117
183_173,s1.590041,s7.478748,s0.000000
183_174,s4.761109,s1.247721,s180.000000
183_175,s3.839432,s1.847707,s128.288105
183_176,s1.339143,s7.053945,s75.435859
183_177,s8.805264,s1.028123,s191.945500
183_178,s0.994936,s6.431964,s72.402688
183_179,s5.341951,s0.907322,s160.000000
183_180,s7.132675,s0.402394,s240.000000
183_181,s2.811304,s1.579542,s155.986033
183_182,s6.066860,s0.789187,s189.430885
184_0,s5.318784,s4.497808,s155.083789
184_1,s6.174764,s4.590910,s206.180148
184_2,s5.443518,s5.583972,s146.259059
184_3,s5.067108,s3.642446,s124.051521
184_4,s5.623497,s3.657932,s172.185046
184_5,s5.954131,s4.127759,s111.625215
184_6,s5.853530,s5.432060,s334.853987
184_7,s6.088889,s5.100036,s245.830198
184_8,s6.789194,s3.475350,s224.211385
184_9,s7.491882,s3.982246,s174.817882
184_10,s6.250205,s3.815203,s185.317027
184_11,s5.843388,s4.662250,s66.172135
184_12,s6.731938,s4.518500,s316.598268
184_13,s4.687683,s4.326119,s172.763098
184_14,s6.388168,s5.622800,s305.629873
184_15,s7.478449,s5.042705,s287.151329
184_16,s6.813562,s4.110523,s222.360085
184_17,s7.228393,s4.491368,s276.592573
184_18,s6.347906,s6.111204,s340.309550
184_19,s4.915214,s5.440739,s64.270949
184_20,s5.610254,s5.883160,s37.588747
184_21,s6.798834,s5.170028,s344.327548
184_22,s2.761233,s2.500808,s175.255932
184_23,s5.798875,s6.407759,s296.109201
184_24,s5.400656,s6.692674,s32.026723
184_25,s6.958034,s6.346252,s15.414033
184_26,s4.568348,s6.433104,s320.426147
184_27,s7.288756,s6.180293,s264.327577
184_28,s8.036400,s4.116045,s170.356629
184_29,s7.276517,s5.637090,s246.083806
184_30,s4.007988,s6.909751,s347.055037
184_31,s8.793820,s3.777497,s207.286011
184_32,s7.691319,s6.748143,s83.689669
184_33,s7.845482,s5.723624,s307.116602
184_34,s7.126899,s7.213004,s289.256917
184_35,s7.995379,s6.452972,s282.302437
184_36,s8.278910,s5.523851,s218.011258
184_37,s5.900051,s6.861336,s345.289643
184_38,s6.444387,s7.056162,s318.427250
184_39,s8.751583,s6.262832,s170.984218
184_40,s8.243877,s3.480445,s249.437534
184_41,s8.127110,s4.660397,s220.498306
184_42,s7.974050,s6.994707,s331.841808
184_43,s6.540825,s7.657799,s38.217527
184_44,s4.772735,s7.152540,s47.065366
184_45,s8.754569,s4.815087,s251.525050
184_46,s8.609944,s7.328133,s21.511714
184_47,s7.273634,s7.647602,s336.918446
184_48,s4.643740,s7.822162,s279.790248
184_49,s10.333611,s10.380052,s314.291170
184_50,s6.738757,s2.959592,s131.186868
184_51,s9.010086,s5.264066,s5.356552
184_52,s9.383023,s8.246181,s25.829000
184_53,s8.960178,s4.339174,s215.283492
184_54,s4.566547,s5.064451,s107.265513
184_55,s7.876483,s7.763546,s19.764960
184_56,s5.427650,s7.275453,s309.022980
184_57,s5.678867,s7.891140,s30.452969
184_58,s4.510052,s6.078514,s117.790990
184_59,s8.788658,s2.858483,s68.804773
184_60,s8.841483,s6.817541,s343.686207
184_61,s5.963096,s2.413215,s69.345801
184_62,s6.760748,s8.051950,s295.314660
184_63,s7.184908,s2.741630,s224.292678
184_64,s9.378226,s5.599007,s297.606551
184_65,s9.708654,s4.439822,s284.188123
184_66,s10.224698,s5.826536,s274.967206
184_67,s9.177016,s6.499023,s229.383757
184_68,s7.627705,s3.192355,s184.183221
184_69,s6.510701,s2.326384,s177.810875
184_70,s4.164892,s5.343050,s67.051797
184_71,s4.374121,s4.491807,s70.380157
184_72,s8.076738,s2.680881,s198.734904
184_73,s9.597750,s3.541453,s227.574887
184_74,s5.584961,s2.036074,s251.626117
184_75,s7.143819,s2.227580,s143.276084
184_76,s4.233048,s3.744673,s36.325632
184_77,s9.154585,s2.727318,s207.561169
184_78,s5.224945,s2.409677,s93.565123
184_79,s3.695407,s7.563007,s166.019064
184_80,s9.945903,s1.228164,s196.305095
184_81,s5.008868,s3.033682,s83.608301
184_82,s3.641231,s5.042555,s27.509791
184_83,s3.706289,s3.902130,s133.487089
184_84,s3.140216,s5.209835,s97.499061
184_85,s4.124872,s6.397538,s84.465890
184_86,s3.358160,s5.997021,s70.529111
184_87,s3.510440,s4.390138,s58.096730
184_88,s5.557515,s1.591084,s135.715203
184_89,s6.379176,s8.350981,s10.683472
184_90,s8.188129,s8.133493,s336.202683
184_91,s4.363912,s2.794969,s169.271009
184_92,s5.808348,s8.570588,s333.848083
184_93,s6.773630,s8.638448,s278.497376
184_94,s8.842825,s7.841694,s351.908428
184_95,s3.277029,s6.698012,s57.675100
184_96,s4.943992,s8.347931,s59.249960
184_97,s4.364274,s9.480117,s335.700198
184_98,s3.756100,s3.044710,s68.186470
184_99,s7.881845,s8.702765,s320.123857
184_100,s2.738462,s5.660416,s132.068309
184_101,s0.769220,s9.486437,s231.615741
184_102,s2.998239,s9.140618,s69.720022
184_103,s6.326427,s9.311706,s358.882203
184_104,s3.079154,s4.204764,s97.240120
184_105,s5.409548,s8.689993,s25.287596
184_106,s2.732014,s4.612411,s76.744234
184_107,s2.541346,s6.702233,s8.335234
184_108,s3.265954,s2.724315,s76.812762
184_109,s6.968591,s9.267875,s230.434429
184_110,s3.160194,s7.327417,s9.331424
184_111,s4.320762,s0.477190,s105.088630
184_112,s3.937890,s2.493331,s110.275221
184_113,s4.095276,s7.756855,s335.997343
184_114,s5.521397,s9.236443,s312.918642
184_115,s5.208956,s9.718261,s43.382345
184_116,s7.548315,s9.222508,s337.961931
184_117,s9.291528,s7.140806,s241.284563
184_118,s9.750755,s6.401339,s290.079996
184_119,s3.201641,s8.340152,s50.790775
184_120,s9.745577,s7.367457,s302.213158
184_121,s9.208585,s1.841121,s180.551730
184_122,s6.916934,s9.567966,s36.427553
184_123,s10.033631,s5.289591,s255.096897
184_124,s8.200575,s9.440905,s344.369125
184_125,s4.777999,s8.942214,s355.086780
184_126,s9.550711,s4.811815,s344.329466
184_127,s8.503788,s10.556678,s135.370261
184_128,s3.610674,s9.571242,s31.637600
184_129,s8.532041,s9.052314,s296.159422
184_130,s9.228837,s7.726728,s292.859425
184_131,s8.710844,s9.767634,s319.580728
184_132,s9.683126,s2.722094,s286.492753
184_133,s6.132647,s1.557720,s152.273798
184_134,s7.852293,s2.008431,s238.013006
184_135,s2.320039,s6.301661,s153.967899
184_136,s1.989668,s5.300310,s75.830519
184_137,s7.275731,s1.738414,s202.443904
184_138,s3.669826,s8.029356,s12.027672
184_139,s1.480286,s4.275466,s74.612852
184_140,s10.597952,s6.219145,s350.828175
184_141,s4.073945,s8.508542,s0.226860
184_142,s8.605656,s2.291153,s254.021280
184_143,s2.160275,s7.467926,s30.002425
184_144,s5.817559,s9.998835,s322.676255
184_145,s2.134122,s7.043070,s106.839019
184_146,s1.149548,s3.178705,s120.623851
184_147,s7.399310,s10.241310,s312.739333
184_148,s9.361043,s9.014016,s259.944915
184_149,s5.418245,s10.209465,s5.785075
184_150,s4.103005,s9.995884,s346.269327
184_151,s3.569770,s8.859497,s35.041927
184_152,s2.151436,s2.330552,s17.215422
184_153,s2.491692,s8.367463,s25.225611
184_154,s4.539501,s1.882894,s160.202986
184_155,s10.162282,s4.164506,s247.772336
184_156,s1.849901,s4.446407,s15.637948
184_157,s2.269850,s3.897331,s125.391619
184_158,s2.899687,s3.708734,s160.318982
184_159,s6.544938,s10.688327,s57.169167
184_160,s2.771773,s7.903694,s79.003583
184_161,s10.063915,s8.478137,s242.470916
184_162,s10.197126,s7.114308,s280.000000
184_163,s1.820761,s6.338802,s116.149935
184_164,s1.514019,s9.745510,s37.349655
184_165,s4.729885,s10.492021,s312.374241
184_166,s0.607305,s4.288439,s130.612309
184_167,s2.303907,s3.343680,s180.000000
184_168,s6.899275,s10.156691,s345.307574
184_169,s1.332427,s4.905916,s52.659549
184_170,s6.936310,s0.966735,s140.000000
184_171,s3.702151,s10.323707,s41.089497
184_172,s2.136988,s9.417462,s13.458117
184_173,s1.545894,s7.468152,s0.000000
184_174,s4.716961,s1.237124,s180.000000
184_175,s3.803304,s1.854519,s128.288105
184_176,s1.315644,s7.036059,s75.435859
184_177,s8.752472,s1.029518,s191.945500
184_178,s1.010069,s6.410075,s72.402688
184_179,s5.298221,s0.906913,s160.000000
184_180,s7.076687,s0.430026,s240.000000
184_181,s2.815400,s1.639615,s155.986033
184_182,s6.021528,s0.789187,s189.430885
184_183,s1.118661,s5.811307,s100.000000
185_0,s5.314100,s4.431431,s155.083789
185_1,s6.170080,s4.524533,s206.180148
185_2,s5.438833,s5.517594,s146.259059
185_3,s5.062424,s3.576069,s124.051521
185_4,s5.618812,s3.591555,s172.185046
185_5,s5.949447,s4.061381,s111.625215
185_6,s5.848846,s5.365683,s334.853987
185_7,s6.084205,s5.033658,s245.830198
185_8,s6.784509,s3.408972,s224.211385
185_9,s7.487198,s3.915868,s174.817882
185_10,s6.245521,s3.748825,s185.317027
185_11,s5.838703,s4.595872,s66.172135
185_12,s6.727254,s4.452122,s316.598268
185_13,s4.682999,s4.259742,s172.763098
185_14,s6.383484,s5.556422,s305.629873
185_15,s7.473765,s4.976327,s287.151329
185_16,s6.808878,s4.044146,s222.360085
185_17,s7.223708,s4.424990,s276.592573
185_18,s6.343222,s6.044827,s340.309550
185_19,s4.910529,s5.374361,s64.270949
185_20,s5.605570,s5.816782,s37.588747
185_21,s6.794150,s5.103651,s344.327548
185_22,s2.756549,s2.434430,s175.255932
185_23,s5.794190,s6.341382,s296.109201
185_24,s5.395971,s6.626297,s32.026723
185_25,s6.953350,s6.279874,s15.414033
185_26,s4.563664,s6.366727,s320.426147
185_27,s7.284072,s6.113916,s264.327577
185_28,s8.031715,s4.049668,s170.356629
185_29,s7.271832,s5.570712,s246.083806
185_30,s4.003304,s6.843374,s347.055037
185_31,s8.789136,s3.711119,s207.286011
185_32,s7.686635,s6.681766,s83.689669
185_33,s7.840797,s5.657247,s307.116602
185_34,s7.122215,s7.146626,s289.256917
185_35,s7.990694,s6.386594,s282.302437
185_36,s8.274226,s5.457474,s218.011258
185_37,s5.895367,s6.794958,s345.289643
185_38,s6.439703,s6.989785,s318.427250
185_39,s8.746899,s6.196455,s170.984218
185_40,s8.239193,s3.414068,s249.437534
185_41,s8.122426,s4.594019,s220.498306
185_42,s7.969366,s6.928330,s331.841808
185_43,s6.536141,s7.591422,s38.217527
185_44,s4.768051,s7.086163,s47.065366
185_45,s8.749884,s4.748709,s251.525050
185_46,s8.605260,s7.261755,s21.511714
185_47,s7.268950,s7.581224,s336.918446
185_48,s4.639055,s7.755784,s279.790248
185_49,s10.257389,s10.242193,s294.150927
185_50,s6.734073,s2.893214,s131.186868
185_51,s9.005402,s5.197689,s5.356552
185_52,s9.378338,s8.179804,s25.829000
185_53,s8.955494,s4.272797,s215.283492
185_54,s4.561863,s4.998074,s107.265513
185_55,s7.871799,s7.697168,s19.764960
185_56,s5.422966,s7.209076,s309.022980
185_57,s5.674183,s7.824762,s30.452969
185_58,s4.505368,s6.012136,s117.790990
185_59,s8.783974,s2.792105,s68.804773
185_60,s8.836798,s6.751163,s343.686207
185_61,s5.958412,s2.346837,s69.345801
185_62,s6.756064,s7.985572,s295.314660
185_63,s7.180223,s2.675253,s224.292678
185_64,s9.373542,s5.532630,s297.606551
185_65,s9.703970,s4.373445,s284.188123
185_66,s10.220014,s5.760159,s274.967206
185_67,s9.172331,s6.432645,s229.383757
185_68,s7.623021,s3.125978,s184.183221
185_69,s6.506017,s2.260006,s177.810875
185_70,s4.160208,s5.276672,s67.051797
185_71,s4.369437,s4.425430,s70.380157
185_72,s8.072054,s2.614503,s202.355762
185_73,s9.571263,s3.485850,s264.158722
185_74,s5.580277,s1.969696,s251.626117
185_75,s7.139135,s2.161202,s143.276084
185_76,s4.228364,s3.678296,s36.325632
185_77,s9.149901,s2.660940,s207.561169
185_78,s5.220261,s2.343299,s92.593311
185_79,s3.690723,s7.496629,s166.019064
185_80,s10.082245,s0.686001,s131.857738
185_81,s5.004184,s2.967304,s83.608301
185_82,s3.636547,s4.976178,s27.509791
185_83,s3.701605,s3.835752,s133.487089
185_84,s3.135531,s5.143457,s97.499061
185_85,s4.120188,s6.331161,s84.465890
185_86,s3.353475,s5.930643,s51.937207
185_87,s3.505756,s4.323760,s58.096730
185_88,s5.552831,s1.524706,s135.715203
185_89,s6.374491,s8.284604,s10.683472
185_90,s8.183445,s8.067116,s336.202683
185_91,s4.359228,s2.728592,s169.271009
185_92,s5.803664,s8.504210,s333.848083
185_93,s6.768946,s8.572071,s278.497376
185_94,s8.838141,s7.775316,s351.908428
185_95,s3.272345,s6.631635,s57.675100
185_96,s4.939308,s8.281554,s59.249960
185_97,s4.359590,s9.413739,s335.700198
185_98,s3.751416,s2.978333,s84.770887
185_99,s7.877161,s8.636387,s320.123857
185_100,s2.733778,s5.594038,s132.068309
185_101,s0.207781,s8.846487,s262.848995
185_102,s2.993555,s9.074241,s69.720022
185_103,s6.321743,s9.245329,s358.882203
185_104,s3.074470,s4.138386,s97.240120
185_105,s5.404864,s8.623615,s25.287596
185_106,s2.727330,s4.546034,s76.744234
185_107,s2.536662,s6.635855,s8.335234
185_108,s2.307219,s1.779346,s74.848139
185_109,s6.963907,s9.201498,s230.434429
185_110,s3.155510,s7.261040,s9.331424
185_111,s4.491625,s0.501855,s87.102702
185_112,s3.933206,s2.426954,s110.275221
185_113,s4.090591,s7.690477,s335.997343
185_114,s5.516713,s9.170065,s312.918642
185_115,s5.204272,s9.651884,s43.382345
185_116,s7.543631,s9.156130,s329.930345
185_117,s9.286844,s7.074428,s241.284563
185_118,s9.746071,s6.334961,s290.079996
185_119,s3.196957,s8.273774,s50.790775
185_120,s9.740893,s7.301080,s302.213158
185_121,s9.203901,s1.774743,s180.551730
185_122,s6.912250,s9.501588,s36.427553
185_123,s10.017111,s5.223924,s239.015604
185_124,s8.195891,s9.374528,s344.369125
185_125,s4.773315,s8.875836,s355.086780
185_126,s9.546027,s4.745438,s344.329466
185_127,s8.499104,s10.490301,s135.370261
185_128,s3.605990,s9.504865,s68.965272
185_129,s8.527357,s8.985936,s296.159422
185_130,s9.224153,s7.660351,s292.859425
185_131,s8.706160,s9.701256,s319.580728
185_132,s9.653767,s2.672506,s286.492753
185_133,s6.127963,s1.491343,s152.273798
185_134,s7.847609,s1.942053,s238.013006
185_135,s2.315355,s6.235284,s153.967899
185_136,s1.984984,s5.233932,s75.830519
185_137,s7.271047,s1.672037,s229.191571
185_138,s3.665142,s7.962978,s12.027672
185_139,s1.475602,s4.209088,s72.871909
185_140,s10.593268,s6.152767,s350.828175
185_141,s4.069261,s8.442164,s0.226860
185_142,s8.600972,s2.224775,s254.021280
185_143,s2.155591,s7.401548,s30.002425
185_144,s5.812874,s9.932457,s322.676255
185_145,s2.129438,s6.976692,s106.839019
185_146,s1.053540,s2.701870,s127.899102
185_147,s7.394626,s10.174933,s312.739333
185_148,s9.356359,s8.947639,s259.944915
185_149,s5.413560,s10.143087,s5.785075
185_150,s4.098321,s9.929507,s346.269327
185_151,s3.565086,s8.793120,s35.041927
185_152,s1.926039,s2.401954,s36.631007
185_153,s2.487007,s8.301086,s25.225611
185_154,s4.534817,s1.816516,s160.202986
185_155,s10.157598,s4.098129,s236.227548
185_156,s1.845217,s4.380030,s15.637948
185_157,s1.945196,s3.627415,s114.159411
185_158,s2.895003,s3.642356,s160.318982
185_159,s6.540254,s10.621949,s57.169167
185_160,s2.767088,s7.837316,s79.003583
185_161,s10.108216,s8.331012,s246.595365
185_162,s10.192442,s7.047931,s273.668368
185_163,s1.816076,s6.272424,s116.149935
185_164,s1.599118,s9.585134,s37.349655
185_165,s4.728271,s10.406260,s312.374241
185_166,s0.822322,s3.673085,s115.071840
185_167,s2.299223,s3.277303,s180.000000
185_168,s6.894591,s10.090314,s345.307574
185_169,s1.341388,s4.841678,s108.601436
185_170,s6.923123,s0.927763,s140.000000
185_171,s3.343944,s10.122143,s68.459828
185_172,s2.140368,s9.341866,s13.458117
185_173,s1.541210,s7.401774,s0.000000
185_174,s4.712277,s1.170747,s192.454444
185_175,s3.825203,s1.845844,s128.288105
185_176,s0.738039,s7.285467,s52.287551
185_177,s8.784620,s0.860079,s191.945500
185_178,s1.046607,s6.335921,s58.593561
185_179,s5.293537,s0.840536,s160.000000
185_180,s7.059312,s0.405234,s240.000000
185_181,s1.698799,s0.826024,s167.967059
185_182,s6.016844,s0.722810,s205.376380
185_183,s1.113977,s5.744930,s100.000000
185_184,s3.982267,s1.253088,s120.000000
186_0,s5.284939,s4.431431,s155.083789
186_1,s6.140919,s4.524533,s206.180148
186_2,s5.409672,s5.517594,s146.259059
186_3,s5.033263,s3.576069,s124.051521
186_4,s5.589651,s3.591555,s172.185046
186_5,s5.920286,s4.061381,s111.625215
186_6,s5.819685,s5.365683,s334.853987
186_7,s6.055044,s5.033658,s245.830198
186_8,s6.755348,s3.408972,s224.211385
186_9,s7.458037,s3.915868,s174.817882
186_10,s6.216360,s3.748825,s185.317027
186_11,s5.809542,s4.595872,s66.172135
186_12,s6.698092,s4.452122,s316.598268
186_13,s4.653838,s4.259742,s172.763098
186_14,s6.354323,s5.556422,s305.629873
186_15,s7.444604,s4.976327,s287.151329
186_16,s6.779717,s4.044146,s222.360085
186_17,s7.194547,s4.424990,s276.592573
186_18,s6.314061,s6.044827,s340.309550
186_19,s4.881368,s5.374361,s64.270949
186_20,s5.576409,s5.816782,s37.588747
186_21,s6.764989,s5.103651,s344.327548
186_22,s2.781886,s2.495480,s175.255932
186_23,s5.765029,s6.341382,s296.109201
186_24,s5.366810,s6.626297,s32.026723
186_25,s6.924189,s6.279874,s15.414033
186_26,s4.534503,s6.366727,s320.426147
186_27,s7.254910,s6.113916,s264.327577
186_28,s8.002554,s4.049668,s170.356629
186_29,s7.242671,s5.570712,s246.083806
186_30,s3.974142,s6.843374,s347.055037
186_31,s8.759975,s3.711119,s207.286011
186_32,s7.657474,s6.681766,s83.689669
186_33,s7.811636,s5.657247,s307.116602
186_34,s7.093054,s7.146626,s289.256917
186_35,s7.961533,s6.386594,s282.302437
186_36,s8.245065,s5.457474,s218.011258
186_37,s5.866206,s6.794958,s345.289643
186_38,s6.410542,s6.989785,s318.427250
186_39,s8.717738,s6.196455,s170.984218
186_40,s8.210032,s3.414068,s249.437534
186_41,s8.093265,s4.594019,s220.498306
186_42,s7.940204,s6.928330,s331.841808
186_43,s6.506980,s7.591422,s38.217527
186_44,s4.738890,s7.086163,s47.065366
186_45,s8.720723,s4.748709,s251.525050
186_46,s8.576099,s7.261755,s21.511714
186_47,s7.239789,s7.581224,s336.918446
186_48,s4.609894,s7.755784,s279.790248
186_49,s10.167629,s10.181888,s294.150927
186_50,s6.704912,s2.893214,s131.186868
186_51,s8.976241,s5.197689,s5.356552
186_52,s9.349177,s8.179804,s25.829000
186_53,s8.926333,s4.272797,s215.283492
186_54,s4.532702,s4.998074,s107.265513
186_55,s7.842637,s7.697168,s19.764960
186_56,s5.393804,s7.209076,s309.022980
186_57,s5.645022,s7.824762,s30.452969
186_58,s4.476207,s6.012136,s117.790990
186_59,s8.754813,s2.792105,s68.804773
186_60,s8.807637,s6.751163,s343.686207
186_61,s5.929250,s2.346837,s69.345801
186_62,s6.726903,s7.985572,s295.314660
186_63,s7.151062,s2.675253,s224.292678
186_64,s9.344381,s5.532630,s297.606551
186_65,s9.674809,s4.373445,s284.188123
186_66,s10.190853,s5.760159,s274.967206
186_67,s9.143170,s6.432645,s229.383757
186_68,s7.593860,s3.125978,s184.183221
186_69,s6.476856,s2.260006,s177.810875
186_70,s4.131047,s5.276672,s67.051797
186_71,s4.340276,s4.425430,s70.380157
186_72,s8.042893,s2.614503,s202.355762
186_73,s9.473032,s3.520614,s264.158722
186_74,s5.551116,s1.969696,s251.626117
186_75,s7.109973,s2.161202,s143.276084
186_76,s4.199203,s3.678296,s36.325632
186_77,s9.120740,s2.660940,s207.561169
186_78,s5.191100,s2.343299,s92.593311
186_79,s3.661562,s7.496629,s166.019064
186_80,s9.999530,s0.742722,s131.857738
186_81,s4.975023,s2.967304,s83.608301
186_82,s3.607386,s4.976178,s27.509791
186_83,s3.672444,s3.835752,s133.487089
186_84,s3.106370,s5.143457,s97.499061
186_85,s4.091027,s6.331161,s84.465890
186_86,s3.394919,s5.917511,s51.937207
186_87,s3.476595,s4.323760,s58.096730
186_88,s5.523670,s1.524706,s135.715203
186_89,s6.345330,s8.284604,s10.683472
186_90,s8.154284,s8.067116,s336.202683
186_91,s4.330067,s2.728592,s169.271009
186_92,s5.774503,s8.504210,s333.848083
186_93,s6.739785,s8.572071,s278.497376
186_94,s8.808980,s7.775316,s351.908428
186_95,s3.243184,s6.631635,s57.675100
186_96,s4.910146,s8.281554,s59.249960
186_97,s4.330429,s9.413739,s335.700198
186_98,s3.747516,s3.014865,s84.770887
186_99,s7.847999,s8.636387,s320.123857
186_100,s2.704617,s5.594038,s132.068309
186_101,s0.207781,s8.828242,s262.848995
186_102,s2.964394,s9.074241,s69.720022
186_103,s6.292581,s9.245329,s358.882203
186_104,s3.045309,s4.138386,s97.240120
186_105,s5.375703,s8.623615,s25.287596
186_106,s2.698168,s4.546034,s76.744234
186_107,s2.507501,s6.635855,s8.335234
186_108,s2.382379,s1.901181,s74.848139
186_109,s6.934745,s9.201498,s230.434429
186_110,s3.126349,s7.261040,s9.331424
186_111,s4.478237,s0.579243,s87.102702
186_112,s3.904045,s2.426954,s110.275221
186_113,s4.061430,s7.690477,s335.997343
186_114,s5.487552,s9.170065,s312.918642
186_115,s5.175110,s9.651884,s43.382345
186_116,s7.514469,s9.156130,s329.930345
186_117,s9.257682,s7.074428,s241.284563
186_118,s9.716910,s6.334961,s290.079996
186_119,s3.167796,s8.273774,s50.790775
186_120,s9.711732,s7.301080,s302.213158
186_121,s9.174740,s1.774743,s180.551730
186_122,s6.883089,s9.501588,s36.427553
186_123,s9.987950,s5.223924,s239.015604
186_124,s8.166730,s9.374528,s344.369125
186_125,s4.744153,s8.875836,s355.086780
186_126,s9.516866,s4.745438,s344.329466
186_127,s8.463747,s10.480000,s135.370261
186_128,s3.576829,s9.504865,s68.965272
186_129,s8.498196,s8.985936,s296.159422
186_130,s9.194992,s7.660351,s292.859425
186_131,s8.676999,s9.701256,s319.580728
186_132,s9.606861,s2.684729,s286.492753
186_133,s6.098801,s1.491343,s152.273798
186_134,s7.818448,s1.942053,s238.013006
186_135,s2.286194,s6.235284,s153.967899
186_136,s1.955822,s5.233932,s75.830519
186_137,s7.241886,s1.672037,s229.191571
186_138,s3.635980,s7.962978,s12.027672
186_139,s1.446440,s4.209088,s72.871909
186_140,s10.564106,s6.152767,s350.828175
186_141,s4.040100,s8.442164,s0.226860
186_142,s8.571811,s2.224775,s254.021280
186_143,s2.126430,s7.401548,s30.002425
186_144,s5.783713,s9.932457,s322.676255
186_145,s2.100277,s6.976692,s106.839019
186_146,s1.056371,s2.722111,s127.899102
186_147,s7.365464,s10.174933,s312.739333
186_148,s9.327197,s8.947639,s259.944915
186_149,s5.384399,s10.143087,s5.785075
186_150,s4.069160,s9.929507,s346.269327
186_151,s3.535925,s8.793120,s35.041927
186_152,s1.896878,s2.401954,s36.631007
186_153,s2.457846,s8.301086,s25.225611
186_154,s4.505655,s1.816516,s160.202986
186_155,s10.128437,s4.098129,s236.227548
186_156,s1.816056,s4.380030,s15.637948
186_157,s2.001929,s3.673151,s114.159411
186_158,s2.865842,s3.642356,s160.318982
186_159,s6.511092,s10.621949,s57.169167
186_160,s2.737927,s7.837316,s79.003583
186_161,s10.042877,s8.308894,s246.595365
186_162,s10.135886,s7.039040,s273.668368
186_163,s1.786915,s6.272424,s116.149935
186_164,s1.632300,s9.520565,s37.349655
186_165,s4.699110,s10.406260,s312.374241
186_166,s0.904213,s3.716966,s115.071840
186_167,s2.270062,s3.277303,s180.000000
186_168,s6.865429,s10.090314,s345.307574
186_169,s1.333823,s4.845229,s108.601436
186_170,s6.869130,s1.008937,s140.000000
186_171,s3.328359,s10.093403,s68.459828
186_172,s2.118998,s9.333081,s13.458117
186_173,s1.512048,s7.401774,s0.000000
186_174,s4.700501,s1.265193,s192.454444
186_175,s3.807743,s1.871394,s128.288105
186_176,s0.796245,s7.253347,s52.287551
186_177,s8.701574,s0.936908,s191.945500
186_178,s1.071142,s6.326206,s58.593561
186_179,s5.264376,s0.840536,s160.000000
186_180,s7.022069,s0.432030,s240.000000
186_181,s1.754438,s0.930493,s167.967059
186_182,s5.987682,s0.722810,s205.376380
186_183,s1.099569,s5.744203,s100.000000
186_184,s3.958731,s1.268784,s120.000000
186_185,s1.856850,s8.352742,s0.000000
187_0,s5.205898,s4.431431,s155.083789
187_1,s6.061878,s4.524533,s206.180148
187_2,s5.330631,s5.517594,s146.259059
187_3,s4.954222,s3.576069,s124.051521
187_4,s5.510610,s3.591555,s172.185046
187_5,s5.841245,s4.061381,s111.625215
187_6,s5.740644,s5.365683,s334.853987
187_7,s5.976003,s5.033658,s245.830198
187_8,s6.676307,s3.408972,s224.211385
187_9,s7.378996,s3.915868,s174.817882
187_10,s6.137319,s3.748825,s185.317027
187_11,s5.730501,s4.595872,s66.172135
187_12,s6.619051,s4.452122,s316.598268
187_13,s4.574797,s4.259742,s172.763098
187_14,s6.275282,s5.556422,s305.629873
187_15,s7.365563,s4.976327,s287.151329
187_16,s6.700676,s4.044146,s222.360085
187_17,s7.115506,s4.424990,s276.592573
187_18,s6.235020,s6.044827,s340.309550
187_19,s4.802327,s5.374361,s64.270949
187_20,s5.497368,s5.816782,s37.588747
187_21,s6.685948,s5.103651,s344.327548
187_22,s2.710648,s2.504097,s175.255932
187_23,s5.685988,s6.341382,s296.109201
187_24,s5.287769,s6.626297,s32.026723
187_25,s6.845148,s6.279874,s15.414033
187_26,s4.455462,s6.366727,s320.426147
187_27,s7.175869,s6.113916,s264.327577
187_28,s7.923513,s4.049668,s170.356629
187_29,s7.163630,s5.570712,s246.083806
187_30,s3.895101,s6.843374,s347.055037
187_31,s8.680934,s3.711119,s207.286011
187_32,s7.578433,s6.681766,s83.689669
187_33,s7.732595,s5.657247,s307.116602
187_34,s7.014013,s7.146626,s289.256917
187_35,s7.882492,s6.386594,s282.302437
187_36,s8.166024,s5.457474,s218.011258
187_37,s5.787165,s6.794958,s345.289643
187_38,s6.331501,s6.989785,s318.427250
187_39,s8.638697,s6.196455,s170.984218
187_40,s8.130991,s3.414068,s249.437534
187_41,s8.014224,s4.594019,s220.498306
187_42,s7.861163,s6.928330,s331.841808
187_43,s6.427939,s7.591422,s38.217527
187_44,s4.659849,s7.086163,s47.065366
187_45,s8.641682,s4.748709,s251.525050
187_46,s8.497058,s7.261755,s21.511714
187_47,s7.160748,s7.581224,s336.918446
187_48,s4.530853,s7.755784,s279.790248
187_49,s10.052692,s10.145940,s294.150927
187_50,s6.625871,s2.893214,s131.186868
187_51,s8.897200,s5.197689,s5.356552
187_52,s9.270136,s8.179804,s25.829000
187_53,s8.847292,s4.272797,s215.283492
187_54,s4.453661,s4.998074,s107.265513
187_55,s7.763596,s7.697168,s19.764960
187_56,s5.314763,s7.209076,s309.022980
187_57,s5.565981,s7.824762,s30.452969
187_58,s4.397166,s6.012136,s117.790990
187_59,s8.675772,s2.792105,s68.804773
187_60,s8.728596,s6.751163,s343.686207
187_61,s5.850209,s2.346837,s69.345801
187_62,s6.647862,s7.985572,s295.314660
187_63,s7.072021,s2.675253,s224.292678
187_64,s9.265340,s5.532630,s297.606551
187_65,s9.595768,s4.373445,s284.188123
187_66,s10.111812,s5.760159,s274.967206
187_67,s9.064129,s6.432645,s229.383757
187_68,s7.514819,s3.125978,s184.183221
187_69,s6.397815,s2.260006,s177.810875
187_70,s4.052006,s5.276672,s67.051797
187_71,s4.261235,s4.425430,s70.380157
187_72,s7.953308,s2.626744,s202.355762
187_73,s9.363647,s3.535921,s264.158722
187_74,s5.472075,s1.969696,s251.626117
187_75,s7.030932,s2.161202,s143.276084
187_76,s4.120162,s3.678296,s36.325632
187_77,s9.041699,s2.660940,s207.561169
187_78,s5.112059,s2.343299,s92.593311
187_79,s3.582521,s7.496629,s166.019064
187_80,s9.853333,s0.814479,s131.857738
187_81,s4.895982,s2.967304,s83.608301
187_82,s3.528345,s4.976178,s27.509791
187_83,s3.593403,s3.835752,s133.487089
187_84,s3.027329,s5.143457,s97.499061
187_85,s4.011986,s6.331161,s84.465890
187_86,s3.333666,s5.914238,s51.937207
187_87,s3.397554,s4.323760,s58.096730
187_88,s5.444629,s1.524706,s135.715203
187_89,s6.266289,s8.284604,s10.683472
187_90,s8.075243,s8.067116,s336.202683
187_91,s4.251026,s2.728592,s169.271009
187_92,s5.695462,s8.504210,s333.848083
187_93,s6.660744,s8.572071,s278.497376
187_94,s8.729939,s7.775316,s351.908428
187_95,s3.164143,s6.631635,s57.675100
187_96,s4.831105,s8.281554,s59.249960
187_97,s4.251388,s9.413739,s335.700198
187_98,s3.693328,s3.049946,s84.770887
187_99,s7.768959,s8.636387,s320.123857
187_100,s2.625576,s5.594038,s132.068309
187_101,s0.207781,s8.779005,s262.848995
187_102,s2.885353,s9.074241,s69.720022
187_103,s6.213540,s9.245329,s358.882203
187_104,s2.966268,s4.138386,s97.240120
187_105,s5.296662,s8.623615,s25.287596
187_106,s2.619127,s4.546034,s76.744234
187_107,s2.428460,s6.635855,s8.335234
187_108,s2.338108,s1.941601,s74.848139
187_109,s6.855704,s9.201498,s230.434429
187_110,s3.047308,s7.261040,s9.331424
187_111,s4.413008,s0.645709,s87.102702
187_112,s3.825004,s2.426954,s110.275221
187_113,s3.982389,s7.690477,s335.997343
187_114,s5.408511,s9.170065,s312.918642
187_115,s5.096069,s9.651884,s43.382345
187_116,s7.435428,s9.156130,s329.930345
187_117,s9.178641,s7.074428,s241.284563
187_118,s9.637869,s6.334961,s290.079996
187_119,s3.088755,s8.273774,s50.790775
187_120,s9.632691,s7.301080,s302.213158
187_121,s9.095699,s1.774743,s180.551730
187_122,s6.804048,s9.501588,s36.427553
187_123,s9.895305,s5.224852,s239.015604
187_124,s8.087689,s9.374528,s344.369125
187_125,s4.665113,s8.875836,s355.086780
187_126,s9.437825,s4.745438,s344.329466
187_127,s8.384706,s10.480000,s135.370261
187_128,s3.505679,s9.488656,s68.965272
187_129,s8.419155,s8.985936,s296.159422
187_130,s9.115951,s7.660351,s292.859425
187_131,s8.597958,s9.701256,s319.580728
187_132,s9.527820,s2.684729,s286.492753
187_133,s6.019760,s1.491343,s152.273798
187_134,s7.739407,s1.942053,s238.013006
187_135,s2.207153,s6.235284,s153.967899
187_136,s1.876781,s5.233932,s75.830519
187_137,s7.162845,s1.672037,s229.191571
187_138,s3.556940,s7.962978,s12.027672
187_139,s1.367399,s4.209088,s72.871909
187_140,s10.485065,s6.152767,s350.828175
187_141,s3.961059,s8.442164,s0.226860
187_142,s8.492770,s2.224775,s254.021280
187_143,s2.057661,s7.395833,s30.002425
187_144,s5.704672,s9.932457,s322.676255
187_145,s2.021236,s6.976692,s106.839019
187_146,s1.040670,s2.761818,s127.899102
187_147,s7.279668,s10.157796,s312.739333
187_148,s9.248156,s8.947639,s259.944915
187_149,s5.305358,s10.143087,s5.785075
187_150,s3.990119,s9.929507,s346.269327
187_151,s3.456884,s8.793120,s35.041927
187_152,s1.833660,s2.415704,s36.631007
187_153,s2.378805,s8.301086,s25.225611
187_154,s4.426614,s1.816516,s160.202986
187_155,s10.049396,s4.098129,s236.227548
187_156,s1.737015,s4.380030,s15.637948
187_157,s1.969776,s3.698055,s114.159411
187_158,s2.786801,s3.642356,s160.318982
187_159,s6.432051,s10.621949,s57.169167
187_160,s2.658886,s7.837316,s79.003583
187_161,s9.963836,s8.308894,s246.595365
187_162,s10.056845,s7.039040,s273.668368
187_163,s1.707874,s6.272424,s116.149935
187_164,s1.553259,s9.520565,s37.349655
187_165,s4.620069,s10.406260,s312.374241
187_166,s0.848708,s3.726213,s115.071840
187_167,s2.191021,s3.277303,s180.000000
187_168,s6.782025,s10.075368,s345.307574
187_169,s1.266316,s4.847113,s108.601436
187_170,s6.790089,s1.008937,s140.000000
187_171,s3.260164,s10.070736,s68.459828
187_172,s2.039957,s9.333081,s13.458117
187_173,s1.433007,s7.401774,s0.000000
187_174,s4.621460,s1.265193,s192.454444
187_175,s3.736034,s1.887293,s128.288105
187_176,s0.736756,s7.246225,s52.287551
187_177,s8.531001,s1.068801,s191.945500
187_178,s0.992101,s6.326206,s58.593561
187_179,s5.185335,s0.840536,s160.000000
187_180,s6.936326,s0.454381,s240.000000
187_181,s1.696150,s0.955777,s167.967059
187_182,s5.908641,s0.722810,s205.376380
187_183,s1.020528,s5.744203,s100.000000
187_184,s3.899553,s1.323212,s120.000000
187_185,s1.777809,s8.352742,s0.000000
187_186,s0.768476,s5.064881,s60.000000
188_0,s5.157887,s4.431431,s155.083789
188_1,s6.013867,s4.524533,s206.180148
188_2,s5.282621,s5.517594,s146.259059
188_3,s4.906211,s3.576069,s124.051521
188_4,s5.462426,s3.601994,s172.185046
188_5,s5.793234,s4.061381,s111.625215
188_6,s5.692633,s5.365683,s334.853987
188_7,s5.927992,s5.033658,s245.830198
188_8,s6.628297,s3.408972,s224.211385
188_9,s7.330985,s3.915868,s174.817882
188_10,s6.089308,s3.748825,s185.317027
188_11,s5.682491,s4.595872,s66.172135
188_12,s6.571041,s4.452122,s316.598268
188_13,s4.526786,s4.259742,s172.763098
188_14,s6.227271,s5.556422,s305.629873
188_15,s7.317552,s4.976327,s287.151329
188_16,s6.652665,s4.044146,s222.360085
188_17,s7.067496,s4.424990,s276.592573
188_18,s6.187009,s6.044827,s340.309550
188_19,s4.754316,s5.374361,s64.270949
188_20,s5.449357,s5.816782,s37.588747
188_21,s6.637937,s5.103651,s344.327548
188_22,s2.671127,s2.513372,s175.255932
188_23,s5.637978,s6.341382,s296.109201
188_24,s5.239758,s6.626297,s32.026723
188_25,s6.797137,s6.279874,s15.414033
188_26,s4.407451,s6.366727,s320.426147
188_27,s7.127859,s6.113916,s264.327577
188_28,s7.875503,s4.049668,s170.356629
188_29,s7.115619,s5.570712,s246.083806
188_30,s3.847091,s6.843374,s347.055037
188_31,s8.632923,s3.711119,s207.286011
188_32,s7.530422,s6.681766,s83.689669
188_33,s7.684585,s5.657247,s307.116602
188_34,s6.966002,s7.146626,s289.256917
188_35,s7.834482,s6.386594,s282.302437
188_36,s8.118013,s5.457474,s218.011258
188_37,s5.739154,s6.794958,s345.289643
188_38,s6.283490,s6.989785,s318.427250
188_39,s8.590686,s6.196455,s170.984218
188_40,s8.082980,s3.414068,s249.437534
188_41,s7.966213,s4.594019,s220.498306
188_42,s7.813153,s6.928330,s331.841808
188_43,s6.379928,s7.591422,s38.217527
188_44,s4.611838,s7.086163,s47.065366
188_45,s8.593672,s4.748709,s251.525050
188_46,s8.449047,s7.261755,s21.511714
188_47,s7.112737,s7.581224,s336.918446
188_48,s4.482843,s7.755784,s279.790248
188_49,s9.967257,s10.108285,s294.150927
188_50,s6.577860,s2.893214,s131.186868
188_51,s8.849189,s5.197689,s5.356552
188_52,s9.222126,s8.179804,s25.829000
188_53,s8.799281,s4.272797,s215.283492
188_54,s4.405650,s4.998074,s107.265513
188_55,s7.715586,s7.697168,s19.764960
188_56,s5.266753,s7.209076,s309.022980
188_57,s5.517970,s7.824762,s30.452969
188_58,s4.349155,s6.012136,s117.790990
188_59,s8.627761,s2.792105,s68.804773
188_60,s8.680586,s6.751163,s343.686207
188_61,s5.802199,s2.346837,s69.345801
188_62,s6.599851,s7.985572,s295.314660
188_63,s7.024011,s2.675253,s224.292678
188_64,s9.217329,s5.532630,s297.606551
188_65,s9.547757,s4.373445,s284.188123
188_66,s10.063801,s5.760159,s274.967206
188_67,s9.016118,s6.432645,s229.383757
188_68,s7.466808,s3.125978,s184.183221
188_69,s6.349804,s2.260006,s177.810875
188_70,s4.003995,s5.276672,s67.051797
188_71,s4.213224,s4.425430,s70.380157
188_72,s7.905298,s2.626744,s202.355762
188_73,s9.315636,s3.535921,s264.158722
188_74,s5.424064,s1.969696,s251.626117
188_75,s6.982922,s2.161202,s143.276084
188_76,s4.072151,s3.678296,s36.325632
188_77,s8.993688,s2.660940,s207.561169
188_78,s5.064048,s2.343299,s92.593311
188_79,s3.534510,s7.496629,s166.019064
188_80,s9.731777,s0.893714,s131.857738
188_81,s4.847971,s2.967304,s83.608301
188_82,s3.480334,s4.976178,s27.509791
188_83,s3.545392,s3.835752,s133.487089
188_84,s2.979319,s5.143457,s97.499061
188_85,s3.963975,s6.331161,s84.465890
188_86,s3.285655,s5.914238,s51.937207
188_87,s3.349543,s4.323760,s58.096730
188_88,s5.396618,s1.524706,s135.715203
188_89,s6.218279,s8.284604,s10.683472
188_90,s8.027232,s8.067116,s336.202683
188_91,s4.203015,s2.728592,s169.271009
188_92,s5.647451,s8.504210,s333.848083
188_93,s6.612733,s8.572071,s278.497376
188_94,s8.681928,s7.775316,s351.908428
188_95,s3.116132,s6.631635,s57.675100
188_96,s4.783095,s8.281554,s59.249960
188_97,s4.203377,s9.413739,s335.700198
188_98,s3.687976,s3.109162,s84.770887
188_99,s7.720948,s8.636387,s320.123857
188_100,s2.577565,s5.594038,s132.068309
188_101,s0.207781,s8.749287,s262.848995
188_102,s2.837342,s9.074241,s69.720022
188_103,s6.165530,s9.245329,s358.882203
188_104,s2.918257,s4.138386,s97.240120
188_105,s5.248651,s8.623615,s25.287596
188_106,s2.571117,s4.546034,s76.744234
188_107,s2.380449,s6.635855,s8.335234
188_108,s2.290097,s1.941601,s74.848139
188_109,s6.807694,s9.201498,s230.434429
188_110,s2.999297,s7.261040,s9.331424
188_111,s4.368469,s0.661985,s87.102702
188_112,s3.776993,s2.426954,s110.275221
188_113,s3.934379,s7.690477,s335.997343
188_114,s5.360500,s9.170065,s312.918642
188_115,s5.048059,s9.651884,s43.382345
188_116,s7.387418,s9.156130,s329.930345
188_117,s9.130631,s7.074428,s241.284563
188_118,s9.589858,s6.334961,s290.079996
188_119,s3.040744,s8.273774,s50.790775
188_120,s9.584680,s7.301080,s302.213158
188_121,s9.047688,s1.774743,s180.551730
188_122,s6.756037,s9.501588,s36.427553
188_123,s9.847294,s5.224852,s239.015604
188_124,s8.039678,s9.374528,s344.369125
188_125,s4.617102,s8.875836,s355.086780
188_126,s9.389814,s4.745438,s344.329466
188_127,s8.336695,s10.480000,s135.370261
188_128,s3.457668,s9.488656,s68.965272
188_129,s8.371144,s8.985936,s296.159422
188_130,s9.067940,s7.660351,s292.859425
188_131,s8.549947,s9.701256,s319.580728
188_132,s9.479809,s2.684729,s286.492753
188_133,s5.971750,s1.491343,s152.273798
188_134,s7.691396,s1.942053,s238.013006
188_135,s2.159142,s6.235284,s153.967899
188_136,s1.828771,s5.233932,s75.830519
188_137,s7.114834,s1.672037,s229.191571
188_138,s3.508929,s7.962978,s12.027672
188_139,s1.319389,s4.209088,s72.871909
188_140,s10.437055,s6.152767,s350.828175
188_141,s3.913048,s8.442164,s0.226860
188_142,s8.444759,s2.224775,s254.021280
188_143,s2.009650,s7.395833,s30.002425
188_144,s5.656662,s9.932457,s322.676255
188_145,s1.973225,s6.976692,s106.839019
188_146,s1.089476,s2.822164,s127.899102
188_147,s7.231657,s10.157796,s312.739333
188_148,s9.200146,s8.947639,s259.944915
188_149,s5.257348,s10.143087,s5.785075
188_150,s3.942108,s9.929507,s346.269327
188_151,s3.408873,s8.793120,s35.041927
188_152,s1.794450,s2.423220,s36.631007
188_153,s2.330795,s8.301086,s25.225611
188_154,s4.378604,s1.816516,s160.202986
188_155,s10.001385,s4.098129,s236.227548
188_156,s1.689004,s4.380030,s15.637948
188_157,s1.921766,s3.698055,s114.159411
188_158,s2.738790,s3.642356,s160.318982
188_159,s6.384041,s10.621949,s57.169167
188_160,s2.610875,s7.837316,s79.003583
188_161,s9.894055,s8.295396,s246.595365
188_162,s10.008834,s7.039040,s273.668368
188_163,s1.659863,s6.272424,s116.149935
188_164,s1.505248,s9.520565,s37.349655
188_165,s4.572058,s10.406260,s312.374241
188_166,s0.845114,s3.743498,s115.071840
188_167,s2.143010,s3.277303,s180.000000
188_168,s6.734014,s10.075368,s345.307574
188_169,s1.218305,s4.847113,s108.601436
188_170,s6.721101,s1.081205,s140.000000
188_171,s3.212154,s10.070736,s68.459828
188_172,s1.991947,s9.333081,s13.458117
188_173,s1.384997,s7.401774,s0.000000
188_174,s4.573449,s1.265193,s192.454444
188_175,s3.688023,s1.887293,s128.288105
188_176,s0.764934,s7.218614,s52.287551
188_177,s8.416410,s1.166057,s191.945500
188_178,s0.986151,s6.318721,s58.593561
188_179,s5.137324,s0.840536,s160.000000
188_180,s6.857408,s0.561934,s240.000000
188_181,s1.721946,s1.045120,s167.967059
188_182,s5.860631,s0.722810,s205.376380
188_183,s0.972517,s5.744203,s100.000000
188_184,s3.855068,s1.332601,s120.000000
188_185,s1.729798,s8.352742,s0.000000
188_186,s0.720465,s5.064881,s60.000000
188_187,s3.022223,s1.213328,s80.000000
189_0,s5.275171,s4.355403,s155.083789
189_1,s6.131152,s4.448505,s206.180148
189_2,s5.399905,s5.441567,s146.259059
189_3,s5.023495,s3.500041,s123.503620
189_4,s5.579710,s3.525967,s172.185046
189_5,s5.910519,s3.985354,s111.625215
189_6,s5.809918,s5.289655,s334.853987
189_7,s6.045277,s4.957631,s245.830198
189_8,s6.745581,s3.332945,s224.211385
189_9,s7.448270,s3.839841,s174.817882
189_10,s6.206592,s3.672798,s185.317027
189_11,s5.799775,s4.519845,s66.172135
189_12,s6.688325,s4.376095,s316.598268
189_13,s4.644070,s4.183714,s172.763098
189_14,s6.344555,s5.480395,s305.629873
189_15,s7.434836,s4.900300,s287.151329
189_16,s6.769950,s3.968118,s222.360085
189_17,s7.184780,s4.348963,s276.592573
189_18,s6.304293,s5.968799,s340.309550
189_19,s4.871601,s5.298334,s64.270949
189_20,s5.566642,s5.740755,s37.588747
189_21,s6.755221,s5.027623,s344.327548
189_22,s3.097372,s2.465653,s164.315345
189_23,s5.755262,s6.265354,s296.109201
189_24,s5.357043,s6.550269,s32.026723
189_25,s6.914421,s6.203847,s15.414033
189_26,s4.524736,s6.290699,s320.426147
189_27,s7.245143,s6.037888,s264.327577
189_28,s7.992787,s3.973640,s170.356629
189_29,s7.232904,s5.494685,s246.083806
189_30,s3.964375,s6.767346,s347.055037
189_31,s8.750208,s3.635092,s207.286011
189_32,s7.647707,s6.605738,s83.689669
189_33,s7.801869,s5.581219,s307.116602
189_34,s7.083287,s7.070599,s289.256917
189_35,s7.951766,s6.310567,s282.302437
189_36,s8.235298,s5.381446,s218.421822
189_37,s5.856438,s6.718931,s345.289643
189_38,s6.400774,s6.913757,s318.427250
189_39,s8.707971,s6.120427,s170.984218
189_40,s8.200265,s3.338040,s249.437534
189_41,s8.083498,s4.517992,s220.498306
189_42,s7.930437,s6.852302,s331.841808
189_43,s6.497212,s7.515394,s38.217527
189_44,s4.729123,s7.010135,s47.065366
189_45,s8.710956,s4.672682,s251.525050
189_46,s8.566332,s7.185728,s21.511714
189_47,s7.230022,s7.505197,s337.243518
189_48,s4.600127,s7.679757,s279.790248
189_49,s9.802434,s10.455421,s298.496618
189_50,s6.695145,s2.817187,s131.186868
189_51,s8.966473,s5.121661,s5.356552
189_52,s9.339410,s8.103776,s28.254960
189_53,s8.916565,s4.196769,s215.283492
189_54,s4.522935,s4.922046,s107.265513
189_55,s7.832870,s7.621141,s19.764960
189_56,s5.384037,s7.133048,s309.022980
189_57,s5.635254,s7.748735,s30.452969
189_58,s4.466439,s5.936109,s117.790990
189_59,s8.745045,s2.716078,s68.804773
189_60,s8.797870,s6.675136,s343.686207
189_61,s5.919483,s2.270810,s69.345801
189_62,s6.717135,s7.909545,s295.314660
189_63,s7.141295,s2.599225,s224.292678
189_64,s9.334614,s5.456602,s297.606551
189_65,s9.665041,s4.297417,s284.188123
189_66,s10.181085,s5.684131,s274.967206
189_67,s9.133403,s6.356618,s229.383757
189_68,s7.584092,s3.049950,s184.183221
189_69,s6.467088,s2.183979,s177.810875
189_70,s4.121280,s5.200645,s67.051797
189_71,s4.330509,s4.349402,s70.380157
189_72,s8.022582,s2.550717,s202.355762
189_73,s9.432920,s3.459894,s264.158722
189_74,s5.541349,s1.893669,s251.626117
189_75,s7.100206,s2.085175,s143.276084
189_76,s4.189435,s3.602268,s36.325632
189_77,s9.358059,s2.847197,s209.319871
189_78,s5.181333,s2.267272,s92.593311
189_79,s3.651795,s7.420602,s166.019064
189_80,s9.774148,s0.898655,s137.242928
189_81,s4.965256,s2.891277,s83.608301
189_82,s3.597619,s4.900150,s27.509791
189_83,s3.662676,s3.759725,s133.487089
189_84,s3.096603,s5.067430,s97.499061
189_85,s4.081260,s6.255133,s83.937296
189_86,s3.402940,s5.838211,s51.937207
189_87,s3.466827,s4.247733,s58.096730
189_88,s5.513902,s1.448679,s135.715203
189_89,s6.335563,s8.208576,s10.683472
189_90,s8.144516,s7.991088,s336.202683
189_91,s4.320299,s2.652564,s169.271009
189_92,s5.764735,s8.428183,s333.848083
189_93,s6.730018,s8.496043,s278.497376
189_94,s8.799213,s7.699289,s351.908428
189_95,s3.233417,s6.555607,s57.675100
189_96,s4.900379,s8.205526,s59.249960
189_97,s4.320661,s9.337712,s335.700198
189_98,s3.839011,s3.079615,s108.817728
189_99,s7.838232,s8.560360,s320.123857
189_100,s2.694849,s5.518011,s132.068309
189_101,s0.381163,s8.638702,s284.151045
189_102,s2.954627,s8.998213,s69.720022
189_103,s6.282814,s9.169301,s358.882203
189_104,s3.035541,s4.062359,s101.834098
189_105,s5.365935,s8.547588,s25.287596
189_106,s2.688401,s4.470006,s76.744234
189_107,s2.497733,s6.559828,s8.335234
189_108,s2.516923,s1.829125,s75.306979
189_109,s6.924978,s9.125470,s230.434429
189_110,s3.116582,s7.185012,s9.331424
189_111,s4.485754,s0.585958,s87.102702
189_112,s3.894278,s2.350926,s110.275221
189_113,s4.051663,s7.614450,s335.997343
189_114,s5.477785,s9.094038,s312.918642
189_115,s5.165343,s9.575856,s43.382345
189_116,s7.504702,s9.080103,s329.930345
189_117,s9.247915,s6.998401,s241.284563
189_118,s9.707143,s6.258934,s290.079996
189_119,s3.158028,s8.197747,s50.790775
189_120,s9.701965,s7.225052,s302.213158
189_121,s9.193209,s1.532509,s184.657840
189_122,s6.873322,s9.425561,s36.427553
189_123,s9.964578,s5.148825,s239.015604
189_124,s8.156962,s9.298500,s344.369125
189_125,s4.734386,s8.799809,s355.086780
189_126,s9.507098,s4.669411,s344.329466
189_127,s8.453980,s10.403972,s135.370261
189_128,s3.574952,s9.412629,s68.965272
189_129,s8.488428,s8.909909,s296.159422
189_130,s9.185225,s7.584323,s292.859425
189_131,s8.667231,s9.625229,s283.007856
189_132,s9.990192,s2.297760,s307.819089
189_133,s6.089034,s1.415315,s152.273798
189_134,s7.808680,s1.866026,s240.385066
189_135,s2.276427,s6.159257,s153.967899
189_136,s1.946055,s5.157905,s70.668829
189_137,s7.232118,s1.596009,s229.191571
189_138,s3.626213,s7.886951,s12.133905
189_139,s1.436673,s4.133061,s72.871909
189_140,s10.554339,s6.076740,s350.828175
189_141,s4.030332,s8.366137,s0.226860
189_142,s8.562043,s2.148748,s254.021280
189_143,s2.126934,s7.319805,s30.002425
189_144,s5.773946,s9.856430,s322.676255
189_145,s2.090510,s6.900665,s106.839019
189_146,s1.272409,s2.230624,s128.902782
189_147,s7.348941,s10.081769,s312.739333
189_148,s9.423260,s8.910384,s235.857946
189_149,s5.374632,s10.067060,s5.785075
189_150,s4.059393,s9.853479,s19.547835
189_151,s3.526157,s8.717092,s35.041927
189_152,s1.911735,s2.347192,s36.631007
189_153,s2.448079,s8.225058,s25.225611
189_154,s4.495888,s1.740489,s160.202986
189_155,s10.118670,s4.022101,s237.892803
189_156,s1.806289,s4.304002,s15.637948
189_157,s2.039050,s3.622027,s114.159411
189_158,s2.856074,s3.566329,s160.318982
189_159,s6.501325,s10.545922,s59.771284
189_160,s2.728160,s7.761289,s79.003583
189_161,s10.233941,s8.190218,s244.773449
189_162,s10.126119,s6.963013,s273.668368
189_163,s1.777148,s6.196397,s116.149935
189_164,s1.474831,s8.775639,s37.349655
189_165,s4.689343,s10.330232,s312.374241
189_166,s0.841661,s3.696451,s144.244647
189_167,s2.260295,s3.201276,s180.000000
189_168,s6.851299,s9.999341,s345.307574
189_169,s1.335589,s4.771086,s114.485405
189_170,s6.825959,s1.048452,s140.000000
189_171,s3.329438,s9.994709,s68.459828
189_172,s2.318495,s9.542553,s62.674164
189_173,s1.502281,s7.325747,s0.000000
189_174,s4.690734,s1.189166,s192.454444
189_175,s3.805307,s1.811266,s132.379331
189_176,s0.982176,s7.106362,s52.287551
189_177,s8.508568,s1.126904,s196.298834
189_178,s1.103435,s6.242693,s47.363579
189_179,s5.254608,s0.764508,s160.000000
189_180,s6.969718,s0.503386,s240.000000
189_181,s1.756100,s1.156483,s139.331603
189_182,s5.977915,s0.646782,s216.052527
189_183,s1.089802,s5.668176,s100.000000
189_184,s3.972352,s1.256574,s120.000000
189_185,s1.847083,s8.276715,s0.000000
189_186,s0.769190,s4.898983,s74.046998
189_187,s2.913417,s0.791490,s81.918471
189_188,s1.002354,s7.680912,s0.000000
190_0,s5.248678,s4.367099,s155.083789
190_1,s6.102271,s4.448505,s206.180148
190_2,s5.371025,s5.441567,s146.259059
190_3,s4.994615,s3.500041,s123.503620
190_4,s5.550830,s3.525967,s172.185046
190_5,s5.881638,s3.985354,s111.625215
190_6,s5.781037,s5.289655,s334.853987
190_7,s6.016396,s4.957631,s245.830198
190_8,s6.716701,s3.332945,s224.211385
190_9,s7.419389,s3.839841,s174.817882
190_10,s6.177712,s3.672798,s185.317027
190_11,s5.770895,s4.519845,s66.172135
190_12,s6.659445,s4.376095,s316.598268
190_13,s4.615190,s4.183714,s172.763098
190_14,s6.315675,s5.480395,s305.629873
190_15,s7.405956,s4.900300,s287.151329
190_16,s6.741069,s3.968118,s222.360085
190_17,s7.155900,s4.348963,s276.592573
190_18,s6.275413,s5.968799,s340.309550
190_19,s4.842721,s5.298334,s64.270949
190_20,s5.537761,s5.740755,s37.588747
190_21,s6.726341,s5.027623,s344.327548
190_22,s3.150379,s2.568048,s164.315345
190_23,s5.726382,s6.265354,s296.109201
190_24,s5.328163,s6.550269,s32.026723
190_25,s6.885541,s6.203847,s15.414033
190_26,s4.495855,s6.290699,s320.426147
190_27,s7.216263,s6.037888,s264.327577
190_28,s7.963907,s3.973640,s170.356629
190_29,s7.204024,s5.494685,s246.083806
190_30,s3.935495,s6.767346,s347.055037
190_31,s8.721327,s3.635092,s207.286011
190_32,s7.618826,s6.605738,s83.689669
190_33,s7.772989,s5.581219,s307.116602
190_34,s7.054407,s7.070599,s289.256917
190_35,s7.922886,s6.310567,s282.302437
190_36,s8.206417,s5.381446,s218.421822
190_37,s5.827558,s6.718931,s345.289643
190_38,s6.371894,s6.913757,s318.427250
190_39,s8.679090,s6.120427,s170.984218
190_40,s8.171384,s3.338040,s249.437534
190_41,s8.054617,s4.517992,s220.498306
190_42,s7.901557,s6.852302,s331.841808
190_43,s6.468332,s7.515394,s38.217527
190_44,s4.700242,s7.010135,s47.065366
190_45,s8.682076,s4.672682,s251.525050
190_46,s8.537451,s7.185728,s21.511714
190_47,s7.201141,s7.505197,s337.243518
190_48,s4.571247,s7.679757,s279.790248
190_49,s9.727618,s10.402197,s298.496618
190_50,s6.666265,s2.817187,s131.186868
190_51,s8.937593,s5.121661,s5.356552
190_52,s9.310530,s8.103776,s28.254960
190_53,s8.887685,s4.196769,s215.283492
190_54,s4.494054,s4.922046,s107.265513
190_55,s7.803990,s7.621141,s19.764960
190_56,s5.355157,s7.133048,s309.022980
190_57,s5.606374,s7.748735,s30.452969
190_58,s4.437559,s5.936109,s117.790990
190_59,s8.716165,s2.716078,s68.804773
190_60,s8.768990,s6.675136,s343.686207
190_61,s5.890603,s2.270810,s69.345801
190_62,s6.688255,s7.909545,s295.314660
190_63,s7.112415,s2.599225,s224.292678
190_64,s9.305733,s5.456602,s297.606551
190_65,s9.636161,s4.297417,s284.188123
190_66,s10.152205,s5.684131,s274.967206
190_67,s9.104523,s6.356618,s229.383757
190_68,s7.555212,s3.049950,s184.183221
190_69,s6.438208,s2.183979,s177.810875
190_70,s4.092399,s5.200645,s67.051797
190_71,s4.301628,s4.349402,s70.380157
190_72,s7.993702,s2.550717,s202.355762
190_73,s9.404040,s3.459894,s264.158722
190_74,s5.512468,s1.893669,s251.626117
190_75,s7.071326,s2.085175,s143.276084
190_76,s4.160555,s3.602268,s36.325632
190_77,s9.310649,s2.859826,s209.319871
190_78,s5.152452,s2.267272,s92.593311
190_79,s3.622914,s7.420602,s166.019064
190_80,s9.621706,s1.031042,s137.242928
190_81,s4.936376,s2.891277,s83.608301
190_82,s3.568738,s4.900150,s27.509791
190_83,s3.633796,s3.759725,s133.487089
190_84,s3.067723,s5.067430,s97.499061
190_85,s4.052379,s6.255133,s83.937296
190_86,s3.374060,s5.838211,s51.937207
190_87,s3.437947,s4.247733,s58.096730
190_88,s5.485022,s1.448679,s135.715203
190_89,s6.306683,s8.208576,s10.683472
190_90,s8.115636,s7.991088,s336.202683
190_91,s4.291419,s2.652564,s169.271009
190_92,s5.735855,s8.428183,s333.848083
190_93,s6.701137,s8.496043,s278.497376
190_94,s8.770332,s7.699289,s351.908428
190_95,s3.204536,s6.555607,s57.675100
190_96,s4.871499,s8.205526,s59.249960
190_97,s4.291781,s9.337712,s335.700198
190_98,s3.871423,s3.167798,s108.817728
190_99,s7.809352,s8.560360,s320.123857
190_100,s2.665969,s5.518011,s132.068309
190_101,s0.376027,s8.624034,s284.151045
190_102,s2.925747,s8.998213,s69.720022
190_103,s6.253934,s9.169301,s358.882203
190_104,s3.006661,s4.062359,s101.834098
190_105,s5.337055,s8.547588,s25.287596
190_106,s2.659521,s4.470006,s76.744234
190_107,s2.468853,s6.559828,s8.335234
190_108,s2.530786,s1.881296,s75.306979
190_109,s6.896098,s9.125470,s230.434429
190_110,s3.087702,s7.185012,s9.331424
190_111,s4.456873,s0.585958,s87.102702
190_112,s3.865397,s2.350926,s110.275221
190_113,s4.022783,s7.614450,s335.997343
190_114,s5.448904,s9.094038,s312.918642
190_115,s5.136463,s9.575856,s43.382345
190_116,s7.475822,s9.080103,s329.930345
190_117,s9.219035,s6.998401,s241.284563
190_118,s9.678262,s6.258934,s290.079996
190_119,s3.129148,s8.197747,s50.790775
190_120,s9.673085,s7.225052,s302.213158
190_121,s9.117639,s1.582389,s184.657840
190_122,s6.844442,s9.425561,s36.427553
190_123,s9.935698,s5.148825,s239.015604
190_124,s8.128082,s9.298500,s344.369125
190_125,s4.705506,s8.799809,s355.086780
190_126,s9.478218,s4.669411,s344.329466
190_127,s8.425100,s10.403972,s135.370261
190_128,s3.546072,s9.412629,s68.965272
190_129,s8.459548,s8.909909,s296.159422
190_130,s9.156344,s7.584323,s292.859425
190_131,s8.588729,s9.560124,s283.007856
190_132,s9.908979,s2.334812,s307.819089
190_133,s6.060154,s1.415315,s152.273798
190_134,s7.779800,s1.866026,s240.385066
190_135,s2.247546,s6.159257,s153.967899
190_136,s1.917175,s5.157905,s70.668829
190_137,s7.203238,s1.596009,s229.191571
190_138,s3.597333,s7.886951,s12.133905
190_139,s1.407793,s4.133061,s72.871909
190_140,s10.525459,s6.076740,s350.828175
190_141,s4.001452,s8.366137,s0.226860
190_142,s8.533163,s2.148748,s254.021280
190_143,s2.098054,s7.319805,s30.002425
190_144,s5.745066,s9.856430,s322.676255
190_145,s2.061629,s6.900665,s106.839019
190_146,s1.243529,s2.230624,s128.902782
190_147,s7.320061,s10.081769,s312.739333
190_148,s9.379248,s8.897119,s235.857946
190_149,s5.345752,s10.067060,s5.785075
190_150,s4.065387,s9.747724,s19.547835
190_151,s3.497277,s8.717092,s35.041927
190_152,s1.882854,s2.347192,s36.631007
190_153,s2.419199,s8.225058,s25.225611
190_154,s4.467008,s1.740489,s160.202986
190_155,s10.089789,s4.022101,s237.892803
190_156,s1.777409,s4.304002,s15.637948
190_157,s2.010170,s3.622027,s114.159411
190_158,s2.827194,s3.566329,s160.318982
190_159,s6.472445,s10.545922,s59.771284
190_160,s2.699280,s7.761289,s79.003583
190_161,s10.186124,s8.179346,s244.773449
190_162,s10.097238,s6.963013,s273.668368
190_163,s1.748268,s6.196397,s116.149935
190_164,s1.467723,s8.757797,s37.349655
190_165,s4.660462,s10.330232,s312.374241
190_166,s0.997597,s3.766935,s144.244647
190_167,s2.231414,s3.201276,s180.000000
190_168,s6.822419,s9.999341,s345.307574
190_169,s1.306709,s4.771086,s114.485405
190_170,s6.787774,s1.079592,s140.000000
190_171,s3.300558,s9.994709,s68.459828
190_172,s2.289615,s9.542553,s62.674164
190_173,s1.489036,s7.318512,s0.000000
190_174,s4.661853,s1.189166,s192.454444
190_175,s3.785811,s1.831507,s132.379331
190_176,s0.953295,s7.106362,s52.287551
190_177,s8.435135,s1.191359,s196.298834
190_178,s1.104726,s6.237425,s47.363579
190_179,s5.225728,s0.764508,s160.000000
190_180,s6.931596,s0.534719,s240.000000
190_181,s1.762144,s1.196723,s139.331603
190_182,s5.949035,s0.646782,s216.052527
190_183,s1.060921,s5.668176,s100.000000
190_184,s3.943472,s1.256574,s120.000000
190_185,s1.818202,s8.276715,s0.000000
190_186,s0.740310,s4.898983,s67.726799
190_187,s2.926368,s0.867120,s81.918471
190_188,s0.973473,s7.680912,s0.000000
190_189,s1.189579,s3.188723,s180.000000
191_0,s5.218914,s4.367099,s155.083789
191_1,s6.072508,s4.448505,s206.180148
191_2,s5.341261,s5.441567,s146.259059
191_3,s4.964851,s3.500041,s123.503620
191_4,s5.521066,s3.525967,s172.185046
191_5,s5.851875,s3.985354,s111.625215
191_6,s5.751274,s5.289655,s334.853987
191_7,s5.986633,s4.957631,s245.830198
191_8,s6.686937,s3.332945,s224.211385
191_9,s7.389626,s3.839841,s174.817882
191_10,s6.147948,s3.672798,s185.317027
191_11,s5.741131,s4.519845,s66.172135
191_12,s6.629681,s4.376095,s316.598268
191_13,s4.585426,s4.183714,s172.763098
191_14,s6.285911,s5.480395,s305.629873
191_15,s7.376192,s4.900300,s287.151329
191_16,s6.711306,s3.968118,s222.360085
191_17,s7.126136,s4.348963,s276.592573
191_18,s6.245649,s5.968799,s340.309550
191_19,s4.812957,s5.298334,s64.270949
191_20,s5.507998,s5.740755,s37.588747
191_21,s6.696577,s5.027623,s344.327548
191_22,s3.120615,s2.568048,s164.315345
191_23,s5.696618,s6.265354,s296.109201
191_24,s5.298399,s6.550269,s32.026723
191_25,s6.855777,s6.203847,s15.414033
191_26,s4.466092,s6.290699,s320.426147
191_27,s7.186499,s6.037888,s264.327577
191_28,s7.934143,s3.973640,s170.356629
191_29,s7.174260,s5.494685,s246.083806
191_30,s3.905731,s6.767346,s347.055037
191_31,s8.691564,s3.635092,s207.286011
191_32,s7.589063,s6.605738,s83.689669
191_33,s7.743225,s5.581219,s307.116602
191_34,s7.024643,s7.070599,s289.256917
191_35,s7.893122,s6.310567,s282.302437
191_36,s8.176654,s5.381446,s218.421822
191_37,s5.797794,s6.718931,s345.289643
191_38,s6.342130,s6.913757,s318.427250
191_39,s8.649327,s6.120427,s170.984218
191_40,s8.141621,s3.338040,s249.437534
191_41,s8.024854,s4.517992,s220.498306
191_42,s7.871793,s6.852302,s331.841808
191_43,s6.438568,s7.515394,s38.217527
191_44,s4.670479,s7.010135,s47.065366
191_45,s8.652312,s4.672682,s251.525050
191_46,s8.507688,s7.185728,s21.511714
191_47,s7.171378,s7.505197,s337.243518
191_48,s4.541483,s7.679757,s279.790248
191_49,s9.697855,s10.402197,s298.496618
191_50,s6.636501,s2.817187,s131.186868
191_51,s8.907829,s5.121661,s5.356552
191_52,s9.280766,s8.103776,s28.254960
191_53,s8.857921,s4.196769,s215.283492
191_54,s4.464291,s4.922046,s107.265513
191_55,s7.774226,s7.621141,s19.764960
191_56,s5.325393,s7.133048,s309.022980
191_57,s5.576610,s7.748735,s30.452969
191_58,s4.407795,s5.936109,s117.790990
191_59,s8.686401,s2.716078,s68.804773
191_60,s8.739226,s6.675136,s343.686207
191_61,s5.860839,s2.270810,s69.345801
191_62,s6.658491,s7.909545,s295.314660
191_63,s7.082651,s2.599225,s224.292678
191_64,s9.275970,s5.456602,s297.606551
191_65,s9.606397,s4.297417,s284.188123
191_66,s10.122441,s5.684131,s274.967206
191_67,s9.074759,s6.356618,s229.383757
191_68,s7.525448,s3.049950,s184.183221
191_69,s6.408444,s2.183979,s177.810875
191_70,s4.062636,s5.200645,s67.051797
191_71,s4.271865,s4.349402,s70.380157
191_72,s7.963938,s2.550717,s202.355762
191_73,s9.374276,s3.459894,s264.158722
191_74,s5.482705,s1.893669,s251.626117
191_75,s7.041562,s2.085175,s143.276084
191_76,s4.130791,s3.602268,s36.325632
191_77,s9.231199,s2.893776,s209.319871
191_78,s5.122689,s2.267272,s92.593311
191_79,s3.593150,s7.420602,s166.019064
191_80,s9.547509,s1.078819,s137.242928
191_81,s4.906612,s2.891277,s83.608301
191_82,s3.538975,s4.900150,s27.509791
191_83,s3.604032,s3.759725,s133.487089
191_84,s3.037959,s5.067430,s97.499061
191_85,s4.022616,s6.255133,s83.937296
191_86,s3.344296,s5.838211,s51.937207
191_87,s3.408183,s4.247733,s58.096730
191_88,s5.455258,s1.448679,s135.715203
191_89,s6.276919,s8.208576,s10.683472
191_90,s8.085872,s7.991088,s336.202683
191_91,s4.261655,s2.652564,s169.271009
191_92,s5.706091,s8.428183,s333.848083
191_93,s6.671374,s8.496043,s278.497376
191_94,s8.740569,s7.699289,s351.908428
191_95,s3.174773,s6.555607,s57.675100
191_96,s4.841735,s8.205526,s59.249960
191_97,s4.262017,s9.337712,s335.700198
191_98,s3.848105,s3.177072,s108.817728
191_99,s7.779588,s8.560360,s320.123857
191_100,s2.636205,s5.518011,s132.068309
191_101,s0.422148,s8.577205,s284.151045
191_102,s2.895983,s8.998213,s69.720022
191_103,s6.224170,s9.169301,s358.882203
191_104,s2.976897,s4.062359,s101.834098
191_105,s5.307291,s8.547588,s25.287596
191_106,s2.629757,s4.470006,s76.744234
191_107,s2.439089,s6.559828,s8.335234
191_108,s2.530565,s1.917173,s75.306979
191_109,s6.866334,s9.125470,s230.434429
191_110,s3.057938,s7.185012,s9.331424
191_111,s4.427110,s0.585958,s87.102702
191_112,s3.835634,s2.350926,s110.275221
191_113,s3.993019,s7.614450,s335.997343
191_114,s5.419141,s9.094038,s312.918642
191_115,s5.106699,s9.575856,s43.382345
191_116,s7.446058,s9.080103,s329.930345
191_117,s9.189271,s6.998401,s241.284563
191_118,s9.648498,s6.258934,s290.079996
191_119,s3.099384,s8.197747,s50.790775
191_120,s9.643321,s7.225052,s302.213158
191_121,s9.069476,s1.602045,s184.657840
191_122,s6.814678,s9.425561,s36.427553
191_123,s9.905934,s5.148825,s239.015604
191_124,s8.098318,s9.298500,s344.369125
191_125,s4.675742,s8.799809,s355.086780
191_126,s9.448454,s4.669411,s344.329466
191_127,s8.395336,s10.403972,s135.370261
191_128,s3.516308,s9.412629,s68.965272
191_129,s8.429784,s8.909909,s296.159422
191_130,s9.126581,s7.584323,s292.859425
191_131,s8.558965,s9.560124,s283.007856
191_132,s9.879215,s2.334812,s307.819089
191_133,s6.030390,s1.415315,s152.273798
191_134,s7.750036,s1.866026,s240.385066
191_135,s2.217783,s6.159257,s153.967899
191_136,s1.887411,s5.157905,s70.668829
191_137,s7.173474,s1.596009,s229.191571
191_138,s3.567569,s7.886951,s12.133905
191_139,s1.392727,s4.137891,s72.871909
191_140,s10.495695,s6.076740,s350.828175
191_141,s3.971688,s8.366137,s0.226860
191_142,s8.503399,s2.148748,s254.021280
191_143,s2.068290,s7.319805,s30.002425
191_144,s5.715302,s9.856430,s322.676255
191_145,s2.031866,s6.900665,s106.839019
191_146,s1.251740,s2.259635,s128.902782
191_147,s7.290297,s10.081769,s312.739333
191_148,s9.349484,s8.897119,s235.857946
191_149,s5.315988,s10.067060,s5.785075
191_150,s4.035623,s9.747724,s19.547835
191_151,s3.467513,s8.717092,s35.041927
191_152,s1.853091,s2.347192,s36.631007
191_153,s2.389435,s8.225058,s25.225611
191_154,s4.437244,s1.740489,s160.202986
191_155,s10.060026,s4.022101,s237.892803
191_156,s1.762536,s4.308697,s15.637948
191_157,s1.980406,s3.622027,s114.159411
191_158,s2.797430,s3.566329,s160.318982
191_159,s6.442681,s10.545922,s59.771284
191_160,s2.669516,s7.761289,s79.003583
191_161,s10.082050,s8.136653,s244.773449
191_162,s10.067475,s6.963013,s273.668368
191_163,s1.718504,s6.196397,s116.149935
191_164,s1.458234,s8.741245,s37.349655
191_165,s4.630699,s10.330232,s312.374241
191_166,s1.038209,s3.793718,s144.244647
191_167,s2.201651,s3.201276,s180.000000
191_168,s6.792655,s9.999341,s345.307574
191_169,s1.276945,s4.771086,s114.485405
191_170,s6.758010,s1.079592,s140.000000
191_171,s3.270794,s9.994709,s68.459828
191_172,s2.268129,s9.531979,s62.674164
191_173,s1.459272,s7.318512,s0.000000
191_174,s4.632090,s1.189166,s192.454444
191_175,s3.756047,s1.831507,s132.379331
191_176,s0.938208,s7.101082,s52.287551
191_177,s8.366861,s1.247156,s196.298834
191_178,s1.074962,s6.237425,s47.363579
191_179,s5.195964,s0.764508,s160.000000
191_180,s6.886127,s0.588513,s240.000000
191_181,s1.831972,s1.311141,s139.331603
191_182,s5.919271,s0.646782,s216.052527
191_183,s1.031158,s5.668176,s100.000000
191_184,s3.913708,s1.256574,s120.000000
191_185,s1.788439,s8.276715,s0.000000
191_186,s0.740310,s4.902600,s67.726799
191_187,s2.917768,s0.905163,s81.918471
191_188,s0.959170,s7.673358,s0.000000
191_189,s1.169883,s3.194093,s180.000000
191_190,s7.615844,s0.900981,s180.000000
192_0,s5.286767,s4.367099,s156.045912
192_1,s6.140361,s4.448505,s206.180148
192_2,s5.409114,s5.441567,s146.259059
192_3,s5.032705,s3.500041,s123.503620
192_4,s5.588920,s3.525967,s172.185046
192_5,s5.919728,s3.985354,s111.625215
192_6,s5.819127,s5.289655,s334.853987
192_7,s6.054486,s4.957631,s245.830198
192_8,s6.754790,s3.332945,s224.211385
192_9,s7.457479,s3.839841,s174.817882
192_10,s6.215802,s3.672798,s185.317027
192_11,s5.808984,s4.519845,s66.172135
192_12,s6.697535,s4.376095,s316.598268
192_13,s4.653280,s4.183714,s172.763098
192_14,s6.353765,s5.480395,s305.629873
192_15,s7.444046,s4.900300,s287.151329
192_16,s6.779159,s3.968118,s222.360085
192_17,s7.193989,s4.348963,s276.686537
192_18,s6.313503,s5.968799,s340.309550
192_19,s4.880810,s5.298334,s64.270949
192_20,s5.575851,s5.740755,s37.588747
192_21,s6.764431,s5.027623,s344.327548
192_22,s3.206047,s2.590299,s159.190633
192_23,s5.764471,s6.265354,s296.109201
192_24,s5.366252,s6.550269,s32.026723
192_25,s6.923631,s6.203847,s15.414033
192_26,s4.533945,s6.290699,s320.426147
192_27,s7.254353,s6.037888,s264.327577
192_28,s8.001996,s3.973640,s170.356629
192_29,s7.242113,s5.494685,s246.083806
192_30,s3.973585,s6.767346,s346.777799
192_31,s8.759417,s3.635092,s207.286011
192_32,s7.656916,s6.605738,s83.689669
192_33,s7.811078,s5.581219,s309.801589
192_34,s7.092496,s7.070599,s289.256917
192_35,s7.960975,s6.310567,s282.302437
192_36,s8.244507,s5.381446,s218.421822
192_37,s5.865648,s6.718931,s345.289643
192_38,s6.409984,s6.913757,s318.427250
192_39,s8.717180,s6.120427,s170.984218
192_40,s8.209474,s3.338040,s249.437534
192_41,s8.092707,s4.517992,s220.498306
192_42,s7.939647,s6.852302,s336.869666
192_43,s6.506422,s7.515394,s38.217527
192_44,s4.738332,s7.010135,s47.065366
192_45,s8.720165,s4.672682,s251.525050
192_46,s8.575541,s7.185728,s21.511714
192_47,s7.239231,s7.505197,s337.243518
192_48,s4.609336,s7.679757,s279.790248
192_49,s9.541445,s10.153575,s243.178299
192_50,s6.704354,s2.817187,s130.359513
192_51,s8.975683,s5.121661,s5.356552
192_52,s9.348619,s8.103776,s13.689823
192_53,s8.925775,s4.196769,s215.283492
192_54,s4.532144,s4.922046,s107.265513
192_55,s7.842080,s7.621141,s19.764960
192_56,s5.393247,s7.133048,s309.022980
192_57,s5.644464,s7.748735,s30.452969
192_58,s4.475649,s5.936109,s117.790990
192_59,s8.754255,s2.716078,s68.804773
192_60,s8.807079,s6.675136,s343.686207
192_61,s5.928693,s2.270810,s69.345801
192_62,s6.726345,s7.909545,s295.314660
192_63,s7.150504,s2.599225,s224.292678
192_64,s9.343823,s5.456602,s297.606551
192_65,s9.674251,s4.297417,s284.188123
192_66,s10.190295,s5.684131,s274.967206
192_67,s9.142612,s6.356618,s229.383757
192_68,s7.593302,s3.049950,s184.183221
192_69,s6.476298,s2.183979,s177.810875
192_70,s4.130489,s5.200645,s67.051797
192_71,s4.339718,s4.349402,s70.380157
192_72,s8.031792,s2.550717,s202.355762
192_73,s9.428858,s3.466723,s270.503291
192_74,s5.550558,s1.893669,s251.626117
192_75,s7.109416,s2.085175,s143.276084
192_76,s4.198645,s3.602268,s36.325632
192_77,s9.288103,s2.901251,s209.319871
192_78,s5.190542,s2.267272,s92.593311
192_79,s3.661004,s7.420602,s166.019064
192_80,s9.560411,s1.137606,s137.242928
192_81,s4.974465,s2.891277,s83.608301
192_82,s3.606828,s4.900150,s27.509791
192_83,s3.671886,s3.759725,s133.487089
192_84,s3.105812,s5.067430,s97.893985
192_85,s4.090469,s6.255133,s83.937296
192_86,s3.412149,s5.838211,s51.937207
192_87,s3.476037,s4.247733,s58.096730
192_88,s5.523112,s1.448679,s135.715203
192_89,s6.344772,s8.208576,s10.683472
192_90,s8.153726,s7.991088,s336.202683
192_91,s4.329509,s2.652564,s171.463499
192_92,s5.773945,s8.428183,s333.848083
192_93,s6.739227,s8.496043,s278.497376
192_94,s8.808422,s7.699289,s351.908428
192_95,s3.242626,s6.555607,s57.675100
192_96,s4.909589,s8.205526,s59.249960
192_97,s4.329871,s9.337712,s335.700198
192_98,s3.937553,s3.208674,s133.134873
192_99,s7.847442,s8.560360,s320.123857
192_100,s2.704059,s5.518011,s132.068309
192_101,s0.490001,s8.577205,s282.082810
192_102,s2.731263,s9.083880,s60.274425
192_103,s6.292024,s9.169301,s358.882203
192_104,s3.044751,s4.062359,s101.834098
192_105,s5.375145,s8.547588,s25.287596
192_106,s2.697611,s4.470006,s76.744234
192_107,s2.506943,s6.559828,s8.335234
192_108,s1.331455,s1.477450,s75.928686
192_109,s6.934188,s9.125470,s230.434429
192_110,s3.125791,s7.185012,s9.331424
192_111,s4.498044,s0.601072,s105.862354
192_112,s3.903487,s2.350926,s110.275221
192_113,s4.060873,s7.614450,s335.997343
192_114,s5.545941,s9.062826,s312.918642
192_115,s5.175601,s9.562412,s38.073709
192_116,s7.513912,s9.080103,s329.930345
192_117,s9.257125,s6.998401,s241.794847
192_118,s9.716352,s6.258934,s290.079996
192_119,s3.167238,s8.197747,s50.790775
192_120,s9.711174,s7.225052,s302.213158
192_121,s9.091838,s1.650559,s184.657840
192_122,s6.882531,s9.425561,s36.427553
192_123,s9.973788,s5.148825,s239.015604
192_124,s8.166172,s9.298500,s344.369125
192_125,s4.743596,s8.799809,s355.086780
192_126,s9.516308,s4.669411,s344.329466
192_127,s8.976934,s10.590105,s133.429985
192_128,s3.584162,s9.412629,s68.965272
192_129,s8.497638,s8.909909,s296.159422
192_130,s9.194434,s7.584323,s292.859425
192_131,s8.789657,s9.584659,s302.714933
192_132,s10.099755,s2.162911,s340.325718
192_133,s6.098244,s1.415315,s152.273798
192_134,s7.817890,s1.866026,s240.385066
192_135,s2.285636,s6.159257,s153.967899
192_136,s1.955265,s5.157905,s70.668829
192_137,s7.241328,s1.596009,s229.191571
192_138,s3.635423,s7.886951,s12.133905
192_139,s1.460581,s4.137891,s72.871909
192_140,s10.563549,s6.076740,s350.828175
192_141,s4.039542,s8.366137,s0.226860
192_142,s8.644392,s2.288710,s253.827764
192_143,s2.168111,s7.302374,s30.002425
192_144,s5.781014,s9.824131,s322.676255
192_145,s1.776628,s6.767644,s102.831933
192_146,s1.066713,s2.231825,s128.902782
192_147,s7.358151,s10.081769,s313.002935
192_148,s9.579086,s9.115799,s187.334249
192_149,s5.383842,s10.067060,s5.785075
192_150,s4.103477,s9.747724,s10.548080
192_151,s3.535367,s8.717092,s35.041927
192_152,s1.929695,s2.354894,s36.631007
192_153,s2.457288,s8.225058,s25.225611
192_154,s4.505098,s1.740489,s160.202986
192_155,s10.127879,s4.022101,s223.562209
192_156,s1.830389,s4.308697,s14.996539
192_157,s2.106486,s3.653526,s80.675154
192_158,s2.900773,s3.592325,s188.045104
192_159,s6.508209,s10.534363,s56.858591
192_160,s2.737369,s7.761289,s79.003583
192_161,s10.067338,s8.089693,s244.773449
192_162,s10.135328,s6.963013,s273.668368
192_163,s1.786357,s6.196397,s116.149935
192_164,s1.526087,s8.741245,s37.349655
192_165,s4.698552,s10.330232,s312.374241
192_166,s1.106063,s3.793718,s144.244647
192_167,s2.324229,s3.240095,s207.131000
192_168,s6.860508,s9.999341,s345.307574
192_169,s1.344799,s4.771086,s116.721034
192_170,s6.798735,s1.169380,s156.304272
192_171,s2.892157,s10.484090,s75.140003
192_172,s1.408690,s10.065010,s85.830651
192_173,s1.559423,s7.303637,s36.722245
192_174,s4.699943,s1.189166,s192.454444
192_175,s3.823900,s1.831507,s132.379331
192_176,s1.037225,s7.089865,s52.287551
192_177,s8.483885,s1.195416,s207.454388
192_178,s1.142816,s6.237425,s47.363579
192_179,s5.263818,s0.764508,s160.000000
192_180,s6.904429,s0.482338,s245.775682
192_181,s2.094700,s1.360261,s109.866896
192_182,s5.987125,s0.646782,s216.052527
192_183,s1.099011,s5.668176,s100.000000
192_184,s3.989392,s1.278475,s120.000000
192_185,s1.856292,s8.276715,s0.000000
192_186,s0.806654,s4.987330,s68.127725
192_187,s2.949210,s1.112007,s28.859143
192_188,s0.515491,s9.420894,s2.879032
192_189,s1.249249,s3.200308,s180.000000
192_190,s7.683698,s0.900981,s223.262998
192_191,s0.680421,s4.013510,s121.731083
193_0,s5.286767,s4.367099,s156.045912
193_1,s6.140361,s4.448505,s206.180148
193_2,s5.409114,s5.441567,s146.259059
193_3,s5.032705,s3.500041,s123.503620
193_4,s5.588920,s3.525967,s172.185046
193_5,s5.919728,s3.985354,s111.625215
193_6,s5.819127,s5.289655,s334.853987
193_7,s6.054486,s4.957631,s245.830198
193_8,s6.754790,s3.332945,s224.211385
193_9,s7.457479,s3.839841,s174.817882
193_10,s6.215802,s3.672798,s185.317027
193_11,s5.808984,s4.519845,s66.172135
193_12,s6.697535,s4.376095,s316.598268
193_13,s4.653280,s4.183714,s172.763098
193_14,s6.353765,s5.480395,s305.629873
193_15,s7.444046,s4.900300,s287.151329
193_16,s6.779159,s3.968118,s222.360085
193_17,s7.193989,s4.348963,s276.686537
193_18,s6.313503,s5.968799,s340.309550
193_19,s4.880810,s5.298334,s64.270949
193_20,s5.575851,s5.740755,s37.588747
193_21,s6.764431,s5.027623,s344.327548
193_22,s3.206047,s2.590299,s159.190633
193_23,s5.764471,s6.265354,s296.109201
193_24,s5.366252,s6.550269,s32.026723
193_25,s6.923631,s6.203847,s15.414033
193_26,s4.533945,s6.290699,s320.426147
193_27,s7.254353,s6.037888,s264.327577
193_28,s8.001996,s3.973640,s170.356629
193_29,s7.242113,s5.494685,s246.083806
193_30,s3.973585,s6.767346,s346.777799
193_31,s8.759417,s3.635092,s207.286011
193_32,s7.656916,s6.605738,s83.689669
193_33,s7.811078,s5.581219,s309.801589
193_34,s7.092496,s7.070599,s289.256917
193_35,s7.960975,s6.310567,s282.302437
193_36,s8.244507,s5.381446,s218.421822
193_37,s5.865648,s6.718931,s345.289643
193_38,s6.409984,s6.913757,s318.427250
193_39,s8.717180,s6.120427,s170.984218
193_40,s8.209474,s3.338040,s249.437534
193_41,s8.092707,s4.517992,s220.498306
193_42,s7.939647,s6.852302,s336.869666
193_43,s6.506422,s7.515394,s38.217527
193_44,s4.738332,s7.010135,s47.065366
193_45,s8.720165,s4.672682,s251.525050
193_46,s8.575541,s7.185728,s21.511714
193_47,s7.239231,s7.505197,s337.243518
193_48,s4.609336,s7.679757,s279.790248
193_49,s9.506600,s10.113394,s243.178299
193_50,s6.704354,s2.817187,s130.359513
193_51,s8.975683,s5.121661,s5.356552
193_52,s9.348619,s8.103776,s13.689823
193_53,s8.925775,s4.196769,s215.283492
193_54,s4.532144,s4.922046,s107.265513
193_55,s7.842080,s7.621141,s19.764960
193_56,s5.393247,s7.133048,s309.022980
193_57,s5.644464,s7.748735,s30.452969
193_58,s4.475649,s5.936109,s117.790990
193_59,s8.754255,s2.716078,s68.804773
193_60,s8.807079,s6.675136,s343.686207
193_61,s5.928693,s2.270810,s69.345801
193_62,s6.726345,s7.909545,s295.314660
193_63,s7.150504,s2.599225,s224.292678
193_64,s9.343823,s5.456602,s297.606551
193_65,s9.674251,s4.297417,s284.188123
193_66,s10.190295,s5.684131,s274.967206
193_67,s9.142612,s6.356618,s229.383757
193_68,s7.593302,s3.049950,s184.183221
193_69,s6.476298,s2.183979,s177.810875
193_70,s4.130489,s5.200645,s67.051797
193_71,s4.339718,s4.349402,s70.380157
193_72,s8.031792,s2.550717,s202.355762
193_73,s9.428858,s3.466723,s270.503291
193_74,s5.550558,s1.893669,s251.626117
193_75,s7.109416,s2.085175,s143.276084
193_76,s4.198645,s3.602268,s36.325632
193_77,s9.288103,s2.901251,s209.319871
193_78,s5.190542,s2.267272,s92.593311
193_79,s3.661004,s7.420602,s166.019064
193_80,s9.560411,s1.137606,s137.242928
193_81,s4.974465,s2.891277,s83.608301
193_82,s3.606828,s4.900150,s27.509791
193_83,s3.671886,s3.759725,s133.487089
193_84,s3.105812,s5.067430,s97.893985
193_85,s4.090469,s6.255133,s83.937296
193_86,s3.412149,s5.838211,s51.937207
193_87,s3.476037,s4.247733,s58.096730
193_88,s5.523112,s1.448679,s135.715203
193_89,s6.344772,s8.208576,s10.683472
193_90,s8.153726,s7.991088,s336.202683
193_91,s4.329509,s2.652564,s171.463499
193_92,s5.773945,s8.428183,s333.848083
193_93,s6.739227,s8.496043,s278.497376
193_94,s8.808422,s7.699289,s351.908428
193_95,s3.242626,s6.555607,s57.675100
193_96,s4.909589,s8.205526,s59.249960
193_97,s4.329871,s9.337712,s335.700198
193_98,s3.945009,s3.219584,s133.134873
193_99,s7.847442,s8.560360,s320.123857
193_100,s2.704059,s5.518011,s132.068309
193_101,s0.490001,s8.577205,s282.082810
193_102,s2.797434,s8.997692,s60.274425
193_103,s6.292024,s9.169301,s358.882203
193_104,s3.044751,s4.062359,s101.834098
193_105,s5.375145,s8.547588,s25.287596
193_106,s2.697611,s4.470006,s76.744234
193_107,s2.506943,s6.559828,s8.335234
193_108,s1.470446,s1.611305,s75.928686
193_109,s6.934188,s9.125470,s230.434429
193_110,s3.125791,s7.185012,s9.331424
193_111,s4.500376,s0.612512,s105.862354
193_112,s3.908272,s2.360360,s110.275221
193_113,s4.060873,s7.614450,s335.997343
193_114,s5.545941,s9.062826,s312.918642
193_115,s5.176944,s9.545205,s38.073709
193_116,s7.513912,s9.080103,s329.930345
193_117,s9.257125,s6.998401,s241.794847
193_118,s9.716352,s6.258934,s290.079996
193_119,s3.167238,s8.197747,s50.790775
193_120,s9.711174,s7.225052,s302.213158
193_121,s9.040441,s1.705342,s184.657840
193_122,s6.882531,s9.425561,s36.427553
193_123,s9.973788,s5.148825,s239.015604
193_124,s8.166172,s9.298500,s344.369125
193_125,s4.743596,s8.799809,s355.086780
193_126,s9.516308,s4.669411,s344.329466
193_127,s8.976934,s10.590105,s133.429985
193_128,s3.584162,s9.412629,s68.965272
193_129,s8.497638,s8.909909,s296.159422
193_130,s9.194434,s7.584323,s292.859425
193_131,s8.763288,s9.551867,s302.714933
193_132,s10.065437,s2.187669,s340.325718
193_133,s6.098244,s1.415315,s152.273798
193_134,s7.810962,s1.876816,s240.385066
193_135,s2.298557,s6.156544,s153.967899
193_136,s1.955265,s5.157905,s70.668829
193_137,s7.241328,s1.596009,s229.191571
193_138,s3.635423,s7.886951,s12.133905
193_139,s1.460581,s4.137891,s72.871909
193_140,s10.563549,s6.076740,s350.828175
193_141,s4.039542,s8.366137,s0.226860
193_142,s8.630545,s2.302761,s253.827764
193_143,s2.168111,s7.302374,s30.002425
193_144,s5.779396,s9.799697,s322.676255
193_145,s1.796436,s6.760814,s102.831933
193_146,s1.110727,s2.264177,s128.902782
193_147,s7.352872,s10.068758,s313.002935
193_148,s9.508648,s9.053214,s187.334249
193_149,s5.385005,s10.018522,s5.785075
193_150,s4.103477,s9.747724,s10.548080
193_151,s3.535367,s8.717092,s35.041927
193_152,s1.929695,s2.354894,s36.631007
193_153,s2.457288,s8.225058,s25.225611
193_154,s4.505098,s1.740489,s160.202986
193_155,s10.127879,s4.022101,s223.562209
193_156,s1.830389,s4.308697,s14.996539
193_157,s2.190419,s3.698931,s80.675154
193_158,s2.918782,s3.605477,s188.045104
193_159,s6.508209,s10.534363,s56.858591
193_160,s2.737369,s7.761289,s79.003583
193_161,s10.033256,s8.070290,s244.773449
193_162,s10.135328,s6.963013,s273.668368
193_163,s1.786357,s6.196397,s116.149935
193_164,s1.526087,s8.741245,s37.349655
193_165,s4.702641,s10.305320,s312.374241
193_166,s1.106063,s3.793718,s144.244647
193_167,s2.376741,s3.277303,s207.131000
193_168,s6.860508,s9.999341,s345.307574
193_169,s1.358028,s4.773365,s116.721034
193_170,s6.775037,s1.247760,s156.304272
193_171,s2.935097,s10.401590,s75.140003
193_172,s1.475204,s9.990449,s85.830651
193_173,s1.559423,s7.303637,s36.722245
193_174,s4.702178,s1.201264,s192.454444
193_175,s3.829590,s1.843958,s132.379331
193_176,s1.079160,s7.074771,s52.287551
193_177,s8.483885,s1.195416,s207.454388
193_178,s1.142816,s6.237425,s47.363579
193_179,s5.263818,s0.764508,s160.000000
193_180,s6.891884,s0.526830,s245.775682
193_181,s2.147753,s1.424655,s109.866896
193_182,s5.987125,s0.646782,s216.052527
193_183,s1.099011,s5.668176,s100.000000
193_184,s3.989392,s1.278475,s120.000000
193_185,s1.856292,s8.276715,s0.000000
193_186,s0.887366,s4.995915,s68.127725
193_187,s2.949210,s1.112007,s28.859143
193_188,s0.585953,s9.365197,s2.879032
193_189,s1.259833,s3.206008,s180.000000
193_190,s7.683698,s0.900981,s223.262998
193_191,s0.680421,s4.013510,s121.731083
193_192,s9.765111,s2.886907,s300.000000
194_0,s5.286767,s4.367099,s156.045912
194_1,s6.140361,s4.448505,s206.180148
194_2,s5.409114,s5.441567,s146.259059
194_3,s5.032705,s3.500041,s123.503620
194_4,s5.588920,s3.525967,s172.185046
194_5,s5.919728,s3.985354,s111.625215
194_6,s5.819127,s5.289655,s334.853987
194_7,s6.054486,s4.957631,s245.830198
194_8,s6.754790,s3.332945,s224.211385
194_9,s7.457479,s3.839841,s174.817882
194_10,s6.215802,s3.672798,s185.317027
194_11,s5.808984,s4.519845,s66.172135
194_12,s6.697535,s4.376095,s316.598268
194_13,s4.653280,s4.183714,s172.763098
194_14,s6.353765,s5.480395,s305.629873
194_15,s7.444046,s4.900300,s287.151329
194_16,s6.779159,s3.968118,s222.360085
194_17,s7.193989,s4.348963,s276.686537
194_18,s6.313503,s5.968799,s340.309550
194_19,s4.880810,s5.298334,s64.270949
194_20,s5.575851,s5.740755,s37.588747
194_21,s6.764431,s5.027623,s344.327548
194_22,s3.223805,s2.612776,s159.190633
194_23,s5.764471,s6.265354,s296.109201
194_24,s5.366252,s6.550269,s32.026723
194_25,s6.923631,s6.203847,s15.414033
194_26,s4.533945,s6.290699,s320.426147
194_27,s7.254353,s6.037888,s264.327577
194_28,s8.001996,s3.973640,s170.356629
194_29,s7.242113,s5.494685,s246.083806
194_30,s3.973585,s6.767346,s346.777799
194_31,s8.759417,s3.635092,s207.286011
194_32,s7.656916,s6.605738,s83.689669
194_33,s7.811078,s5.581219,s309.801589
194_34,s7.092496,s7.070599,s289.256917
194_35,s7.960975,s6.310567,s282.302437
194_36,s8.244507,s5.381446,s218.421822
194_37,s5.865648,s6.718931,s345.289643
194_38,s6.409984,s6.913757,s318.427250
194_39,s8.717180,s6.120427,s170.984218
194_40,s8.209474,s3.338040,s249.437534
194_41,s8.092707,s4.517992,s220.498306
194_42,s7.939647,s6.852302,s336.869666
194_43,s6.506422,s7.515394,s38.217527
194_44,s4.738332,s7.010135,s47.065366
194_45,s8.720165,s4.672682,s251.525050
194_46,s8.548603,s7.170870,s21.511714
194_47,s7.239231,s7.505197,s337.243518
194_48,s4.609336,s7.679757,s279.790248
194_49,s9.493902,s10.098751,s243.178299
194_50,s6.704354,s2.817187,s130.359513
194_51,s8.975683,s5.121661,s5.356552
194_52,s9.348619,s8.103776,s13.689823
194_53,s8.925775,s4.196769,s215.283492
194_54,s4.532144,s4.922046,s107.265513
194_55,s7.842080,s7.621141,s19.764960
194_56,s5.393247,s7.133048,s309.022980
194_57,s5.644464,s7.748735,s30.452969
194_58,s4.475649,s5.936109,s117.790990
194_59,s8.754255,s2.716078,s68.804773
194_60,s8.807079,s6.675136,s343.686207
194_61,s5.928693,s2.270810,s69.345801
194_62,s6.726345,s7.909545,s295.314660
194_63,s7.150504,s2.599225,s224.292678
194_64,s9.343823,s5.456602,s297.606551
194_65,s9.674251,s4.297417,s284.188123
194_66,s10.190295,s5.684131,s274.967206
194_67,s9.142612,s6.356618,s229.383757
194_68,s7.593302,s3.049950,s184.183221
194_69,s6.476298,s2.183979,s177.810875
194_70,s4.130489,s5.200645,s67.051797
194_71,s4.339718,s4.349402,s70.380157
194_72,s8.031792,s2.550717,s202.355762
194_73,s9.428858,s3.466723,s270.503291
194_74,s5.550558,s1.893669,s251.626117
194_75,s7.109416,s2.085175,s143.276084
194_76,s4.198645,s3.602268,s36.325632
194_77,s9.288103,s2.901251,s209.319871
194_78,s5.190542,s2.267272,s92.593311
194_79,s3.661004,s7.420602,s166.019064
194_80,s9.510590,s1.190875,s137.242928
194_81,s4.974465,s2.891277,s83.608301
194_82,s3.606828,s4.900150,s27.509791
194_83,s3.671886,s3.759725,s133.487089
194_84,s3.105812,s5.067430,s97.893985
194_85,s4.090469,s6.255133,s83.937296
194_86,s3.412149,s5.838211,s51.937207
194_87,s3.476037,s4.247733,s58.096730
194_88,s5.523112,s1.448679,s135.715203
194_89,s6.344772,s8.208576,s10.683472
194_90,s8.153726,s7.991088,s336.202683
194_91,s4.329509,s2.652564,s171.463499
194_92,s5.773945,s8.428183,s333.848083
194_93,s6.739227,s8.496043,s278.497376
194_94,s8.808422,s7.699289,s351.908428
194_95,s3.242626,s6.555607,s57.675100
194_96,s4.909589,s8.205526,s59.249960
194_97,s4.329871,s9.337712,s335.700198
194_98,s3.966308,s3.250753,s133.134873
194_99,s7.847442,s8.560360,s320.123857
194_100,s2.704059,s5.518011,s132.068309
194_101,s0.490001,s8.577205,s282.082810
194_102,s2.806931,s8.985321,s60.274425
194_103,s6.292024,s9.169301,s358.882203
194_104,s3.044751,s4.062359,s101.834098
194_105,s5.375145,s8.547588,s25.287596
194_106,s2.697611,s4.470006,s76.744234
194_107,s2.506943,s6.559828,s8.335234
194_108,s1.481513,s1.621964,s75.928686
194_109,s6.934188,s9.125470,s230.434429
194_110,s3.125791,s7.185012,s9.331424
194_111,s4.500376,s0.612512,s105.862354
194_112,s3.908272,s2.360360,s110.275221
194_113,s4.060873,s7.614450,s335.997343
194_114,s5.545941,s9.062826,s312.918642
194_115,s5.176944,s9.545205,s38.073709
194_116,s7.513912,s9.080103,s329.930345
194_117,s9.257125,s6.998401,s241.794847
194_118,s9.716352,s6.258934,s290.079996
194_119,s3.167238,s8.197747,s50.790775
194_120,s9.711174,s7.225052,s302.213158
194_121,s9.008413,s1.739482,s184.657840
194_122,s6.882531,s9.425561,s36.427553
194_123,s9.973788,s5.148825,s239.015604
194_124,s8.166172,s9.298500,s344.369125
194_125,s4.743596,s8.799809,s355.086780
194_126,s9.516308,s4.669411,s344.329466
194_127,s8.970844,s10.581181,s133.429985
194_128,s3.584162,s9.412629,s68.965272
194_129,s8.497638,s8.909909,s296.159422
194_130,s9.194434,s7.584323,s292.859425
194_131,s8.756347,s9.543236,s302.714933
194_132,s10.015081,s2.223997,s340.325718
194_133,s6.098244,s1.415315,s152.273798
194_134,s7.810962,s1.876816,s240.385066
194_135,s2.298557,s6.156544,s153.967899
194_136,s1.955265,s5.157905,s70.668829
194_137,s7.241328,s1.596009,s229.191571
194_138,s3.635423,s7.886951,s12.133905
194_139,s1.460581,s4.137891,s72.871909
194_140,s10.563549,s6.076740,s350.828175
194_141,s4.039542,s8.366137,s0.226860
194_142,s8.630545,s2.302761,s253.827764
194_143,s2.168111,s7.302374,s30.002425
194_144,s5.779396,s9.799697,s322.676255
194_145,s1.837700,s6.746584,s102.831933
194_146,s1.110727,s2.264177,s128.902782
194_147,s7.352872,s10.068758,s313.002935
194_148,s9.508648,s9.053214,s187.334249
194_149,s5.385005,s10.018522,s5.785075
194_150,s4.103477,s9.747724,s10.548080
194_151,s3.535367,s8.717092,s35.041927
194_152,s1.955768,s2.377800,s36.631007
194_153,s2.457288,s8.225058,s25.225611
194_154,s4.505098,s1.740489,s160.202986
194_155,s10.127879,s4.022101,s223.562209
194_156,s1.830389,s4.308697,s14.996539
194_157,s2.206334,s3.707540,s80.675154
194_158,s2.918782,s3.605477,s188.045104
194_159,s6.503088,s10.508880,s56.858591
194_160,s2.737369,s7.761289,s79.003583
194_161,s10.016766,s8.060902,s244.773449
194_162,s10.135328,s6.963013,s273.668368
194_163,s1.800948,s6.193601,s116.149935
194_164,s1.526087,s8.741245,s37.349655
194_165,s4.702641,s10.305320,s312.374241
194_166,s1.106063,s3.793718,s144.244647
194_167,s2.385559,s3.283551,s207.131000
194_168,s6.860508,s9.999341,s345.307574
194_169,s1.372765,s4.775904,s116.721034
194_170,s6.775037,s1.247760,s156.304272
194_171,s2.989922,s10.296205,s75.140003
194_172,s1.534512,s9.923966,s85.830651
194_173,s1.585499,s7.291589,s36.722245
194_174,s4.702178,s1.201264,s192.454444
194_175,s3.829590,s1.843958,s132.379331
194_176,s1.101419,s7.066759,s52.287551
194_177,s8.483885,s1.195416,s207.454388
194_178,s1.142816,s6.237425,s47.363579
194_179,s5.263818,s0.764508,s160.000000
194_180,s6.891884,s0.526830,s245.775682
194_181,s2.209921,s1.500115,s109.866896
194_182,s5.987125,s0.646782,s216.052527
194_183,s1.099011,s5.668176,s100.000000
194_184,s3.994704,s1.293332,s120.000000
194_185,s1.856292,s8.276715,s0.000000
194_186,s0.959979,s5.003638,s68.127725
194_187,s2.949210,s1.112007,s28.859143
194_188,s0.663178,s9.304153,s2.879032
194_189,s1.274955,s3.214105,s180.000000
194_190,s7.683698,s0.900981,s223.262998
194_191,s0.680421,s4.013510,s121.731083
194_192,s9.765111,s2.886907,s300.000000
194_193,s2.587242,s9.631938,s20.000000
195_0,s5.584550,s4.367099,s156.045912
195_1,s6.438144,s4.448505,s206.180148
195_2,s5.706898,s5.441567,s146.259059
195_3,s5.330488,s3.500041,s123.503620
195_4,s5.886703,s3.525967,s172.185046
195_5,s6.217511,s3.985354,s111.625215
195_6,s6.116910,s5.289655,s334.853987
195_7,s6.352269,s4.957631,s245.830198
195_8,s7.052574,s3.332945,s224.211385
195_9,s7.755262,s3.839841,s174.817882
195_10,s6.513585,s3.672798,s185.317027
195_11,s6.106767,s4.519845,s66.172135
195_12,s6.995318,s4.376095,s316.598268
195_13,s4.951063,s4.183714,s172.763098
195_14,s6.651548,s5.480395,s305.629873
195_15,s7.741829,s4.900300,s287.151329
195_16,s7.076942,s3.968118,s222.360085
195_17,s7.491772,s4.348963,s276.686537
195_18,s6.611286,s5.968799,s340.309550
195_19,s5.178593,s5.298334,s64.270949
195_20,s5.873634,s5.740755,s37.588747
195_21,s7.062214,s5.027623,s344.327548
195_22,s3.570119,s2.678225,s159.190633
195_23,s6.062254,s6.265354,s296.109201
195_24,s5.664035,s6.550269,s32.026723
195_25,s7.221414,s6.203847,s15.414033
195_26,s4.831728,s6.290699,s320.426147
195_27,s7.552136,s6.037888,s264.327577
195_28,s8.299779,s3.973640,s170.356629
195_29,s7.539896,s5.494685,s246.083806
195_30,s4.271368,s6.767346,s346.777799
195_31,s9.057200,s3.635092,s207.286011
195_32,s7.954699,s6.605738,s83.689669
195_33,s8.108862,s5.581219,s309.801589
195_34,s7.390279,s7.070599,s289.256917
195_35,s8.258759,s6.310567,s282.302437
195_36,s8.542290,s5.381446,s218.421822
195_37,s6.163431,s6.718931,s345.289643
195_38,s6.707767,s6.913757,s318.427250
195_39,s9.014963,s6.120427,s170.984218
195_40,s8.507257,s3.338040,s249.437534
195_41,s8.390490,s4.517992,s220.498306
195_42,s8.237430,s6.852302,s336.869666
195_43,s6.804205,s7.515394,s38.217527
195_44,s5.036115,s7.010135,s47.065366
195_45,s9.017949,s4.672682,s251.525050
195_46,s8.846386,s7.170870,s21.511714
195_47,s7.537014,s7.505197,s337.243518
195_48,s4.907119,s7.679757,s279.790248
195_49,s9.791685,s10.098751,s243.178299
195_50,s7.002137,s2.817187,s130.359513
195_51,s9.273466,s5.121661,s5.356552
195_52,s9.646403,s8.103776,s13.689823
195_53,s9.223558,s4.196769,s215.283492
195_54,s4.829927,s4.922046,s107.265513
195_55,s8.139863,s7.621141,s19.764960
195_56,s5.691030,s7.133048,s309.022980
195_57,s5.942247,s7.748735,s30.452969
195_58,s4.773432,s5.936109,s117.790990
195_59,s9.052038,s2.716078,s68.804773
195_60,s9.104863,s6.675136,s343.686207
195_61,s6.226476,s2.270810,s69.345801
195_62,s7.024128,s7.909545,s295.314660
195_63,s7.448288,s2.599225,s224.292678
195_64,s9.641606,s5.456602,s297.606551
195_65,s9.972034,s4.297417,s284.188123
195_66,s10.488078,s5.684131,s274.967206
195_67,s9.440395,s6.356618,s229.383757
195_68,s7.891085,s3.049950,s184.183221
195_69,s6.770546,s2.194254,s177.810875
195_70,s4.428272,s5.200645,s67.051797
195_71,s4.637501,s4.349402,s70.380157
195_72,s8.329575,s2.550717,s202.355762
195_73,s9.726641,s3.466723,s270.503291
195_74,s5.848341,s1.893669,s251.626117
195_75,s7.407199,s2.085175,s143.276084
195_76,s4.496428,s3.602268,s36.325632
195_77,s9.585886,s2.901251,s209.319871
195_78,s5.488325,s2.267272,s92.593311
195_79,s3.958787,s7.420602,s166.019064
195_80,s9.763660,s1.236837,s137.242928
195_81,s5.272248,s2.891277,s83.608301
195_82,s3.904611,s4.900150,s27.509791
195_83,s3.969669,s3.759725,s133.487089
195_84,s3.403596,s5.067430,s97.893985
195_85,s4.388252,s6.255133,s83.937296
195_86,s3.709932,s5.838211,s51.937207
195_87,s3.773820,s4.247733,s58.096730
195_88,s5.820895,s1.448679,s135.715203
195_89,s6.642556,s8.208576,s10.683472
195_90,s8.439647,s7.980455,s336.202683
195_91,s4.627292,s2.652564,s171.463499
195_92,s6.071728,s8.428183,s333.848083
195_93,s7.037010,s8.496043,s278.497376
195_94,s9.106205,s7.699289,s351.908428
195_95,s3.540409,s6.555607,s57.675100
195_96,s5.207372,s8.205526,s59.249960
195_97,s4.627654,s9.337712,s335.700198
195_98,s4.264091,s3.250753,s133.134873
195_99,s8.145225,s8.560360,s320.123857
195_100,s3.001842,s5.518011,s132.068309
195_101,s0.787784,s8.577205,s282.082810
195_102,s3.104714,s8.985321,s60.274425
195_103,s6.589807,s9.169301,s358.882203
195_104,s3.342534,s4.062359,s101.834098
195_105,s5.672928,s8.547588,s25.287596
195_106,s2.995394,s4.470006,s76.744234
195_107,s2.804726,s6.559828,s8.335234
195_108,s1.779297,s1.621964,s75.928686
195_109,s7.231971,s9.125470,s230.434429
195_110,s3.423574,s7.185012,s9.331424
195_111,s4.798159,s0.612512,s105.862354
195_112,s4.206056,s2.360360,s110.275221
195_113,s4.358656,s7.614450,s335.997343
195_114,s5.843724,s9.062826,s312.918642
195_115,s5.474727,s9.545205,s38.073709
195_116,s7.811695,s9.080103,s329.930345
195_117,s9.554908,s6.998401,s241.794847
195_118,s10.014135,s6.258934,s290.079996
195_119,s3.465021,s8.197747,s50.790775
195_120,s10.008957,s7.225052,s302.213158
195_121,s9.261853,s1.784672,s184.657840
195_122,s7.180314,s9.425561,s36.427553
195_123,s10.271571,s5.148825,s239.015604
195_124,s8.463955,s9.298500,s344.369125
195_125,s5.041379,s8.799809,s355.086780
195_126,s9.814091,s4.669411,s344.329466
195_127,s9.268627,s10.581181,s133.429985
195_128,s3.881945,s9.412629,s68.965272
195_129,s8.795421,s8.909909,s296.159422
195_130,s9.492217,s7.584323,s292.859425
195_131,s9.054130,s9.543236,s302.714933
195_132,s10.312864,s2.223997,s340.325718
195_133,s6.396027,s1.415315,s152.273798
195_134,s8.108745,s1.876816,s240.385066
195_135,s2.596340,s6.156544,s153.967899
195_136,s2.253048,s5.157905,s70.668829
195_137,s7.539111,s1.596009,s229.191571
195_138,s3.933206,s7.886951,s12.133905
195_139,s1.758364,s4.137891,s72.871909
195_140,s10.861332,s6.076740,s350.828175
195_141,s4.337325,s8.366137,s0.226860
195_142,s8.928328,s2.302761,s253.827764
195_143,s2.465895,s7.302374,s30.002425
195_144,s6.077179,s9.799697,s322.676255
195_145,s2.135483,s6.746584,s102.831933
195_146,s1.408510,s2.264177,s128.902782
195_147,s7.650655,s10.068758,s313.002935
195_148,s9.794926,s9.043322,s187.334249
195_149,s5.682788,s10.018522,s5.785075
195_150,s4.401260,s9.747724,s10.548080
195_151,s3.833150,s8.717092,s35.041927
195_152,s2.278654,s2.400727,s36.631007
195_153,s2.755072,s8.225058,s25.225611
195_154,s4.802881,s1.740489,s160.202986
195_155,s10.425662,s4.022101,s223.562209
195_156,s2.128172,s4.308697,s14.996539
195_157,s2.520053,s3.716505,s80.675154
195_158,s3.216565,s3.605477,s188.045104
195_159,s6.800871,s10.508880,s56.858591
195_160,s3.035152,s7.761289,s79.003583
195_161,s10.314549,s8.060902,s244.773449
195_162,s10.433111,s6.963013,s273.668368
195_163,s2.098731,s6.193601,s116.149935
195_164,s1.823870,s8.741245,s37.349655
195_165,s5.000424,s10.305320,s312.374241
195_166,s1.413278,s3.797455,s144.244647
195_167,s2.683342,s3.283551,s207.131000
195_168,s7.158291,s9.999341,s345.307574
195_169,s1.670548,s4.775904,s116.721034
195_170,s7.072820,s1.247760,s156.304272
195_171,s3.319045,s10.232017,s75.140003
195_172,s1.880104,s9.868119,s85.830651
195_173,s1.883282,s7.291589,s36.722245
195_174,s4.999961,s1.201264,s192.454444
195_175,s4.127373,s1.843958,s132.379331
195_176,s1.411379,s7.062186,s52.287551
195_177,s8.732657,s1.262203,s207.454388
195_178,s1.440599,s6.237425,s47.363579
195_179,s5.561601,s0.764508,s160.000000
195_180,s7.182770,s0.548882,s245.775682
195_181,s2.507704,s1.500115,s109.866896
195_182,s6.284908,s0.646782,s216.052527
195_183,s1.396794,s5.668176,s100.000000
195_184,s4.292487,s1.293332,s120.000000
195_185,s2.154075,s8.276715,s0.000000
195_186,s1.268233,s5.004759,s68.127725
195_187,s3.246994,s1.112007,s28.859143
195_188,s0.970481,s9.296363,s2.879032
195_189,s1.592726,s3.225200,s180.000000
195_190,s7.981481,s0.900981,s223.262998
195_191,s0.978204,s4.013510,s121.731083
195_192,s10.049415,s2.894792,s300.000000
195_193,s2.891092,s9.622788,s20.000000
195_194,s0.787846,s6.427301,s80.000000
196_0,s5.584550,s4.367099,s156.045912
196_1,s6.438144,s4.448505,s206.180148
196_2,s5.706898,s5.441567,s146.259059
196_3,s5.332628,s3.513572,s123.503620
196_4,s5.886703,s3.525967,s172.185046
196_5,s6.217511,s3.985354,s111.625215
196_6,s6.116910,s5.289655,s334.853987
196_7,s6.352269,s4.957631,s245.830198
196_8,s7.052574,s3.332945,s224.211385
196_9,s7.755262,s3.839841,s174.817882
196_10,s6.513585,s3.672798,s185.317027
196_11,s6.106767,s4.519845,s66.172135
196_12,s6.995318,s4.376095,s316.598268
196_13,s4.951063,s4.183714,s172.763098
196_14,s6.651548,s5.480395,s305.629873
196_15,s7.741829,s4.900300,s287.151329
196_16,s7.076942,s3.968118,s222.360085
196_17,s7.491772,s4.348963,s276.686537
196_18,s6.611286,s5.968799,s340.309550
196_19,s5.178593,s5.298334,s64.270949
196_20,s5.873634,s5.740755,s37.588747
196_21,s7.062214,s5.027623,s344.327548
196_22,s3.581924,s2.694145,s159.190633
196_23,s6.062254,s6.265354,s296.109201
196_24,s5.664035,s6.550269,s32.026723
196_25,s7.221414,s6.203847,s15.414033
196_26,s4.831728,s6.290699,s320.426147
196_27,s7.552136,s6.037888,s264.327577
196_28,s8.299779,s3.973640,s170.356629
196_29,s7.539896,s5.494685,s246.083806
196_30,s4.271368,s6.767346,s346.777799
196_31,s9.057200,s3.635092,s207.286011
196_32,s7.954699,s6.605738,s83.689669
196_33,s8.108862,s5.581219,s309.801589
196_34,s7.390279,s7.070599,s289.256917
196_35,s8.258759,s6.310567,s282.302437
196_36,s8.542290,s5.381446,s218.421822
196_37,s6.163431,s6.718931,s345.289643
196_38,s6.707767,s6.913757,s318.427250
196_39,s9.014963,s6.120427,s170.984218
196_40,s8.507257,s3.338040,s249.437534
196_41,s8.390490,s4.517992,s220.498306
196_42,s8.237430,s6.852302,s336.869666
196_43,s6.804205,s7.515394,s38.217527
196_44,s5.036115,s7.010135,s47.065366
196_45,s9.017949,s4.672682,s251.525050
196_46,s8.846386,s7.170870,s21.511714
196_47,s7.537014,s7.505197,s337.243518
196_48,s4.907119,s7.679757,s279.790248
196_49,s9.791685,s10.098751,s243.178299
196_50,s7.002137,s2.817187,s130.359513
196_51,s9.273466,s5.121661,s5.356552
196_52,s9.646403,s8.103776,s13.689823
196_53,s9.223558,s4.196769,s215.283492
196_54,s4.829927,s4.922046,s107.265513
196_55,s8.139863,s7.621141,s19.764960
196_56,s5.691030,s7.133048,s309.022980
196_57,s5.942247,s7.748735,s30.452969
196_58,s4.773432,s5.936109,s117.790990
196_59,s9.052038,s2.716078,s68.804773
196_60,s9.104863,s6.675136,s343.686207
196_61,s6.226476,s2.270810,s69.345801
196_62,s7.024128,s7.909545,s295.314660
196_63,s7.448288,s2.599225,s224.292678
196_64,s9.641606,s5.456602,s297.606551
196_65,s9.972034,s4.297417,s284.188123
196_66,s10.488078,s5.684131,s274.967206
196_67,s9.440395,s6.356618,s229.383757
196_68,s7.891085,s3.049950,s184.183221
196_69,s6.770546,s2.194254,s177.810875
196_70,s4.428272,s5.200645,s67.051797
196_71,s4.637501,s4.349402,s70.380157
196_72,s8.329575,s2.550717,s202.355762
196_73,s9.726641,s3.466723,s270.503291
196_74,s5.848341,s1.893669,s251.626117
196_75,s7.407199,s2.085175,s143.276084
196_76,s4.496428,s3.602268,s36.325632
196_77,s9.585886,s2.901251,s209.319871
196_78,s5.488325,s2.267272,s92.593311
196_79,s3.958787,s7.420602,s166.019064
196_80,s9.722915,s1.278721,s137.242928
196_81,s5.272248,s2.891277,s83.608301
196_82,s3.904611,s4.900150,s27.509791
196_83,s3.969669,s3.759725,s133.487089
196_84,s3.403596,s5.067430,s97.893985
196_85,s4.388252,s6.255133,s83.937296
196_86,s3.709932,s5.838211,s51.937207
196_87,s3.773820,s4.247733,s58.096730
196_88,s5.820895,s1.448679,s135.715203
196_89,s6.642556,s8.208576,s10.683472
196_90,s8.439647,s7.980455,s336.202683
196_91,s4.627292,s2.652564,s171.463499
196_92,s6.071728,s8.428183,s333.848083
196_93,s7.037010,s8.496043,s278.497376
196_94,s9.106205,s7.699289,s351.908428
196_95,s3.540409,s6.555607,s57.675100
196_96,s5.207372,s8.205526,s59.249960
196_97,s4.627654,s9.337712,s335.700198
196_98,s4.264091,s3.250753,s133.134873
196_99,s8.145225,s8.560360,s320.123857
196_100,s3.001842,s5.518011,s132.068309
196_101,s0.787784,s8.577205,s282.082810
196_102,s3.104714,s8.985321,s60.274425
196_103,s6.589807,s9.169301,s358.882203
196_104,s3.342534,s4.062359,s101.834098
196_105,s5.672928,s8.547588,s25.287596
196_106,s2.995394,s4.470006,s76.744234
196_107,s2.804726,s6.559828,s8.335234
196_108,s1.789212,s1.631848,s75.928686
196_109,s7.231971,s9.125470,s230.434429
196_110,s3.423574,s7.185012,s9.331424
196_111,s4.798159,s0.612512,s105.862354
196_112,s4.206056,s2.360360,s110.275221
196_113,s4.358656,s7.614450,s335.997343
196_114,s5.843158,s9.052730,s312.918642
196_115,s5.474727,s9.545205,s38.073709
196_116,s7.811695,s9.080103,s329.930345
196_117,s9.554908,s6.998401,s241.794847
196_118,s10.014135,s6.258934,s290.079996
196_119,s3.465021,s8.197747,s50.790775
196_120,s10.008957,s7.225052,s302.213158
196_121,s9.202998,s1.844650,s184.657840
196_122,s7.180314,s9.425561,s36.427553
196_123,s10.271571,s5.148825,s239.015604
196_124,s8.463955,s9.298500,s344.369125
196_125,s5.041379,s8.799809,s355.086780
196_126,s9.814091,s4.669411,s344.329466
196_127,s9.268627,s10.581181,s133.429985
196_128,s3.881945,s9.412629,s68.965272
196_129,s8.795421,s8.909909,s296.159422
196_130,s9.492217,s7.584323,s292.859425
196_131,s9.054130,s9.543236,s302.714933
196_132,s10.293422,s2.237523,s340.325718
196_133,s6.396027,s1.415315,s152.273798
196_134,s8.108745,s1.876816,s240.385066
196_135,s2.596340,s6.156544,s153.967899
196_136,s2.253048,s5.157905,s70.668829
196_137,s7.539111,s1.596009,s229.191571
196_138,s3.933206,s7.886951,s12.133905
196_139,s1.758364,s4.137891,s72.871909
196_140,s10.861332,s6.076740,s350.828175
196_141,s4.337325,s8.366137,s0.226860
196_142,s8.928328,s2.302761,s253.827764
196_143,s2.465895,s7.302374,s30.002425
196_144,s6.077179,s9.799697,s322.676255
196_145,s2.135483,s6.746584,s102.831933
196_146,s1.459438,s2.302776,s128.902782
196_147,s7.650655,s10.068758,s313.002935
196_148,s9.794926,s9.043322,s187.334249
196_149,s5.682788,s10.018522,s5.785075
196_150,s4.401260,s9.747724,s10.548080
196_151,s3.833150,s8.717092,s35.041927
196_152,s2.353062,s2.468688,s36.631007
196_153,s2.755072,s8.225058,s25.225611
196_154,s4.802881,s1.740489,s160.202986
196_155,s10.425662,s4.022101,s223.562209
196_156,s2.128172,s4.308697,s14.996539
196_157,s2.520053,s3.716505,s80.675154
196_158,s3.216565,s3.605477,s188.045104
196_159,s6.800871,s10.508880,s56.858591
196_160,s3.035152,s7.761289,s79.003583
196_161,s10.314549,s8.060902,s244.773449
196_162,s10.433111,s6.963013,s273.668368
196_163,s2.098731,s6.193601,s116.149935
196_164,s1.823870,s8.741245,s37.349655
196_165,s5.000424,s10.305320,s312.374241
196_166,s1.413278,s3.797455,s144.244647
196_167,s2.694223,s3.291602,s207.131000
196_168,s7.158291,s9.999341,s345.307574
196_169,s1.670548,s4.775904,s116.721034
196_170,s7.072820,s1.247760,s156.304272
196_171,s3.324425,s10.220998,s75.140003
196_172,s1.938060,s9.800419,s85.830651
196_173,s1.883282,s7.291589,s36.722245
196_174,s4.999961,s1.201264,s192.454444
196_175,s4.127373,s1.843958,s132.379331
196_176,s1.411379,s7.062186,s52.287551
196_177,s8.732657,s1.262203,s207.454388
196_178,s1.440599,s6.237425,s47.363579
196_179,s5.561601,s0.764508,s160.000000
196_180,s7.158669,s0.625933,s245.775682
196_181,s2.524310,s1.521161,s109.866896
196_182,s6.284908,s0.646782,s216.052527
196_183,s1.407341,s5.667691,s100.000000
196_184,s4.292487,s1.293332,s120.000000
196_185,s2.154075,s8.276715,s0.000000
196_186,s1.268233,s5.004759,s68.127725
196_187,s3.246994,s1.112007,s28.859143
196_188,s1.002255,s9.270362,s2.879032
196_189,s1.656791,s3.260760,s180.000000
196_190,s7.981481,s0.900981,s223.262998
196_191,s0.978204,s4.013510,s121.731083
196_192,s10.049415,s2.894792,s300.000000
196_193,s2.891092,s9.622788,s20.000000
196_194,s0.787846,s6.427301,s80.000000
196_195,s3.615737,s0.731921,s100.000000
197_0,s5.584550,s4.367099,s156.045912
197_1,s6.438144,s4.448505,s206.180148
197_2,s5.706898,s5.441567,s146.259059
197_3,s5.332628,s3.513572,s123.503620
197_4,s5.886703,s3.525967,s172.185046
197_5,s6.217511,s3.985354,s111.625215
197_6,s6.116910,s5.289655,s334.853987
197_7,s6.352269,s4.957631,s245.830198
197_8,s7.052574,s3.332945,s224.211385
197_9,s7.755262,s3.839841,s174.817882
197_10,s6.513585,s3.672798,s185.317027
197_11,s6.106767,s4.519845,s66.172135
197_12,s6.995318,s4.376095,s316.598268
197_13,s4.951063,s4.183714,s172.763098
197_14,s6.651548,s5.480395,s305.629873
197_15,s7.741829,s4.900300,s287.151329
197_16,s7.076942,s3.968118,s222.360085
197_17,s7.491772,s4.348963,s276.686537
197_18,s6.611286,s5.968799,s340.309550
197_19,s5.178593,s5.298334,s64.270949
197_20,s5.873634,s5.740755,s37.588747
197_21,s7.062214,s5.027623,s344.327548
197_22,s3.581924,s2.694145,s159.190633
197_23,s6.062254,s6.265354,s296.109201
197_24,s5.664035,s6.550269,s32.026723
197_25,s7.221414,s6.203847,s15.414033
197_26,s4.831728,s6.290699,s320.426147
197_27,s7.552136,s6.037888,s264.327577
197_28,s8.299779,s3.973640,s170.356629
197_29,s7.539896,s5.494685,s246.083806
197_30,s4.271368,s6.767346,s346.777799
197_31,s9.057200,s3.635092,s207.286011
197_32,s7.954699,s6.605738,s83.689669
197_33,s8.108862,s5.581219,s309.801589
197_34,s7.390279,s7.070599,s289.256917
197_35,s8.258759,s6.310567,s282.302437
197_36,s8.542290,s5.381446,s218.421822
197_37,s6.163431,s6.718931,s345.289643
197_38,s6.707767,s6.913757,s318.427250
197_39,s9.014963,s6.120427,s170.984218
197_40,s8.507257,s3.338040,s249.437534
197_41,s8.390490,s4.517992,s220.498306
197_42,s8.237430,s6.852302,s336.869666
197_43,s6.804205,s7.515394,s38.217527
197_44,s5.036115,s7.010135,s47.065366
197_45,s9.017949,s4.672682,s251.525050
197_46,s8.846386,s7.170870,s21.511714
197_47,s7.537014,s7.505197,s337.243518
197_48,s4.907119,s7.679757,s279.790248
197_49,s9.791685,s10.098751,s243.178299
197_50,s7.002137,s2.817187,s130.359513
197_51,s9.273466,s5.121661,s5.356552
197_52,s9.646403,s8.103776,s13.689823
197_53,s9.223558,s4.196769,s215.283492
197_54,s4.829927,s4.922046,s107.265513
197_55,s8.139863,s7.621141,s19.764960
197_56,s5.691030,s7.133048,s309.022980
197_57,s5.942247,s7.748735,s30.452969
197_58,s4.773432,s5.936109,s117.790990
197_59,s9.052038,s2.716078,s68.804773
197_60,s9.104863,s6.675136,s343.686207
197_61,s6.226476,s2.270810,s69.345801
197_62,s7.024128,s7.909545,s295.314660
197_63,s7.448288,s2.599225,s224.292678
197_64,s9.641606,s5.456602,s297.606551
197_65,s9.972034,s4.297417,s284.188123
197_66,s10.488078,s5.684131,s274.967206
197_67,s9.440395,s6.356618,s229.383757
197_68,s7.891085,s3.049950,s184.183221
197_69,s6.770546,s2.194254,s177.810875
197_70,s4.428272,s5.200645,s67.051797
197_71,s4.637501,s4.349402,s70.380157
197_72,s8.329575,s2.550717,s202.355762
197_73,s9.726641,s3.466723,s270.503291
197_74,s5.848341,s1.893669,s251.626117
197_75,s7.407199,s2.085175,s143.276084
197_76,s4.496428,s3.602268,s36.325632
197_77,s9.585886,s2.901251,s209.319871
197_78,s5.488325,s2.267272,s92.593311
197_79,s3.958787,s7.420602,s166.019064
197_80,s9.681708,s1.321080,s137.242928
197_81,s5.272248,s2.891277,s83.608301
197_82,s3.904611,s4.900150,s27.509791
197_83,s3.969669,s3.759725,s133.487089
197_84,s3.403596,s5.067430,s97.893985
197_85,s4.388252,s6.255133,s83.937296
197_86,s3.709932,s5.838211,s51.937207
197_87,s3.773820,s4.247733,s58.096730
197_88,s5.820895,s1.448679,s135.715203
197_89,s6.642556,s8.208576,s10.683472
197_90,s8.439647,s7.980455,s336.202683
197_91,s4.627292,s2.652564,s171.463499
197_92,s6.071728,s8.428183,s333.848083
197_93,s7.037010,s8.496043,s278.497376
197_94,s9.106205,s7.699289,s351.908428
197_95,s3.540409,s6.555607,s57.675100
197_96,s5.207372,s8.205526,s59.249960
197_97,s4.627654,s9.337712,s335.700198
197_98,s4.264091,s3.250753,s133.134873
197_99,s8.145225,s8.560360,s320.123857
197_100,s3.001842,s5.518011,s132.068309
197_101,s0.787784,s8.577205,s282.082810
197_102,s3.104714,s8.985321,s60.274425
197_103,s6.589807,s9.169301,s358.882203
197_104,s3.342534,s4.062359,s101.834098
197_105,s5.672928,s8.547588,s25.287596
197_106,s2.995394,s4.470006,s76.744234
197_107,s2.804726,s6.559828,s8.335234
197_108,s1.846697,s1.689154,s75.928686
197_109,s7.231971,s9.125470,s230.434429
197_110,s3.423574,s7.185012,s9.331424
197_111,s4.798159,s0.612512,s105.862354
197_112,s4.206056,s2.360360,s110.275221
197_113,s4.358656,s7.614450,s335.997343
197_114,s5.843158,s9.052730,s312.918642
197_115,s5.475272,s9.531990,s38.073709
197_116,s7.811695,s9.080103,s329.930345
197_117,s9.554908,s6.998401,s241.794847
197_118,s10.014135,s6.258934,s290.079996
197_119,s3.465021,s8.197747,s50.790775
197_120,s10.008957,s7.225052,s302.213158
197_121,s9.202998,s1.844650,s184.657840
197_122,s7.180314,s9.425561,s36.427553
197_123,s10.271571,s5.148825,s239.015604
197_124,s8.463955,s9.298500,s344.369125
197_125,s5.041379,s8.799809,s355.086780
197_126,s9.814091,s4.669411,s344.329466
197_127,s9.268627,s10.581181,s133.429985
197_128,s3.881945,s9.412629,s68.965272
197_129,s8.795421,s8.909909,s296.159422
197_130,s9.492217,s7.584323,s292.859425
197_131,s9.054130,s9.543236,s302.714933
197_132,s10.293422,s2.237523,s340.325718
197_133,s6.396027,s1.415315,s152.273798
197_134,s8.108745,s1.876816,s240.385066
197_135,s2.596340,s6.156544,s153.967899
197_136,s2.253048,s5.157905,s70.668829
197_137,s7.539111,s1.596009,s229.191571
197_138,s3.933206,s7.886951,s12.133905
197_139,s1.758364,s4.137891,s72.871909
197_140,s10.861332,s6.076740,s350.828175
197_141,s4.337325,s8.366137,s0.226860
197_142,s8.928328,s2.302761,s253.827764
197_143,s2.465895,s7.302374,s30.002425
197_144,s6.077179,s9.799697,s322.676255
197_145,s2.135483,s6.746584,s102.831933
197_146,s1.531843,s2.357651,s128.902782
197_147,s7.650655,s10.068758,s313.002935
197_148,s9.794926,s9.043322,s187.334249
197_149,s5.682788,s10.018522,s5.785075
197_150,s4.401260,s9.747724,s10.548080
197_151,s3.833150,s8.717092,s35.041927
197_152,s2.489419,s2.593229,s36.631007
197_153,s2.755072,s8.225058,s25.225611
197_154,s4.802881,s1.740489,s160.202986
197_155,s10.425662,s4.022101,s223.562209
197_156,s2.128172,s4.308697,s14.996539
197_157,s2.520053,s3.716505,s80.675154
197_158,s3.216565,s3.605477,s188.045104
197_159,s6.800871,s10.508880,s56.858591
197_160,s3.035152,s7.761289,s79.003583
197_161,s10.314549,s8.060902,s244.773449
197_162,s10.423005,s6.959870,s273.668368
197_163,s2.098731,s6.193601,s116.149935
197_164,s1.823870,s8.741245,s37.349655
197_165,s5.000424,s10.305320,s312.374241
197_166,s1.413278,s3.797455,s144.244647
197_167,s2.694223,s3.291602,s207.131000
197_168,s7.158291,s9.999341,s345.307574
197_169,s1.670548,s4.775904,s116.721034
197_170,s7.069082,s1.258803,s156.304272
197_171,s3.324425,s10.220998,s75.140003
197_172,s2.034728,s9.687499,s85.830651
197_173,s1.883282,s7.291589,s36.722245
197_174,s4.999961,s1.201264,s192.454444
197_175,s4.127373,s1.843958,s132.379331
197_176,s1.411379,s7.062186,s52.287551
197_177,s8.732657,s1.262203,s207.454388
197_178,s1.440599,s6.237425,s47.363579
197_179,s5.561601,s0.764508,s160.000000
197_180,s7.158669,s0.625933,s245.775682
197_181,s2.565258,s1.573057,s109.866896
197_182,s6.284908,s0.646782,s216.052527
197_183,s1.407341,s5.667691,s100.000000
197_184,s4.292487,s1.293332,s120.000000
197_185,s2.154075,s8.276715,s0.000000
197_186,s1.268233,s5.004759,s68.127725
197_187,s3.252627,s1.122263,s28.859143
197_188,s1.002255,s9.270362,s2.879032
197_189,s1.720957,s3.296377,s180.000000
197_190,s7.981481,s0.900981,s223.262998
197_191,s0.990360,s4.017314,s121.731083
197_192,s10.049415,s2.894792,s300.000000
197_193,s2.891092,s9.622788,s20.000000
197_194,s0.787846,s6.427301,s80.000000
197_195,s3.622472,s0.747674,s100.000000
197_196,s3.965510,s10.117096,s120.000000
198_0,s5.570257,s4.367099,s156.045912
198_1,s6.423851,s4.448505,s206.180148
198_2,s5.692604,s5.441567,s146.259059
198_3,s5.318334,s3.513572,s123.503620
198_4,s5.872409,s3.525967,s172.185046
198_5,s6.203218,s3.985354,s111.625215
198_6,s6.102617,s5.289655,s334.853987
198_7,s6.337976,s4.957631,s245.830198
198_8,s7.038280,s3.332945,s224.211385
198_9,s7.740969,s3.839841,s174.817882
198_10,s6.499292,s3.672798,s185.317027
198_11,s6.092474,s4.519845,s66.172135
198_12,s6.981024,s4.376095,s316.598268
198_13,s4.936769,s4.183714,s172.763098
198_14,s6.637255,s5.480395,s305.629873
198_15,s7.727536,s4.900300,s287.151329
198_16,s7.062649,s3.968118,s222.360085
198_17,s7.477479,s4.348963,s276.686537
198_18,s6.596993,s5.968799,s340.309550
198_19,s5.164300,s5.298334,s64.270949
198_20,s5.859341,s5.740755,s37.588747
198_21,s7.047921,s5.027623,s344.327548
198_22,s3.576305,s2.705844,s159.190633
198_23,s6.047961,s6.265354,s296.109201
198_24,s5.649742,s6.550269,s32.026723
198_25,s7.207120,s6.203847,s15.414033
198_26,s4.817435,s6.290699,s320.426147
198_27,s7.537842,s6.037888,s264.327577
198_28,s8.285486,s3.973640,s170.356629
198_29,s7.525603,s5.494685,s246.083806
198_30,s4.257074,s6.767346,s346.777799
198_31,s9.042907,s3.635092,s207.286011
198_32,s7.940406,s6.605738,s83.689669
198_33,s8.094568,s5.581219,s309.801589
198_34,s7.375986,s7.070599,s289.256917
198_35,s8.244465,s6.310567,s282.302437
198_36,s8.527997,s5.381446,s218.421822
198_37,s6.149137,s6.718931,s345.289643
198_38,s6.693473,s6.913757,s318.427250
198_39,s9.000670,s6.120427,s170.984218
198_40,s8.492964,s3.338040,s249.437534
198_41,s8.376197,s4.517992,s220.498306
198_42,s8.223136,s6.852302,s336.869666
198_43,s6.789911,s7.515394,s38.217527
198_44,s5.021822,s7.010135,s47.065366
198_45,s9.003655,s4.672682,s251.525050
198_46,s8.832093,s7.170870,s21.511714
198_47,s7.522721,s7.505197,s337.243518
198_48,s4.892826,s7.679757,s279.790248
198_49,s9.777392,s10.098751,s243.178299
198_50,s6.987844,s2.817187,s130.359513
198_51,s9.259172,s5.121661,s5.356552
198_52,s9.632109,s8.103776,s13.689823
198_53,s9.209264,s4.196769,s215.283492
198_54,s4.815634,s4.922046,s107.265513
198_55,s8.125569,s7.621141,s19.764960
198_56,s5.676736,s7.133048,s309.022980
198_57,s5.927953,s7.748735,s30.452969
198_58,s4.759138,s5.936109,s117.790990
198_59,s9.037745,s2.716078,s68.804773
198_60,s9.090569,s6.675136,s343.686207
198_61,s6.212182,s2.270810,s69.345801
198_62,s7.009834,s7.909545,s295.314660
198_63,s7.433994,s2.599225,s224.292678
198_64,s9.627313,s5.456602,s297.606551
198_65,s9.957740,s4.297417,s284.188123
198_66,s10.473785,s5.684131,s274.967206
198_67,s9.426102,s6.356618,s229.383757
198_68,s7.876791,s3.049950,s184.183221
198_69,s6.756252,s2.194254,s177.810875
198_70,s4.413979,s5.200645,s67.051797
198_71,s4.623208,s4.349402,s70.380157
198_72,s8.315281,s2.550717,s202.355762
198_73,s9.712348,s3.466723,s270.503291
198_74,s5.834048,s1.893669,s251.626117
198_75,s7.392905,s2.085175,s143.276084
198_76,s4.482135,s3.602268,s36.325632
198_77,s9.571592,s2.901251,s209.319871
198_78,s5.474032,s2.267272,s92.593311
198_79,s3.944494,s7.420602,s166.019064
198_80,s9.651246,s1.337729,s137.242928
198_81,s5.257955,s2.891277,s83.608301
198_82,s3.890318,s4.900150,s27.509791
198_83,s3.955375,s3.759725,s133.487089
198_84,s3.389302,s5.067430,s97.893985
198_85,s4.373959,s6.255133,s83.937296
198_86,s3.695639,s5.838211,s51.937207
198_87,s3.759526,s4.247733,s58.096730
198_88,s5.806602,s1.448679,s135.715203
198_89,s6.628262,s8.208576,s10.683472
198_90,s8.425353,s7.980455,s336.202683
198_91,s4.612999,s2.652564,s171.463499
198_92,s6.057434,s8.428183,s333.848083
198_93,s7.022717,s8.496043,s278.497376
198_94,s9.091912,s7.699289,s351.908428
198_95,s3.526116,s6.555607,s57.675100
198_96,s5.193078,s8.205526,s59.249960
198_97,s4.613360,s9.337712,s335.700198
198_98,s4.249797,s3.250753,s133.134873
198_99,s8.130931,s8.560360,s320.123857
198_100,s2.987549,s5.518011,s132.068309
198_101,s0.773491,s8.577205,s282.082810
198_102,s3.090421,s8.985321,s60.274425
198_103,s6.575513,s9.169301,s358.882203
198_104,s3.336821,s4.067622,s101.834098
198_105,s5.658634,s8.547588,s25.287596
198_106,s2.981100,s4.470006,s76.744234
198_107,s2.790433,s6.559828,s8.335234
198_108,s1.854291,s1.710972,s75.928686
198_109,s7.217677,s9.125470,s230.434429
198_110,s3.409281,s7.185012,s9.331424
198_111,s4.783865,s0.612512,s105.862354
198_112,s4.191762,s2.360360,s110.275221
198_113,s4.344362,s7.614450,s335.997343
198_114,s5.828865,s9.052730,s312.918642
198_115,s5.460978,s9.531990,s38.073709
198_116,s7.797401,s9.080103,s329.930345
198_117,s9.540614,s6.998401,s241.794847
198_118,s9.999842,s6.258934,s290.079996
198_119,s3.450728,s8.197747,s50.790775
198_120,s9.994664,s7.225052,s302.213158
198_121,s9.188705,s1.844650,s184.657840
198_122,s7.166021,s9.425561,s36.427553
198_123,s10.257277,s5.148825,s239.015604
198_124,s8.449661,s9.298500,s344.369125
198_125,s5.027085,s8.799809,s355.086780
198_126,s9.799797,s4.669411,s344.329466
198_127,s9.254334,s10.581181,s133.429985
198_128,s3.867651,s9.412629,s68.965272
198_129,s8.781128,s8.909909,s296.159422
198_130,s9.477924,s7.584323,s292.859425
198_131,s9.039837,s9.543236,s302.714933
198_132,s10.279128,s2.237523,s340.325718
198_133,s6.381733,s1.415315,s152.273798
198_134,s8.094451,s1.876816,s240.385066
198_135,s2.582047,s6.156544,s153.967899
198_136,s2.238754,s5.157905,s70.668829
198_137,s7.524817,s1.596009,s229.191571
198_138,s3.918912,s7.886951,s12.133905
198_139,s1.744070,s4.137891,s72.871909
198_140,s10.847038,s6.076740,s350.828175
198_141,s4.323031,s8.366137,s0.226860
198_142,s8.914035,s2.302761,s253.827764
198_143,s2.451601,s7.302374,s30.002425
198_144,s6.062885,s9.799697,s322.676255
198_145,s2.121190,s6.746584,s102.831933
198_146,s1.534361,s2.370392,s128.902782
198_147,s7.636362,s10.068758,s313.002935
198_148,s9.780632,s9.043322,s187.334249
198_149,s5.668494,s10.018522,s5.785075
198_150,s4.386966,s9.747724,s10.548080
198_151,s3.818856,s8.717092,s35.041927
198_152,s2.523916,s2.637735,s36.631007
198_153,s2.740778,s8.225058,s25.225611
198_154,s4.788587,s1.740489,s160.202986
198_155,s10.411369,s4.022101,s223.562209
198_156,s2.113879,s4.308697,s14.996539
198_157,s2.518497,s3.723655,s80.675154
198_158,s3.202271,s3.605477,s188.045104
198_159,s6.786577,s10.508880,s56.858591
198_160,s3.020859,s7.761289,s79.003583
198_161,s10.300255,s8.060902,s244.773449
198_162,s10.408712,s6.959870,s273.668368
198_163,s2.084438,s6.193601,s116.149935
198_164,s1.809577,s8.741245,s37.349655
198_165,s4.986131,s10.305320,s312.374241
198_166,s1.398984,s3.797455,s144.244647
198_167,s2.679929,s3.291602,s207.131000
198_168,s7.143998,s9.999341,s345.307574
198_169,s1.656254,s4.775904,s116.721034
198_170,s7.054789,s1.258803,s156.304272
198_171,s3.310131,s10.220998,s75.140003
198_172,s2.088453,s9.608085,s85.830651
198_173,s1.868988,s7.291589,s36.722245
198_174,s4.985667,s1.201264,s192.454444
198_175,s4.113079,s1.843958,s132.379331
198_176,s1.397086,s7.062186,s52.287551
198_177,s8.718363,s1.262203,s207.454388
198_178,s1.445242,s6.233980,s47.363579
198_179,s5.547307,s0.764508,s160.000000
198_180,s7.144376,s0.625933,s245.775682
198_181,s2.645230,s1.692446,s109.866896
198_182,s6.270614,s0.646782,s216.052527
198_183,s1.393048,s5.667691,s100.000000
198_184,s4.278194,s1.293332,s120.000000
198_185,s2.139782,s8.276715,s0.000000
198_186,s1.253940,s5.004759,s68.127725
198_187,s3.238334,s1.122263,s28.859143
198_188,s0.987962,s9.270362,s2.879032
198_189,s1.706663,s3.296377,s180.000000
198_190,s7.967188,s0.900981,s223.262998
198_191,s0.976067,s4.017314,s121.731083
198_192,s10.035122,s2.894792,s300.000000
198_193,s2.882477,s9.614224,s20.000000
198_194,s0.787846,s6.424491,s80.000000
198_195,s3.608178,s0.747674,s100.000000
198_196,s3.951217,s10.117096,s120.000000
198_197,s1.033082,s7.829518,s40.000000
199_0,s5.570257,s4.367099,s156.045912
199_1,s6.423851,s4.448505,s206.180148
199_2,s5.692604,s5.441567,s146.259059
199_3,s5.318334,s3.513572,s123.503620
199_4,s5.872409,s3.525967,s172.185046
199_5,s6.203218,s3.985354,s111.625215
199_6,s6.102617,s5.289655,s334.853987
199_7,s6.337976,s4.957631,s245.830198
199_8,s7.038280,s3.332945,s224.211385
199_9,s7.740969,s3.839841,s174.817882
199_10,s6.499292,s3.672798,s185.317027
199_11,s6.092474,s4.519845,s66.172135
199_12,s6.981024,s4.376095,s316.598268
199_13,s4.936769,s4.183714,s172.763098
199_14,s6.637255,s5.480395,s305.629873
199_15,s7.727536,s4.900300,s287.151329
199_16,s7.062649,s3.968118,s222.360085
199_17,s7.477479,s4.348963,s276.686537
199_18,s6.596993,s5.968799,s340.309550
199_19,s5.164300,s5.298334,s64.270949
199_20,s5.859341,s5.740755,s37.588747
199_21,s7.047921,s5.027623,s344.327548
199_22,s3.576305,s2.705844,s159.190633
199_23,s6.047961,s6.265354,s296.109201
199_24,s5.649742,s6.550269,s32.026723
199_25,s7.207120,s6.203847,s15.414033
199_26,s4.817435,s6.290699,s320.426147
199_27,s7.537842,s6.037888,s264.327577
199_28,s8.285486,s3.973640,s170.356629
199_29,s7.525603,s5.494685,s246.083806
199_30,s4.257074,s6.767346,s346.777799
199_31,s9.042907,s3.635092,s207.286011
199_32,s7.940406,s6.605738,s83.689669
199_33,s8.094568,s5.581219,s309.801589
199_34,s7.375986,s7.070599,s289.256917
199_35,s8.244465,s6.310567,s282.302437
199_36,s8.527997,s5.381446,s218.421822
199_37,s6.149137,s6.718931,s345.289643
199_38,s6.693473,s6.913757,s318.427250
199_39,s9.000670,s6.120427,s170.984218
199_40,s8.492964,s3.338040,s249.437534
199_41,s8.376197,s4.517992,s220.498306
199_42,s8.223136,s6.852302,s336.869666
199_43,s6.789911,s7.515394,s38.217527
199_44,s5.021822,s7.010135,s47.065366
199_45,s9.003655,s4.672682,s251.525050
199_46,s8.832093,s7.170870,s21.511714
199_47,s7.522721,s7.505197,s337.243518
199_48,s4.892826,s7.679757,s279.790248
199_49,s9.777392,s10.098751,s243.178299
199_50,s6.987844,s2.817187,s130.359513
199_51,s9.259172,s5.121661,s5.356552
199_52,s9.632109,s8.103776,s13.689823
199_53,s9.209264,s4.196769,s215.283492
199_54,s4.815634,s4.922046,s107.265513
199_55,s8.125569,s7.621141,s19.764960
199_56,s5.676736,s7.133048,s309.022980
199_57,s5.927953,s7.748735,s30.452969
199_58,s4.759138,s5.936109,s117.790990
199_59,s9.037745,s2.716078,s68.804773
199_60,s9.090569,s6.675136,s343.686207
199_61,s6.212182,s2.270810,s69.345801
199_62,s7.009834,s7.909545,s295.314660
199_63,s7.433994,s2.599225,s224.292678
199_64,s9.627313,s5.456602,s297.606551
199_65,s9.957740,s4.297417,s284.188123
199_66,s10.473785,s5.684131,s274.967206
199_67,s9.426102,s6.356618,s229.383757
199_68,s7.876791,s3.049950,s184.183221
199_69,s6.756252,s2.194254,s177.810875
199_70,s4.413979,s5.200645,s67.051797
199_71,s4.623208,s4.349402,s70.380157
199_72,s8.315281,s2.550717,s202.355762
199_73,s9.712348,s3.466723,s270.503291
199_74,s5.834048,s1.893669,s251.626117
199_75,s7.392905,s2.085175,s143.276084
199_76,s4.482135,s3.602268,s36.325632
199_77,s9.571592,s2.901251,s209.319871
199_78,s5.474032,s2.267272,s92.593311
199_79,s3.944494,s7.420602,s166.019064
199_80,s9.651246,s1.337729,s137.242928
199_81,s5.257955,s2.891277,s83.608301
199_82,s3.890318,s4.900150,s27.509791
199_83,s3.955375,s3.759725,s133.487089
199_84,s3.389302,s5.067430,s97.893985
199_85,s4.373959,s6.255133,s83.937296
199_86,s3.695639,s5.838211,s51.937207
199_87,s3.759526,s4.247733,s58.096730
199_88,s5.806602,s1.448679,s135.715203
199_89,s6.628262,s8.208576,s10.683472
199_90,s8.425353,s7.980455,s336.202683
199_91,s4.612999,s2.652564,s171.463499
199_92,s6.057434,s8.428183,s333.848083
199_93,s7.022717,s8.496043,s278.497376
199_94,s9.091912,s7.699289,s351.908428
199_95,s3.526116,s6.555607,s57.675100
199_96,s5.193078,s8.205526,s59.249960
199_97,s4.613360,s9.337712,s335.700198
199_98,s4.249797,s3.250753,s133.134873
199_99,s8.130931,s8.560360,s320.123857
199_100,s2.987549,s5.518011,s132.068309
199_101,s0.773491,s8.577205,s282.082810
199_102,s3.090421,s8.985321,s60.274425
199_103,s6.575513,s9.169301,s358.882203
199_104,s3.336821,s4.067622,s101.834098
199_105,s5.658634,s8.547588,s25.287596
199_106,s2.981100,s4.470006,s76.744234
199_107,s2.790433,s6.559828,s8.335234
199_108,s1.872400,s1.728991,s75.928686
199_109,s7.217677,s9.125470,s230.434429
199_110,s3.409281,s7.185012,s9.331424
199_111,s4.783865,s0.612512,s105.862354
199_112,s4.191762,s2.360360,s110.275221
199_113,s4.344362,s7.614450,s335.997343
199_114,s5.828865,s9.052730,s312.918642
199_115,s5.460978,s9.531990,s38.073709
199_116,s7.797401,s9.080103,s329.930345
199_117,s9.540614,s6.998401,s241.794847
199_118,s9.999842,s6.258934,s290.079996
199_119,s3.450728,s8.197747,s50.790775
199_120,s9.994664,s7.225052,s302.213158
199_121,s9.188705,s1.844650,s184.657840
199_122,s7.166021,s9.425561,s36.427553
199_123,s10.257277,s5.148825,s239.015604
199_124,s8.449661,s9.298500,s344.369125
199_125,s5.027085,s8.799809,s355.086780
199_126,s9.799797,s4.669411,s344.329466
199_127,s9.254334,s10.581181,s133.429985
199_128,s3.867651,s9.412629,s68.965272
199_129,s8.781128,s8.909909,s296.159422
199_130,s9.477924,s7.584323,s292.859425
199_131,s9.039837,s9.543236,s302.714933
199_132,s10.279128,s2.237523,s340.325718
199_133,s6.381733,s1.415315,s152.273798
199_134,s8.094451,s1.876816,s240.385066
199_135,s2.582047,s6.156544,s153.967899
199_136,s2.238754,s5.157905,s70.668829
199_137,s7.524817,s1.596009,s229.191571
199_138,s3.918912,s7.886951,s12.133905
199_139,s1.744070,s4.137891,s72.871909
199_140,s10.847038,s6.076740,s350.828175
199_141,s4.323031,s8.366137,s0.226860
199_142,s8.914035,s2.302761,s253.827764
199_143,s2.451601,s7.302374,s30.002425
199_144,s6.061298,s9.783630,s322.676255
199_145,s2.121190,s6.746584,s102.831933
199_146,s1.544274,s2.377892,s128.902782
199_147,s7.636362,s10.068758,s313.002935
199_148,s9.780632,s9.043322,s187.334249
199_149,s5.668321,s9.994707,s5.785075
199_150,s4.386966,s9.747724,s10.548080
199_151,s3.818856,s8.717092,s35.041927
199_152,s2.523916,s2.637735,s36.631007
199_153,s2.740778,s8.225058,s25.225611
199_154,s4.791421,s1.752978,s160.202986
199_155,s10.399619,s4.025671,s223.562209
199_156,s2.113879,s4.308697,s14.996539
199_157,s2.518497,s3.723655,s80.675154
199_158,s3.202271,s3.605477,s188.045104
199_159,s6.786577,s10.508880,s56.858591
199_160,s3.020859,s7.761289,s79.003583
199_161,s10.300255,s8.060902,s244.773449
199_162,s10.408712,s6.959870,s273.668368
199_163,s2.084438,s6.193601,s116.149935
199_164,s1.809577,s8.741245,s37.349655
199_165,s4.986131,s10.305320,s312.374241
199_166,s1.398984,s3.797455,s144.244647
199_167,s2.679929,s3.291602,s207.131000
199_168,s7.143998,s9.999341,s345.307574
199_169,s1.656254,s4.775904,s116.721034
199_170,s7.054789,s1.258803,s156.304272
199_171,s3.310131,s10.220998,s75.140003
199_172,s2.100897,s9.593577,s85.830651
199_173,s1.868988,s7.291589,s36.722245
199_174,s4.985667,s1.201264,s192.454444
199_175,s4.113079,s1.843958,s132.379331
199_176,s1.397086,s7.062186,s52.287551
199_177,s8.705695,s1.279506,s207.454388
199_178,s1.445242,s6.233980,s47.363579
199_179,s5.547307,s0.764508,s160.000000
199_180,s7.144376,s0.625933,s245.775682
199_181,s2.645230,s1.692446,s109.866896
199_182,s6.270614,s0.646782,s216.052527
199_183,s1.393048,s5.667691,s100.000000
199_184,s4.278194,s1.293332,s120.000000
199_185,s2.139782,s8.276715,s0.000000
199_186,s1.253940,s5.004759,s68.127725
199_187,s3.238334,s1.122263,s28.859143
199_188,s0.997198,s9.262815,s2.879032
199_189,s1.718581,s3.302980,s180.000000
199_190,s7.962495,s0.910181,s223.262998
199_191,s0.976067,s4.017314,s121.731083
199_192,s10.035122,s2.894792,s300.000000
199_193,s2.882477,s9.614224,s20.000000
199_194,s0.787846,s6.424491,s80.000000
199_195,s3.608178,s0.747674,s100.000000
199_196,s3.951217,s10.117096,s120.000000
199_197,s1.051770,s7.819950,s40.000000
199_198,s0.593097,s4.283360,s20.000000
200_0,s5.570257,s4.513671,s156.045912
200_1,s6.423851,s4.595077,s206.180148
200_2,s5.692604,s5.588138,s146.259059
200_3,s5.318334,s3.660143,s123.503620
200_4,s5.872409,s3.672539,s172.185046
200_5,s6.203218,s4.131926,s111.625215
200_6,s6.102617,s5.436227,s334.853987
200_7,s6.337976,s5.104203,s245.830198
200_8,s7.038280,s3.479516,s224.211385
200_9,s7.740969,s3.986412,s174.817882
200_10,s6.499292,s3.819370,s185.317027
200_11,s6.092474,s4.666416,s66.172135
200_12,s6.981024,s4.522666,s316.598268
200_13,s4.936769,s4.330286,s172.763098
200_14,s6.637255,s5.626967,s305.629873
200_15,s7.727536,s5.046871,s287.151329
200_16,s7.062649,s4.114690,s222.360085
200_17,s7.477479,s4.495534,s276.686537
200_18,s6.596993,s6.115371,s340.309550
200_19,s5.164300,s5.444906,s64.270949
200_20,s5.859341,s5.887327,s37.588747
200_21,s7.047921,s5.174195,s344.327548
200_22,s3.576305,s2.852415,s159.190633
200_23,s6.047961,s6.411926,s296.109201
200_24,s5.649742,s6.696841,s32.026723
200_25,s7.207120,s6.350419,s15.414033
200_26,s4.817435,s6.437271,s320.426147
200_27,s7.537842,s6.184460,s264.327577
200_28,s8.285486,s4.120212,s170.356629
200_29,s7.525603,s5.641257,s246.083806
200_30,s4.257074,s6.913918,s346.777799
200_31,s9.042907,s3.781663,s207.286011
200_32,s7.940406,s6.752310,s83.689669
200_33,s8.094568,s5.727791,s309.801589
200_34,s7.375986,s7.217170,s289.256917
200_35,s8.244465,s6.457138,s282.302437
200_36,s8.527997,s5.528018,s218.421822
200_37,s6.149137,s6.865502,s345.289643
200_38,s6.693473,s7.060329,s318.427250
200_39,s9.000670,s6.266999,s170.984218
200_40,s8.492964,s3.484612,s249.437534
200_41,s8.376197,s4.664563,s220.498306
200_42,s8.223136,s6.998874,s336.869666
200_43,s6.789911,s7.661966,s38.217527
200_44,s5.021822,s7.156707,s47.065366
200_45,s9.003655,s4.819253,s251.525050
200_46,s8.832093,s7.317441,s21.511714
200_47,s7.522721,s7.651769,s337.243518
200_48,s4.892826,s7.826329,s279.790248
200_49,s9.777392,s10.245322,s243.178299
200_50,s6.987844,s2.963759,s130.359513
200_51,s9.259172,s5.268233,s5.356552
200_52,s9.632109,s8.250348,s13.689823
200_53,s9.209264,s4.343341,s215.283492
200_54,s4.815634,s5.068618,s107.265513
200_55,s8.125569,s7.767713,s19.764960
200_56,s5.676736,s7.279620,s309.022980
200_57,s5.927953,s7.895307,s30.452969
200_58,s4.759138,s6.082681,s117.790990
200_59,s9.037745,s2.862650,s68.804773
200_60,s9.090569,s6.821708,s343.686207
200_61,s6.212182,s2.417381,s69.345801
200_62,s7.009834,s8.056116,s295.314660
200_63,s7.433994,s2.745797,s224.292678
200_64,s9.627313,s5.603174,s297.606551
200_65,s9.957740,s4.443989,s284.188123
200_66,s10.473785,s5.830703,s274.967206
200_67,s9.426102,s6.503189,s229.383757
200_68,s7.876791,s3.196522,s184.183221
200_69,s6.756252,s2.340826,s177.810875
200_70,s4.413979,s5.347216,s67.051797
200_71,s4.623208,s4.495974,s70.380157
200_72,s8.315281,s2.697288,s202.355762
200_73,s9.712348,s3.613295,s270.503291
200_74,s5.834048,s2.040240,s251.626117
200_75,s7.392905,s2.231747,s143.276084
200_76,s4.482135,s3.748840,s36.325632
200_77,s9.571592,s3.047823,s209.319871
200_78,s5.474032,s2.413844,s92.593311
200_79,s3.944494,s7.567173,s166.019064
200_80,s9.651246,s1.484301,s137.242928
200_81,s5.257955,s3.037849,s83.608301
200_82,s3.890318,s5.046722,s27.509791
200_83,s3.955375,s3.906296,s133.487089
200_84,s3.389302,s5.214001,s97.893985
200_85,s4.373959,s6.401705,s83.937296
200_86,s3.695639,s5.984782,s51.937207
200_87,s3.759526,s4.394305,s58.096730
200_88,s5.806602,s1.595251,s135.715203
200_89,s6.628262,s8.355148,s10.683472
200_90,s8.425353,s8.127026,s336.202683
200_91,s4.612999,s2.799136,s171.463499
200_92,s6.057434,s8.574755,s333.848083
200_93,s7.022717,s8.642615,s278.497376
200_94,s9.091912,s7.845861,s351.908428
200_95,s3.526116,s6.702179,s57.675100
200_96,s5.193078,s8.352098,s59.249960
200_97,s4.613360,s9.484284,s335.700198
200_98,s4.249797,s3.397325,s133.134873
200_99,s8.130931,s8.706932,s320.123857
200_100,s2.987549,s5.664582,s132.068309
200_101,s0.773491,s8.723777,s282.082810
200_102,s3.090421,s9.131893,s60.274425
200_103,s6.575513,s9.315873,s358.882203
200_104,s3.336821,s4.214194,s101.834098
200_105,s5.658634,s8.694159,s25.287596
200_106,s2.981100,s4.616578,s76.744234
200_107,s2.790433,s6.706400,s8.335234
200_108,s1.872400,s1.875563,s75.928686
200_109,s7.217677,s9.272042,s230.434429
200_110,s3.409281,s7.331584,s9.331424
200_111,s4.783865,s0.759084,s105.862354
200_112,s4.191762,s2.506932,s110.275221
200_113,s4.344362,s7.761021,s335.997343
200_114,s5.828865,s9.199302,s312.918642
200_115,s5.460978,s9.678562,s38.073709
200_116,s7.797401,s9.226674,s329.930345
200_117,s9.540614,s7.144973,s241.794847
200_118,s9.999842,s6.405505,s290.079996
200_119,s3.450728,s8.344319,s50.790775
200_120,s9.994664,s7.371624,s302.213158
200_121,s9.188705,s1.991222,s184.657840
200_122,s7.166021,s9.572133,s36.427553
200_123,s10.257277,s5.295397,s239.015604
200_124,s8.449661,s9.445072,s344.369125
200_125,s5.027085,s8.946380,s355.086780
200_126,s9.799797,s4.815982,s344.329466
200_127,s9.254334,s10.727752,s133.429985
200_128,s3.867651,s9.559200,s68.965272
200_129,s8.781128,s9.056480,s296.159422
200_130,s9.477924,s7.730895,s292.859425
200_131,s9.039837,s9.689808,s302.714933
200_132,s10.279128,s2.384094,s340.325718
200_133,s6.381733,s1.561887,s152.273798
200_134,s8.094451,s2.023387,s240.385066
200_135,s2.582047,s6.303116,s153.967899
200_136,s2.238754,s5.304477,s70.668829
200_137,s7.524817,s1.742581,s229.191571
200_138,s3.918912,s8.033523,s12.133905
200_139,s1.744070,s4.284462,s72.871909
200_140,s10.847038,s6.223311,s350.828175
200_141,s4.323031,s8.512709,s0.226860
200_142,s8.914035,s2.449332,s253.827764
200_143,s2.451601,s7.448946,s30.002425
200_144,s6.061298,s9.930202,s322.676255
200_145,s2.121190,s6.893156,s102.831933
200_146,s1.544274,s2.524464,s128.902782
200_147,s7.636362,s10.215329,s313.002935
200_148,s9.780632,s9.189894,s187.334249
200_149,s5.668321,s10.141278,s5.785075
200_150,s4.386966,s9.894295,s10.548080
200_151,s3.818856,s8.863664,s35.041927
200_152,s2.523916,s2.784307,s36.631007
200_153,s2.740778,s8.371630,s25.225611
200_154,s4.791421,s1.899550,s160.202986
200_155,s10.399619,s4.172243,s223.562209
200_156,s2.113879,s4.455269,s14.996539
200_157,s2.518497,s3.870226,s80.675154
200_158,s3.202271,s3.752048,s188.045104
200_159,s6.786577,s10.655452,s56.858591
200_160,s3.020859,s7.907860,s79.003583
200_161,s10.300255,s8.207473,s244.773449
200_162,s10.408712,s7.106441,s273.668368
200_163,s2.084438,s6.340172,s116.149935
200_164,s1.809577,s8.887817,s37.349655
200_165,s4.988682,s10.432572,s312.374241
200_166,s1.398984,s3.944026,s144.244647
200_167,s2.679929,s3.438174,s207.131000
200_168,s7.143998,s10.145913,s345.307574
200_169,s1.656254,s4.922475,s116.721034
200_170,s7.054789,s1.405374,s156.304272
200_171,s3.310131,s10.367570,s75.140003
200_172,s2.129769,s9.705808,s85.830651
200_173,s1.868988,s7.438160,s36.722245
200_174,s4.985667,s1.347836,s192.454444
200_175,s4.113079,s1.990529,s132.379331
200_176,s1.397086,s7.208758,s52.287551
200_177,s8.705695,s1.426078,s207.454388
200_178,s1.445242,s6.380552,s47.363579
200_179,s5.547307,s0.911080,s160.000000
200_180,s7.144376,s0.772505,s245.775682
200_181,s2.645230,s1.839018,s109.866896
200_182,s6.270614,s0.793354,s216.052527
200_183,s1.393048,s5.814263,s100.000000
200_184,s4.278194,s1.439904,s120.000000
200_185,s2.139782,s8.423286,s0.000000
200_186,s1.253940,s5.151331,s68.127725
200_187,s3.238334,s1.268834,s28.859143
200_188,s0.997198,s9.409387,s2.879032
200_189,s1.718581,s3.449551,s180.000000
200_190,s7.962495,s1.056753,s223.262998
200_191,s0.976067,s4.163886,s121.731083
200_192,s10.035122,s3.041364,s300.000000
200_193,s2.882477,s9.760796,s20.000000
200_194,s0.787846,s6.571063,s80.000000
200_195,s3.608178,s0.894246,s100.000000
200_196,s3.951217,s10.263668,s120.000000
200_197,s1.051770,s7.966522,s40.000000
200_198,s0.593097,s4.429932,s20.000000
200_199,s5.954418,s0.400000,s120.000000
